[{"AnalyzeTableCharacterConversionRate":"AnalyzeTableFullyConvertedOccurrences","0":"0"},{"AnalyzeTableCharacterConversionRate":"AnalyzeTableLoCConversionRate","0":"0"},{"AnalyzeTableCharacterConversionRate":"AnalyzeTableObjectConversionRate","0":"0"},{"AnalyzeTableCharacterConversionRate":"AnalyzeTableTotalCharacters","0":"0"},{"AnalyzeTableCharacterConversionRate":"AnalyzeTableTotalConversionErrors","0":"0"},{"AnalyzeTableCharacterConversionRate":"AnalyzeTableTotalLinesOfCode","0":"0"},{"AnalyzeTableCharacterConversionRate":"AnalyzeTableTotalOccurrences","0":"0"},{"AnalyzeTableCharacterConversionRate":"AnalyzeTableTotalParsingErrors","0":"0"},{"AnalyzeTableCharacterConversionRate":"AnalyzeTableTotalWarnings","0":"0"},{"AnalyzeTableCharacterConversionRate":"AppVersion","0":"8.0.19.0"},{"AnalyzeTableCharacterConversionRate":"BasicCursor","0":"0"},{"AnalyzeTableCharacterConversionRate":"CloseSession","0":"2025/07/15 11.20.33 +07:00"},{"AnalyzeTableCharacterConversionRate":"CodeCompletenessScore","0":"0"},{"AnalyzeTableCharacterConversionRate":"CodeUnitsOutOfScope","0":"0"},{"AnalyzeTableCharacterConversionRate":"CodeUnitsOutOfScopePercentage","0":"0"},{"AnalyzeTableCharacterConversionRate":"ConversionSpeed","0":"0"},{"AnalyzeTableCharacterConversionRate":"CoreVersion","0":"30.3.13"},{"AnalyzeTableCharacterConversionRate":"CreateSession","0":"2025/07/15 11.20.19 +07:00"},{"AnalyzeTableCharacterConversionRate":"CursorForUpdate","0":"0"},{"AnalyzeTableCharacterConversionRate":"CursorsWithVariablesOrParameters","0":"0"},{"AnalyzeTableCharacterConversionRate":"DynamicExecuteStatements","0":"0"},{"AnalyzeTableCharacterConversionRate":"DynamicProcedureCallStatements","0":"0"},{"AnalyzeTableCharacterConversionRate":"DynamicTotalStatements","0":"0"},{"AnalyzeTableCharacterConversionRate":"DynamicTotalTables","0":"0"},{"AnalyzeTableCharacterConversionRate":"DynamicTotalViews","0":"0"},{"AnalyzeTableCharacterConversionRate":"ElapsedTime","0":"00:00:13"},{"AnalyzeTableCharacterConversionRate":"EndConversion","0":"2025/07/15 11.20.33 +07:00"},{"AnalyzeTableCharacterConversionRate":"ExtensibilityAPI_Version","0":"0"},{"AnalyzeTableCharacterConversionRate":"ExternalRulesCount","0":"0"},{"AnalyzeTableCharacterConversionRate":"ExternalRulesExecuted","0":"0"},{"AnalyzeTableCharacterConversionRate":"ExternalTableCharacterConversionRate","0":"0"},{"AnalyzeTableCharacterConversionRate":"ExternalTableFullyConvertedOccurrences","0":"0"},{"AnalyzeTableCharacterConversionRate":"ExternalTableLoCConversionRate","0":"0"},{"AnalyzeTableCharacterConversionRate":"ExternalTableObjectConversionRate","0":"0"},{"AnalyzeTableCharacterConversionRate":"ExternalTableTotalCharacters","0":"0"},{"AnalyzeTableCharacterConversionRate":"ExternalTableTotalConversionErrors","0":"0"},{"AnalyzeTableCharacterConversionRate":"ExternalTableTotalLinesOfCode","0":"0"},{"AnalyzeTableCharacterConversionRate":"ExternalTableTotalOccurrences","0":"0"},{"AnalyzeTableCharacterConversionRate":"ExternalTableTotalParsingErrors","0":"0"},{"AnalyzeTableCharacterConversionRate":"ExternalTableTotalWarnings","0":"0"},{"AnalyzeTableCharacterConversionRate":"FetchInLoop","0":"0"},{"AnalyzeTableCharacterConversionRate":"FetchStatement","0":"0"},{"AnalyzeTableCharacterConversionRate":"FilesWithUnexpectedEncoding","0":"0"},{"AnalyzeTableCharacterConversionRate":"FillSymbolStep1Time","0":"0"},{"AnalyzeTableCharacterConversionRate":"FillSymbolStep2Time","0":"0"},{"AnalyzeTableCharacterConversionRate":"FullyConvertedCodeUnitsRate","0":"0"},{"AnalyzeTableCharacterConversionRate":"FunctionalDifferenceMessages","0":"0"},{"AnalyzeTableCharacterConversionRate":"FunctionCharacterConversionRate","0":"0"},{"AnalyzeTableCharacterConversionRate":"FunctionFullyConvertedOccurrences","0":"0"},{"AnalyzeTableCharacterConversionRate":"FunctionLoCConversionRate","0":"0"},{"AnalyzeTableCharacterConversionRate":"FunctionObjectConversionRate","0":"0"},{"AnalyzeTableCharacterConversionRate":"FunctionsWithBasicCursor","0":"0"},{"AnalyzeTableCharacterConversionRate":"FunctionsWithCursorForUpdate","0":"0"},{"AnalyzeTableCharacterConversionRate":"FunctionsWithCursorsWithVariablesOrParameters","0":"0"},{"AnalyzeTableCharacterConversionRate":"FunctionsWithDynamicExecuteStatements","0":"0"},{"AnalyzeTableCharacterConversionRate":"FunctionsWithFetchInLoop","0":"0"},{"AnalyzeTableCharacterConversionRate":"FunctionsWithFetchStatement","0":"0"},{"AnalyzeTableCharacterConversionRate":"FunctionTotalCharacters","0":"0"},{"AnalyzeTableCharacterConversionRate":"FunctionTotalConversionErrors","0":"0"},{"AnalyzeTableCharacterConversionRate":"FunctionTotalLinesOfCode","0":"0"},{"AnalyzeTableCharacterConversionRate":"FunctionTotalOccurrences","0":"0"},{"AnalyzeTableCharacterConversionRate":"FunctionTotalParsingErrors","0":"0"},{"AnalyzeTableCharacterConversionRate":"FunctionTotalWarnings","0":"0"},{"AnalyzeTableCharacterConversionRate":"GrantStatementLinesOfCode","0":"0"},{"AnalyzeTableCharacterConversionRate":"GrantStatements","0":"0"},{"AnalyzeTableCharacterConversionRate":"InvalidEncodings","0":"0"},{"AnalyzeTableCharacterConversionRate":"InvalidExtensions","0":"0"},{"AnalyzeTableCharacterConversionRate":"InvalidSystemObjects","0":"0"},{"AnalyzeTableCharacterConversionRate":"LicenseData","0":"299aef10-f1f0-4402-b8cc-aa8e949ecd87"},{"AnalyzeTableCharacterConversionRate":"MaterializedViewCharacterConversionRate","0":"0"},{"AnalyzeTableCharacterConversionRate":"MaterializedViewFullyConvertedOccurrences","0":"0"},{"AnalyzeTableCharacterConversionRate":"MaterializedViewLoCConversionRate","0":"0"},{"AnalyzeTableCharacterConversionRate":"MaterializedViewObjectConversionRate","0":"0"},{"AnalyzeTableCharacterConversionRate":"MaterializedViewTotalCharacters","0":"0"},{"AnalyzeTableCharacterConversionRate":"MaterializedViewTotalConversionErrors","0":"0"},{"AnalyzeTableCharacterConversionRate":"MaterializedViewTotalLinesOfCode","0":"0"},{"AnalyzeTableCharacterConversionRate":"MaterializedViewTotalOccurrences","0":"0"},{"AnalyzeTableCharacterConversionRate":"MaterializedViewTotalParsingErrors","0":"0"},{"AnalyzeTableCharacterConversionRate":"MaterializedViewTotalWarnings","0":"0"},{"AnalyzeTableCharacterConversionRate":"ObjectConversionRate","0":"0"},{"AnalyzeTableCharacterConversionRate":"ObjectsSuccessfullyConverted","0":"0"},{"AnalyzeTableCharacterConversionRate":"OSVersion","0":"Unix 15.5.0"},{"AnalyzeTableCharacterConversionRate":"OtherCriticalIssues","0":"0"},{"AnalyzeTableCharacterConversionRate":"ParsingTime","0":"0"},{"AnalyzeTableCharacterConversionRate":"PartitionKey","0":"b1fb77a9-958a-495d-82c1-be5dfafc0af9"},{"AnalyzeTableCharacterConversionRate":"PerformanceReviews","0":"0"},{"AnalyzeTableCharacterConversionRate":"PreConversionAssessmentTime","0":"0"},{"AnalyzeTableCharacterConversionRate":"PreprocessingTime","0":"0"},{"AnalyzeTableCharacterConversionRate":"ProcedureCharacterConversionRate","0":"0"},{"AnalyzeTableCharacterConversionRate":"ProcedureCursorOccurrences","0":"0"},{"AnalyzeTableCharacterConversionRate":"ProcedureFullyConvertedOccurrences","0":"0"},{"AnalyzeTableCharacterConversionRate":"ProcedureLoCConversionRate","0":"0"},{"AnalyzeTableCharacterConversionRate":"ProcedureLoopOccurrences","0":"0"},{"AnalyzeTableCharacterConversionRate":"ProcedureObjectConversionRate","0":"0"},{"AnalyzeTableCharacterConversionRate":"ProceduresWithBasicCursor","0":"0"},{"AnalyzeTableCharacterConversionRate":"ProceduresWithCursorForUpdate","0":"0"},{"AnalyzeTableCharacterConversionRate":"ProceduresWithCursorsWithVariablesOrParameters","0":"0"},{"AnalyzeTableCharacterConversionRate":"ProceduresWithDynamicExecuteStatements","0":"0"},{"AnalyzeTableCharacterConversionRate":"ProceduresWithFetchInLoop","0":"0"},{"AnalyzeTableCharacterConversionRate":"ProceduresWithFetchStatement","0":"0"},{"AnalyzeTableCharacterConversionRate":"ProcedureTotalCharacters","0":"0"},{"AnalyzeTableCharacterConversionRate":"ProcedureTotalConversionErrors","0":"0"},{"AnalyzeTableCharacterConversionRate":"ProcedureTotalLinesOfCode","0":"0"},{"AnalyzeTableCharacterConversionRate":"ProcedureTotalOccurrences","0":"0"},{"AnalyzeTableCharacterConversionRate":"ProcedureTotalParsingErrors","0":"0"},{"AnalyzeTableCharacterConversionRate":"ProcedureTotalWarnings","0":"0"},{"AnalyzeTableCharacterConversionRate":"ProductName","0":"Snowflake Snow Conversion Tool 30.3.13+Branch.master.Sha.a9bb6674044d66e93c5e797eb6797a8f8ed81a33"},{"AnalyzeTableCharacterConversionRate":"ResolveDependencyTime","0":"0"},{"AnalyzeTableCharacterConversionRate":"RunAsAdmin","0":"Data not provided"},{"AnalyzeTableCharacterConversionRate":"SnowScript","0":"True"},{"AnalyzeTableCharacterConversionRate":"SourceLanguage","0":"Databricks"},{"AnalyzeTableCharacterConversionRate":"SqlCharacterConversionRate","0":"0"},{"AnalyzeTableCharacterConversionRate":"SqlFileCount","0":"0"},{"AnalyzeTableCharacterConversionRate":"SqlFilesConversionRate","0":"0"},{"AnalyzeTableCharacterConversionRate":"SqlFilesNotGenerated","0":"0"},{"AnalyzeTableCharacterConversionRate":"SqlFullyConvertedOccurrences","0":"0"},{"AnalyzeTableCharacterConversionRate":"SqlFunctionCharacterConversionRate","0":"0"},{"AnalyzeTableCharacterConversionRate":"SqlFunctionFullyConvertedOccurrences","0":"0"},{"AnalyzeTableCharacterConversionRate":"SqlFunctionLoCConversionRate","0":"0"},{"AnalyzeTableCharacterConversionRate":"SqlFunctionObjectConversionRate","0":"0"},{"AnalyzeTableCharacterConversionRate":"SqlFunctionTotalCharacters","0":"0"},{"AnalyzeTableCharacterConversionRate":"SqlFunctionTotalConversionErrors","0":"0"},{"AnalyzeTableCharacterConversionRate":"SqlFunctionTotalLinesOfCode","0":"0"},{"AnalyzeTableCharacterConversionRate":"SqlFunctionTotalOccurrences","0":"0"},{"AnalyzeTableCharacterConversionRate":"SqlFunctionTotalParsingErrors","0":"0"},{"AnalyzeTableCharacterConversionRate":"SqlFunctionTotalWarnings","0":"0"},{"AnalyzeTableCharacterConversionRate":"SqlLinesCount","0":"0"},{"AnalyzeTableCharacterConversionRate":"SqlLoCConversionRate","0":"0"},{"AnalyzeTableCharacterConversionRate":"SqlProcedureCharacterConversionRate","0":"0"},{"AnalyzeTableCharacterConversionRate":"SqlProcedureFullyConvertedOccurrences","0":"0"},{"AnalyzeTableCharacterConversionRate":"SqlProcedureLoCConversionRate","0":"0"},{"AnalyzeTableCharacterConversionRate":"SqlProcedureObjectConversionRate","0":"0"},{"AnalyzeTableCharacterConversionRate":"SqlProcedureTotalCharacters","0":"0"},{"AnalyzeTableCharacterConversionRate":"SqlProcedureTotalConversionErrors","0":"0"},{"AnalyzeTableCharacterConversionRate":"SqlProcedureTotalLinesOfCode","0":"0"},{"AnalyzeTableCharacterConversionRate":"SqlProcedureTotalOccurrences","0":"0"},{"AnalyzeTableCharacterConversionRate":"SqlProcedureTotalParsingErrors","0":"0"},{"AnalyzeTableCharacterConversionRate":"SqlProcedureTotalWarnings","0":"0"},{"AnalyzeTableCharacterConversionRate":"SqlSizeMB","0":"0"},{"AnalyzeTableCharacterConversionRate":"SqlTableCharacterConversionRate","0":"0"},{"AnalyzeTableCharacterConversionRate":"SqlTableFullyConvertedOccurrences","0":"0"},{"AnalyzeTableCharacterConversionRate":"SqlTableLoCConversionRate","0":"0"},{"AnalyzeTableCharacterConversionRate":"SqlTableObjectConversionRate","0":"0"},{"AnalyzeTableCharacterConversionRate":"SqlTableTotalCharacters","0":"0"},{"AnalyzeTableCharacterConversionRate":"SqlTableTotalConversionErrors","0":"0"},{"AnalyzeTableCharacterConversionRate":"SqlTableTotalLinesOfCode","0":"0"},{"AnalyzeTableCharacterConversionRate":"SqlTableTotalOccurrences","0":"0"},{"AnalyzeTableCharacterConversionRate":"SqlTableTotalParsingErrors","0":"0"},{"AnalyzeTableCharacterConversionRate":"SqlTableTotalWarnings","0":"0"},{"AnalyzeTableCharacterConversionRate":"SqlTotalCharacters","0":"0"},{"AnalyzeTableCharacterConversionRate":"SqlTotalConversionErrors","0":"0"},{"AnalyzeTableCharacterConversionRate":"SqlTotalOccurrences","0":"0"},{"AnalyzeTableCharacterConversionRate":"SqlTotalParsingErrors","0":"0"},{"AnalyzeTableCharacterConversionRate":"SqlTotalWarnings","0":"0"},{"AnalyzeTableCharacterConversionRate":"SqlUnrecognizedElementsLOC","0":"0"},{"AnalyzeTableCharacterConversionRate":"SqlViewCharacterConversionRate","0":"0"},{"AnalyzeTableCharacterConversionRate":"SqlViewFullyConvertedOccurrences","0":"0"},{"AnalyzeTableCharacterConversionRate":"SqlViewLoCConversionRate","0":"0"},{"AnalyzeTableCharacterConversionRate":"SqlViewObjectConversionRate","0":"0"},{"AnalyzeTableCharacterConversionRate":"SqlViewTotalCharacters","0":"0"},{"AnalyzeTableCharacterConversionRate":"SqlViewTotalConversionErrors","0":"0"},{"AnalyzeTableCharacterConversionRate":"SqlViewTotalLinesOfCode","0":"0"},{"AnalyzeTableCharacterConversionRate":"SqlViewTotalOccurrences","0":"0"},{"AnalyzeTableCharacterConversionRate":"SqlViewTotalParsingErrors","0":"0"},{"AnalyzeTableCharacterConversionRate":"SqlViewTotalWarnings","0":"0"},{"AnalyzeTableCharacterConversionRate":"StartConversion","0":"2025/07/15 11.20.19 +07:00"},{"AnalyzeTableCharacterConversionRate":"SystemCPU","0":"Data not provided"},{"AnalyzeTableCharacterConversionRate":"SystemRAM","0":"Data not provided"},{"AnalyzeTableCharacterConversionRate":"TableCharacterConversionRate","0":"0"},{"AnalyzeTableCharacterConversionRate":"TableFullyConvertedOccurrences","0":"0"},{"AnalyzeTableCharacterConversionRate":"TableLoCConversionRate","0":"0"},{"AnalyzeTableCharacterConversionRate":"TableObjectConversionRate","0":"0"},{"AnalyzeTableCharacterConversionRate":"TableTotalCharacters","0":"0"},{"AnalyzeTableCharacterConversionRate":"TableTotalConversionErrors","0":"0"},{"AnalyzeTableCharacterConversionRate":"TableTotalLinesOfCode","0":"0"},{"AnalyzeTableCharacterConversionRate":"TableTotalOccurrences","0":"0"},{"AnalyzeTableCharacterConversionRate":"TableTotalParsingErrors","0":"0"},{"AnalyzeTableCharacterConversionRate":"TableTotalWarnings","0":"0"},{"AnalyzeTableCharacterConversionRate":"TotalCharacterConversionRate","0":"0"},{"AnalyzeTableCharacterConversionRate":"TotalCodeUnits","0":"0"},{"AnalyzeTableCharacterConversionRate":"TotalConversionErrors","0":"0"},{"AnalyzeTableCharacterConversionRate":"TotalConvertedLines","0":"0"},{"AnalyzeTableCharacterConversionRate":"TotalErrors","0":"0"},{"AnalyzeTableCharacterConversionRate":"TotalFiles","0":"0"},{"AnalyzeTableCharacterConversionRate":"TotalFilesNotGenerated","0":"0"},{"AnalyzeTableCharacterConversionRate":"TotalIdentifiedObjects","0":"0"},{"AnalyzeTableCharacterConversionRate":"TotalInvalidFiles","0":"0"},{"AnalyzeTableCharacterConversionRate":"TotalLinesOfCode","0":"4"},{"AnalyzeTableCharacterConversionRate":"TotalLoCConversionRate","0":"0"},{"AnalyzeTableCharacterConversionRate":"TotalMissingObjectReferences","0":"0"},{"AnalyzeTableCharacterConversionRate":"TotalNonParsingTransformationExceptions","0":"0"},{"AnalyzeTableCharacterConversionRate":"TotalOtherEWIs","0":"0"},{"AnalyzeTableCharacterConversionRate":"TotalParsingErrors","0":"0"},{"AnalyzeTableCharacterConversionRate":"TotalParsingEWIs","0":"0"},{"AnalyzeTableCharacterConversionRate":"TotalSize","0":"0KB"},{"AnalyzeTableCharacterConversionRate":"TotalValidatedFiles","0":"0"},{"AnalyzeTableCharacterConversionRate":"TotalWarnings","0":"0"},{"AnalyzeTableCharacterConversionRate":"TransformationTime","0":"0"},{"AnalyzeTableCharacterConversionRate":"TriggerLinesOfCode","0":"0"},{"AnalyzeTableCharacterConversionRate":"Triggers","0":"0"},{"AnalyzeTableCharacterConversionRate":"UniqueFDMs","0":"0"},{"AnalyzeTableCharacterConversionRate":"UniqueMissingObjectReferences","0":"0"},{"AnalyzeTableCharacterConversionRate":"UniqueOtherCriticalIssues","0":"0"},{"AnalyzeTableCharacterConversionRate":"UniqueParsingIssues","0":"0"},{"AnalyzeTableCharacterConversionRate":"UniquePRFs","0":"0"},{"AnalyzeTableCharacterConversionRate":"UnrecognizedElements","0":"0"},{"AnalyzeTableCharacterConversionRate":"UnrecognizedElementsLOC","0":"0"},{"AnalyzeTableCharacterConversionRate":"UnScopeCFunctionsLoC","0":"0"},{"AnalyzeTableCharacterConversionRate":"UnScopeCFunctionsObjects","0":"0"},{"AnalyzeTableCharacterConversionRate":"UnScopeCProceduresLoC","0":"0"},{"AnalyzeTableCharacterConversionRate":"UnScopeCProceduresObjects","0":"0"},{"AnalyzeTableCharacterConversionRate":"UnScopeJavaFunctionsLoC","0":"0"},{"AnalyzeTableCharacterConversionRate":"UnScopeJavaFunctionsObjects","0":"0"},{"AnalyzeTableCharacterConversionRate":"UnScopeJavaProceduresLoC","0":"0"},{"AnalyzeTableCharacterConversionRate":"UnScopeJavaProceduresObjects","0":"0"},{"AnalyzeTableCharacterConversionRate":"ViewCharacterConversionRate","0":"0"},{"AnalyzeTableCharacterConversionRate":"ViewFullyConvertedOccurrences","0":"0"},{"AnalyzeTableCharacterConversionRate":"ViewLoCConversionRate","0":"0"},{"AnalyzeTableCharacterConversionRate":"ViewObjectConversionRate","0":"0"},{"AnalyzeTableCharacterConversionRate":"ViewTotalCharacters","0":"0"},{"AnalyzeTableCharacterConversionRate":"ViewTotalConversionErrors","0":"0"},{"AnalyzeTableCharacterConversionRate":"ViewTotalLinesOfCode","0":"0"},{"AnalyzeTableCharacterConversionRate":"ViewTotalOccurrences","0":"0"},{"AnalyzeTableCharacterConversionRate":"ViewTotalParsingErrors","0":"0"},{"AnalyzeTableCharacterConversionRate":"ViewTotalWarnings","0":"0"},{"AnalyzeTableCharacterConversionRate":"WorkloadName","0":"Data not provided"}]