{
  "AppVersion": "8.0.19.0",
  "CoreVersion": "30.3.13",
  "StartConversion": "2025/07/15 11.18.07 +07:00",
  "CodeCompletenessScore": "0",
  "TotalFiles": "0",
  "TotalFilesNotGenerated": "0",
  "ConversionSpeed": "0",
  "ElapsedTime": "00:00:11",
  "TotalConversionErrors": "0",
  "TotalParsingErrors": "0",
  "TotalWarnings": "0",
  "TotalLinesOfCode": "4",
  "OutOfScopePercentage": "NaN",
  "InvalidExtensions": "0",
  "CodeUnitsOutOfScopePercentage": "0",
  "TotalNonParsingTransformationExceptions": "0",
  "TotalCodeUnits": "0",
  "TotalParsingEWIs": "0",
  "TotalOtherEWIs": "0",
  "FullyConvertedCodeUnitsRate": "0",
  "FunctionalDifferenceMessages": "0",
  "PerformanceReviews": "0",
  "MissingDependentObjects": "0",
  "FilesWithUnexpectedEncoding": "0",
  "TotalIdentifiedObjects": "0",
  "ObjectConversionRate": "0",
  "ObjectsSuccessfullyConverted": "0",
  "UnrecognizedElements": "0",
  "UnrecognizedElementsLOC": "0",
  "SqlTableObjectConversionRate": "-",
  "SqlTableTotalLinesOfCode": "-",
  "SqlTableTotalOccurrences": "-",
  "SqlTableTotalParsingErrors": "-",
  "SqlViewObjectConversionRate": "-",
  "SqlViewTotalLinesOfCode": "-",
  "SqlViewTotalOccurrences": "-",
  "SqlViewTotalParsingErrors": "-",
  "SqlProcedureObjectConversionRate": "-",
  "SqlProcedureTotalLinesOfCode": "-",
  "SqlProcedureTotalOccurrences": "-",
  "SqlProcedureTotalParsingErrors": "-",
  "ProcedureCursorOccurrences": "-",
  "ProcedureLoopOccurrences": "-",
  "FetchInLoop": "0",
  "ProceduresWithFetchInLoop": "0",
  "FunctionsWithFetchInLoop": "0",
  "BasicCursor": "0",
  "ProceduresWithBasicCursor": "0",
  "FunctionsWithBasicCursor": "0",
  "CursorForUpdate": "0",
  "ProceduresWithCursorForUpdate": "0",
  "FunctionsWithCursorForUpdate": "0",
  "FetchStatement": "0",
  "ProceduresWithFetchStatement": "0",
  "FunctionsWithFetchStatement": "0",
  "CursorsWithVariablesOrParameters": "0",
  "ProceduresWithCursorsWithVariablesOrParameters": "0",
  "FunctionsWithCursorsWithVariablesOrParameters": "0",
  "SqlFunctionObjectConversionRate": "-",
  "SqlFunctionTotalLinesOfCode": "-",
  "SqlFunctionTotalOccurrences": "-",
  "SqlFunctionTotalParsingErrors": "-",
  "LowIssues": "0",
  "MediumIssues": "0",
  "HighIssues": "0",
  "CriticalIssues": "0",
  "ParsingIssues": "0",
  "OtherCriticalIssues": "0",
  "LowUniqueIssues": "0",
  "MediumUniqueIssues": "0",
  "HighUniqueIssues": "0",
  "CriticalUniqueIssues": "0",
  "UniqueParsingIssues": "0",
  "UniqueOtherCriticalIssues": "0",
  "Subqueries": "0",
  "CorrelatedSubqueries": "0",
  "SubqueriesWithMoreThanOneResultColumn": "0",
  "SubqueriesOutsideWhereClause": "0",
  "ViewsWithSubqueries": "0",
  "ViewsWithCorrelatedSubqueries": "0",
  "ViewsWithSubqueriesWithMoreThanOneResultColumn": "0",
  "ViewsWithSubqueriesOutsideWhereClause": "0",
  "ProceduresWithSubqueries": "0",
  "ProceduresWithCorrelatedSubqueries": "0",
  "ProceduresWithSubqueriesWithMoreThanOneResultColumn": "0",
  "ProceduresWithSubqueriesOutsideWhereClause": "0",
  "FunctionsWithSubqueries": "0",
  "FunctionsWithCorrelatedSubqueries": "0",
  "FunctionsWithSubqueriesWithMoreThanOneResultColumn": "0",
  "FunctionsWithSubqueriesOutsideWhereClause": "0",
  "DynamicTotalStatements": "0",
  "DynamicTotalTables": "0",
  "DynamicTotalViews": "0",
  "DynamicExecuteStatements": "0",
  "ProceduresWithDynamicExecuteStatements": "0",
  "FunctionsWithDynamicExecuteStatements": "0",
  "DynamicProcedureCallStatements": "0",
  "ProceduresWithDynamicProcedureCallStatements": "0",
  "FunctionsWithDynamicProcedureCallStatements": "0",
  "NestedCursors": "0",
  "ProceduresWithNestedCursors": "0",
  "FunctionsWithNestedCursors": "0",
  "ExternalTableObjectConversionRate": "-",
  "ExternalTableTotalLinesOfCode": "-",
  "ExternalTableTotalOccurrences": "-",
  "ExternalTableTotalParsingErrors": "-",
  "GrantStatements": "0",
  "GrantStatementLinesOfCode": "0",
  "Triggers": "0",
  "TriggerLinesOfCode": "0",
  "TotalFDMs": "0",
  "UniqueFDMs": "0",
  "TotalMissingObjectReferences": "0",
  "UniqueMissingObjectReferences": "0",
  "TotalPRFs": "0",
  "UniquePRFs": "0",
  "TotalLoCConversionRate": "0",
  "UnScopeJavaFunctionsObjects": "0",
  "UnScopeJavaFunctionsLoC": "0",
  "UnScopeCFunctionsObjects": "0",
  "UnScopeCFunctionsLoC": "0",
  "UnScopeJavaProceduresObjects": "0",
  "UnScopeJavaProceduresLoC": "0",
  "UnScopeCProceduresObjects": "0",
  "UnScopeCProceduresLoC": "0",
  "SqlLinesCount": "0",
  "SqlTotalParsingErrors": "0",
  "SqlTableLoCConversionRate": "-",
  "SqlViewLoCConversionRate": "-",
  "SqlProcedureLoCConversionRate": "-",
  "SqlFunctionLoCConversionRate": "-",
  "ExternalTableLoCConversionRate": "-",
  "AnalyzeTableObjectConversionRate": "-",
  "AnalyzeTableLoCConversionRate": "-",
  "AnalyzeTableTotalLinesOfCode": "-",
  "AnalyzeTableTotalOccurrences": "-",
  "AnalyzeTableTotalParsingErrors": "-",
  "FilesNotGeneratedWarning01": "",
  "FilesNotGeneratedWarning02": "",
  "FilesNotGeneratedWarning03": "",
  "SnowScriptMark": "*",
  "SnowScriptNote": "*Stored Procedures were migrated to the Snowflake Scripting language.",
  "parsingIssuesDetails": [],
  "otherIssues": [],
  "unassessedScopeFiles": [],
  "functionalDifferenceMessagesDetails": [],
  "performanceReviewsDetails": [],
  "topLevelCodeUnits": [],
  "unassessedScopeCodeUnitsDetails": [
    {
      "Type": "Grant",
      "NumberOfObjects": 0,
      "LinesOfCode": 0
    },
    {
      "Type": "Trigger",
      "NumberOfObjects": 0,
      "LinesOfCode": 0
    }
  ]
}