id,poi,category,nmprov,kdprov,nmkab,kdkab,h3_10
99,CFD_JKT,sport,jakarta,31,,,8a8c1078a86ffff
99,CFD_JKT,sport,jakarta,31,,,8a8c1078a81ffff
99,CFD_JKT,sport,jakarta,31,,,8a8c107887a7fff
99,CFD_JKT,sport,jakarta,31,,,8a8c1079995ffff
99,CFD_JKT,sport,jakarta,31,,,8a8c1078a817fff
99,CFD_JKT,sport,jakarta,31,,,8a8c1078a597fff
99,CFD_JKT,sport,jakarta,31,,,8a8c1078a857fff
99,CFD_JKT,sport,jakarta,31,,,8a8c10799447fff
99,CFD_JKT,sport,jakarta,31,,,8a8c1078849ffff
99,CFD_JKT,sport,jakarta,31,,,8a8c10799877fff
99,CFD_JKT,sport,jakarta,31,,,8a8c1078ac77fff
99,CFD_JKT,sport,jakarta,31,,,8a8c1078a527fff
99,CFD_JKT,sport,jakarta,31,,,8a8c10788217fff
99,CFD_JKT,sport,jakarta,31,,,8a8c1078a517fff
99,CFD_JKT,sport,jakarta,31,,,8a8c1078a8a7fff
99,CFD_JKT,sport,jakarta,31,,,8a8c1078876ffff
99,CFD_JKT,sport,jakarta,31,,,8a8c107884d7fff
99,CFD_JKT,sport,jakarta,31,,,8a8c1079918ffff
99,CFD_JKT,sport,jakarta,31,,,8a8c107990b7fff
99,CFD_JKT,sport,jakarta,31,,,8a8c1078ac67fff
99,CFD_JKT,sport,jakarta,31,,,8a8c1078a8b7fff
99,CFD_JKT,sport,jakarta,31,,,8a8c1078acf7fff
99,CFD_JKT,sport,jakarta,31,,,8a8c1078ace7fff
99,CFD_JKT,sport,jakarta,31,,,8a8c1079945ffff
99,CFD_JKT,sport,jakarta,31,,,8a8c1078ab37fff
99,CFD_JKT,sport,jakarta,31,,,8a8c1079919ffff
99,CFD_JKT,sport,jakarta,31,,,8a8c1079912ffff
99,CFD_JKT,sport,jakarta,31,,,8a8c107887affff
99,CFD_JKT,sport,jakarta,31,,,8a8c107884c7fff
99,CFD_JKT,sport,jakarta,31,,,8a8c10799857fff
99,CFD_JKT,sport,jakarta,31,,,8a8c107998d7fff
99,CFD_JKT,sport,jakarta,31,,,8a8c1078a897fff
99,CFD_JKT,sport,jakarta,31,,,8a8c1079980ffff
99,CFD_JKT,sport,jakarta,31,,,8a8c10799097fff
99,CFD_JKT,sport,jakarta,31,,,8a8c10799107fff
99,CFD_JKT,sport,jakarta,31,,,8a8c1079996ffff
99,CFD_JKT,sport,jakarta,31,,,8a8c1078a847fff
99,CFD_JKT,sport,jakarta,31,,,8a8c107884effff
99,CFD_JKT,sport,jakarta,31,,,8a8c10788207fff
99,CFD_JKT,sport,jakarta,31,,,8a8c107998e7fff
99,CFD_JKT,sport,jakarta,31,,,8a8c107887b7fff
99,CFD_JKT,sport,jakarta,31,,,8a8c10788747fff
99,CFD_JKT,sport,jakarta,31,,,8a8c1078a877fff
99,CFD_JKT,sport,jakarta,31,,,8a8c10799467fff
99,CFD_JKT,sport,jakarta,31,,,8a8c1078870ffff
99,CFD_JKT,sport,jakarta,31,,,8a8c107882a7fff
99,CFD_JKT,sport,jakarta,31,,,8a8c1078a8affff
99,CFD_JKT,sport,jakarta,31,,,8a8c1078a867fff
99,CFD_JKT,sport,jakarta,31,,,8a8c1078a887fff
99,CFD_JKT,sport,jakarta,31,,,8a8c107998c7fff
99,CFD_JKT,sport,jakarta,31,,,8a8c1078ab27fff
99,CFD_JKT,sport,jakarta,31,,,8a8c107884dffff
99,CFD_JKT,sport,jakarta,31,,,8a8c107882b7fff
99,CFD_JKT,sport,jakarta,31,,,8a8c1078a80ffff
99,CFD_JKT,sport,jakarta,31,,,8a8c10799037fff
99,CFD_JKT,sport,jakarta,31,,,8a8c1078ac0ffff
99,CFD_JKT,sport,jakarta,31,,,8a8c1079911ffff
99,CFD_JKT,sport,jakarta,31,,,8a8c1078a507fff
99,CFD_JKT,sport,jakarta,31,,,8a8c1078acd7fff
99,CFD_JKT,sport,jakarta,31,,,8a8c10788717fff
99,CFD_JKT,sport,jakarta,31,,,8a8c1078848ffff
99,CFD_JKT,sport,jakarta,31,,,8a8c10799967fff
99,CFD_JKT,sport,jakarta,31,,,8a8c1078871ffff
99,CFD_JKT,sport,jakarta,31,,,8a8c1078a5b7fff
99,CFD_JKT,sport,jakarta,31,,,8a8c1078821ffff
99,CFD_JKT,sport,jakarta,31,,,8a8c10799947fff
99,CFD_JKT,sport,jakarta,31,,,8a8c107884cffff
99,CFD_JKT,sport,jakarta,31,,,8a8c10799807fff
99,CFD_JKT,sport,jakarta,31,,,8a8c1079946ffff
99,CFD_JKT,sport,jakarta,31,,,8a8c1078a5a7fff
99,CFD_JKT,sport,jakarta,31,,,8a8c107991affff
99,CFD_JKT,sport,jakarta,31,,,8a8c1079982ffff
99,CFD_JKT,sport,jakarta,31,,,8a8c107990a7fff
99,CFD_JKT,sport,jakarta,31,,,8a8c1078ad4ffff
99,CFD_JKT,sport,jakarta,31,,,8a8c1078a587fff
99,CFD_JKT,sport,jakarta,31,,,8a8c1078ac8ffff
99,CFD_JKT,sport,jakarta,31,,,8a8c107998f7fff
99,CFD_JKT,sport,jakarta,31,,,8a8c10788777fff
99,CFD_JKT,sport,jakarta,31,,,8a8c10788757fff
99,CFD_JKT,sport,jakarta,31,,,8a8c1078ac1ffff
99,CFD_JKT,sport,jakarta,31,,,8a8c1079994ffff
99,CFD_JKT,sport,jakarta,31,,,8a8c1078a537fff
99,CFD_JKT,sport,jakarta,31,,,8a8c1079981ffff
99,CFD_JKT,sport,jakarta,31,,,8a8c1078839ffff
99,CFD_JKT,sport,jakarta,31,,,8a8c1078ad5ffff
99,CFD_JKT,sport,jakarta,31,,,8a8c10799457fff
