[{"Element":"207","ProjectId":"notebook","FileId":"Sample_3a. Pipeline Periodically - Tourism.ipynb","Count":"1","IsSelfJoin":"False","HasLeftAlias":"False","HasRightAlias":"False","Line":"207","Kind":"Left","SessionId":"0f552bec-ad97-4d62-8e6b-5f58f82cb32c","CellId":"12","ExecutionId":"b1fb77a9-958a-495d-82c1-be5dfafc0af9"},{"Element":"195.199","ProjectId":"notebook","FileId":"Sample_3a. Pipeline Periodically - Tourism.ipynb","Count":"1","IsSelfJoin":"False","HasLeftAlias":"False","HasRightAlias":"False","Line":"199","Kind":"Left","SessionId":"0f552bec-ad97-4d62-8e6b-5f58f82cb32c","CellId":"12","ExecutionId":"b1fb77a9-958a-495d-82c1-be5dfafc0af9"},{"Element":"195","ProjectId":"notebook","FileId":"Sample_3a. Pipeline Periodically - Tourism.ipynb","Count":"1","IsSelfJoin":"False","HasLeftAlias":"False","HasRightAlias":"False","Line":"195","Kind":"Left","SessionId":"0f552bec-ad97-4d62-8e6b-5f58f82cb32c","CellId":"12","ExecutionId":"b1fb77a9-958a-495d-82c1-be5dfafc0af9"},{"Element":"35","ProjectId":"notebook","FileId":"Sample_1. Pipeline Periodically - Usual Environment with Entropy.ipynb","Count":"1","IsSelfJoin":"False","HasLeftAlias":"False","HasRightAlias":"False","Line":"35","Kind":"Outer","SessionId":"0f552bec-ad97-4d62-8e6b-5f58f82cb32c","CellId":"20","ExecutionId":"b1fb77a9-958a-495d-82c1-be5dfafc0af9"},{"Element":"133","ProjectId":"notebook","FileId":"Sample_2. Pipeline Periodically - Mobility Trip.ipynb","Count":"1","IsSelfJoin":"False","HasLeftAlias":"False","HasRightAlias":"False","Line":"133","Kind":"Left","SessionId":"0f552bec-ad97-4d62-8e6b-5f58f82cb32c","CellId":"11","ExecutionId":"b1fb77a9-958a-495d-82c1-be5dfafc0af9"},{"Element":"142","ProjectId":"notebook","FileId":"Sample_2. Pipeline Periodically - Mobility Trip.ipynb","Count":"1","IsSelfJoin":"False","HasLeftAlias":"False","HasRightAlias":"False","Line":"142","Kind":"Left","SessionId":"0f552bec-ad97-4d62-8e6b-5f58f82cb32c","CellId":"11","ExecutionId":"b1fb77a9-958a-495d-82c1-be5dfafc0af9"},{"Element":"157","ProjectId":"notebook","FileId":"Sample_2. Pipeline Periodically - Mobility Trip.ipynb","Count":"1","IsSelfJoin":"False","HasLeftAlias":"False","HasRightAlias":"False","Line":"157","Kind":"Left","SessionId":"0f552bec-ad97-4d62-8e6b-5f58f82cb32c","CellId":"11","ExecutionId":"b1fb77a9-958a-495d-82c1-be5dfafc0af9"},{"Element":"226","ProjectId":"notebook","FileId":"Sample_3a. Pipeline Periodically - Tourism.ipynb","Count":"1","IsSelfJoin":"False","HasLeftAlias":"False","HasRightAlias":"False","Line":"226","Kind":"Right","SessionId":"0f552bec-ad97-4d62-8e6b-5f58f82cb32c","CellId":"12","ExecutionId":"b1fb77a9-958a-495d-82c1-be5dfafc0af9"},{"Element":"110","ProjectId":"notebook","FileId":"Sample_3a. Pipeline Periodically - Tourism.ipynb","Count":"1","IsSelfJoin":"False","HasLeftAlias":"True","HasRightAlias":"True","Line":"110","Kind":"Inner","SessionId":"0f552bec-ad97-4d62-8e6b-5f58f82cb32c","CellId":"12","ExecutionId":"b1fb77a9-958a-495d-82c1-be5dfafc0af9"},{"Element":"123","ProjectId":"notebook","FileId":"Sample_2. Pipeline Periodically - Mobility Trip.ipynb","Count":"1","IsSelfJoin":"False","HasLeftAlias":"False","HasRightAlias":"False","Line":"123","Kind":"Left","SessionId":"0f552bec-ad97-4d62-8e6b-5f58f82cb32c","CellId":"11","ExecutionId":"b1fb77a9-958a-495d-82c1-be5dfafc0af9"},{"Element":"121","ProjectId":"notebook","FileId":"Sample_3a. Pipeline Periodically - Tourism.ipynb","Count":"1","IsSelfJoin":"False","HasLeftAlias":"True","HasRightAlias":"True","Line":"121","Kind":"Left","SessionId":"0f552bec-ad97-4d62-8e6b-5f58f82cb32c","CellId":"12","ExecutionId":"b1fb77a9-958a-495d-82c1-be5dfafc0af9"}]