[{"Element":"Sample_1. Pipeline Periodically - Usual Environment with Entropy.ipynb","ProjectId":"notebook","FileId":"Sample_1. Pipeline Periodically - Usual Environment with Entropy.ipynb","Count":"1","PythonLOC":"222","ScalaLOC":"0","SqlLOC":"0","Line":"","SessionId":"0f552bec-ad97-4d62-8e6b-5f58f82cb32c","ExecutionId":"b1fb77a9-958a-495d-82c1-be5dfafc0af9"},{"Element":"Sample_3a. Pipeline Periodically - Tourism.ipynb","ProjectId":"notebook","FileId":"Sample_3a. Pipeline Periodically - Tourism.ipynb","Count":"1","PythonLOC":"271","ScalaLOC":"0","SqlLOC":"0","Line":"","SessionId":"0f552bec-ad97-4d62-8e6b-5f58f82cb32c","ExecutionId":"b1fb77a9-958a-495d-82c1-be5dfafc0af9"},{"Element":"Sample_2. Pipeline Periodically - Mobility Trip.ipynb","ProjectId":"notebook","FileId":"Sample_2. Pipeline Periodically - Mobility Trip.ipynb","Count":"1","PythonLOC":"340","ScalaLOC":"0","SqlLOC":"0","Line":"","SessionId":"0f552bec-ad97-4d62-8e6b-5f58f82cb32c","ExecutionId":"b1fb77a9-958a-495d-82c1-be5dfafc0af9"}]