[{"Element":"python","ProjectId":"notebook","FileId":"Sample_1. Pipeline Periodically - Usual Environment with Entropy.ipynb","Count":"1","CellID":"6","Arguments":"","LOC":"6","Size":"960","SupportedStatus":"True","ParsingResult":"Successful"},{"Element":"python","ProjectId":"notebook","FileId":"Sample_2. Pipeline Periodically - Mobility Trip.ipynb","Count":"1","CellID":"11","Arguments":"","LOC":"169","Size":"12361","SupportedStatus":"True","ParsingResult":"Successful"},{"Element":"python","ProjectId":"notebook","FileId":"Sample_2. Pipeline Periodically - Mobility Trip.ipynb","Count":"1","CellID":"20","Arguments":"","LOC":"5","Size":"423","SupportedStatus":"True","ParsingResult":"Successful"},{"Element":"python","ProjectId":"notebook","FileId":"Sample_3a. Pipeline Periodically - Tourism.ipynb","Count":"1","CellID":"23","Arguments":"","LOC":"1","Size":"30","SupportedStatus":"True","ParsingResult":"Successful"},{"Element":"python","ProjectId":"notebook","FileId":"Sample_1. Pipeline Periodically - Usual Environment with Entropy.ipynb","Count":"1","CellID":"4","Arguments":"","LOC":"12","Size":"472","SupportedStatus":"True","ParsingResult":"Successful"},{"Element":"python","ProjectId":"notebook","FileId":"Sample_3a. Pipeline Periodically - Tourism.ipynb","Count":"1","CellID":"4","Arguments":"","LOC":"12","Size":"472","SupportedStatus":"True","ParsingResult":"Successful"},{"Element":"python","ProjectId":"notebook","FileId":"Sample_1. Pipeline Periodically - Usual Environment with Entropy.ipynb","Count":"1","CellID":"32","Arguments":"","LOC":"2","Size":"92","SupportedStatus":"True","ParsingResult":"Successful"},{"Element":"python","ProjectId":"notebook","FileId":"Sample_2. Pipeline Periodically - Mobility Trip.ipynb","Count":"1","CellID":"16","Arguments":"","LOC":"1","Size":"152","SupportedStatus":"True","ParsingResult":"Successful"},{"Element":"python","ProjectId":"notebook","FileId":"Sample_3a. Pipeline Periodically - Tourism.ipynb","Count":"1","CellID":"14","Arguments":"","LOC":"6","Size":"294","SupportedStatus":"True","ParsingResult":"Successful"},{"Element":"python","ProjectId":"notebook","FileId":"Sample_1. Pipeline Periodically - Usual Environment with Entropy.ipynb","Count":"1","CellID":"14","Arguments":"","LOC":"7","Size":"340","SupportedStatus":"True","ParsingResult":"Successful"},{"Element":"python","ProjectId":"notebook","FileId":"Sample_1. Pipeline Periodically - Usual Environment with Entropy.ipynb","Count":"1","CellID":"12","Arguments":"","LOC":"1","Size":"49","SupportedStatus":"True","ParsingResult":"Successful"},{"Element":"python","ProjectId":"notebook","FileId":"Sample_3a. Pipeline Periodically - Tourism.ipynb","Count":"1","CellID":"10","Arguments":"","LOC":"4","Size":"196","SupportedStatus":"True","ParsingResult":"Successful"},{"Element":"python","ProjectId":"notebook","FileId":"Sample_2. Pipeline Periodically - Mobility Trip.ipynb","Count":"1","CellID":"2","Arguments":"","LOC":"5","Size":"74","SupportedStatus":"True","ParsingResult":"Successful"},{"Element":"python","ProjectId":"notebook","FileId":"Sample_1. Pipeline Periodically - Usual Environment with Entropy.ipynb","Count":"1","CellID":"33","Arguments":"","LOC":"1","Size":"146","SupportedStatus":"True","ParsingResult":"Successful"},{"Element":"python","ProjectId":"notebook","FileId":"Sample_1. Pipeline Periodically - Usual Environment with Entropy.ipynb","Count":"1","CellID":"10","Arguments":"","LOC":"85","Size":"4987","SupportedStatus":"True","ParsingResult":"Successful"},{"Element":"python","ProjectId":"notebook","FileId":"Sample_1. Pipeline Periodically - Usual Environment with Entropy.ipynb","Count":"1","CellID":"16","Arguments":"","LOC":"6","Size":"368","SupportedStatus":"True","ParsingResult":"Successful"},{"Element":"python","ProjectId":"notebook","FileId":"Sample_3a. Pipeline Periodically - Tourism.ipynb","Count":"1","CellID":"9","Arguments":"","LOC":"30","Size":"830","SupportedStatus":"True","ParsingResult":"Successful"},{"Element":"python","ProjectId":"notebook","FileId":"Sample_3a. Pipeline Periodically - Tourism.ipynb","Count":"1","CellID":"25","Arguments":"","LOC":"1","Size":"194","SupportedStatus":"True","ParsingResult":"Successful"},{"Element":"python","ProjectId":"notebook","FileId":"Sample_3a. Pipeline Periodically - Tourism.ipynb","Count":"1","CellID":"6","Arguments":"","LOC":"6","Size":"923","SupportedStatus":"True","ParsingResult":"Successful"},{"Element":"Other","ProjectId":"notebook","FileId":"Sample_3a. Pipeline Periodically - Tourism.ipynb","Count":"1","CellID":"25","Arguments":"\r","LOC":"1","Size":"2","SupportedStatus":"False","ParsingResult":"Error"},{"Element":"Other","ProjectId":"notebook","FileId":"Sample_1. Pipeline Periodically - Usual Environment with Entropy.ipynb","Count":"1","CellID":"38","Arguments":"\r","LOC":"1","Size":"2","SupportedStatus":"False","ParsingResult":"Error"},{"Element":"Other","ProjectId":"notebook","FileId":"Sample_1. Pipeline Periodically - Usual Environment with Entropy.ipynb","Count":"1","CellID":"36","Arguments":"\r","LOC":"1","Size":"2","SupportedStatus":"False","ParsingResult":"Error"},{"Element":"python","ProjectId":"notebook","FileId":"Sample_2. Pipeline Periodically - Mobility Trip.ipynb","Count":"1","CellID":"17","Arguments":"","LOC":"3","Size":"189","SupportedStatus":"True","ParsingResult":"Successful"},{"Element":"python","ProjectId":"notebook","FileId":"Sample_1. Pipeline Periodically - Usual Environment with Entropy.ipynb","Count":"1","CellID":"35","Arguments":"","LOC":"2","Size":"143","SupportedStatus":"True","ParsingResult":"Successful"},{"Element":"python","ProjectId":"notebook","FileId":"Sample_1. Pipeline Periodically - Usual Environment with Entropy.ipynb","Count":"1","CellID":"21","Arguments":"","LOC":"4","Size":"179","SupportedStatus":"True","ParsingResult":"Successful"},{"Element":"python","ProjectId":"notebook","FileId":"Sample_1. Pipeline Periodically - Usual Environment with Entropy.ipynb","Count":"1","CellID":"5","Arguments":"","LOC":"23","Size":"683","SupportedStatus":"True","ParsingResult":"Successful"},{"Element":"python","ProjectId":"notebook","FileId":"Sample_3a. Pipeline Periodically - Tourism.ipynb","Count":"1","CellID":"5","Arguments":"","LOC":"23","Size":"683","SupportedStatus":"True","ParsingResult":"Successful"},{"Element":"python","ProjectId":"notebook","FileId":"Sample_1. Pipeline Periodically - Usual Environment with Entropy.ipynb","Count":"1","CellID":"17","Arguments":"","LOC":"2","Size":"92","SupportedStatus":"True","ParsingResult":"Successful"},{"Element":"python","ProjectId":"notebook","FileId":"Sample_2. Pipeline Periodically - Mobility Trip.ipynb","Count":"1","CellID":"12","Arguments":"","LOC":"4","Size":"196","SupportedStatus":"True","ParsingResult":"Successful"},{"Element":"python","ProjectId":"notebook","FileId":"Sample_2. Pipeline Periodically - Mobility Trip.ipynb","Count":"1","CellID":"3","Arguments":"","LOC":"5","Size":"134","SupportedStatus":"True","ParsingResult":"Successful"},{"Element":"python","ProjectId":"notebook","FileId":"Sample_3a. Pipeline Periodically - Tourism.ipynb","Count":"1","CellID":"26","Arguments":"","LOC":"1","Size":"30","SupportedStatus":"True","ParsingResult":"Successful"},{"Element":"Other","ProjectId":"notebook","FileId":"Sample_1. Pipeline Periodically - Usual Environment with Entropy.ipynb","Count":"1","CellID":"31","Arguments":"\r","LOC":"1","Size":"2","SupportedStatus":"False","ParsingResult":"Error"},{"Element":"python","ProjectId":"notebook","FileId":"Sample_2. Pipeline Periodically - Mobility Trip.ipynb","Count":"1","CellID":"24","Arguments":"","LOC":"40","Size":"1618","SupportedStatus":"True","ParsingResult":"Successful"},{"Element":"python","ProjectId":"notebook","FileId":"Sample_1. Pipeline Periodically - Usual Environment with Entropy.ipynb","Count":"1","CellID":"30","Arguments":"","LOC":"1","Size":"74","SupportedStatus":"True","ParsingResult":"Successful"},{"Element":"python","ProjectId":"notebook","FileId":"Sample_3a. Pipeline Periodically - Tourism.ipynb","Count":"1","CellID":"20","Arguments":"","LOC":"2","Size":"102","SupportedStatus":"True","ParsingResult":"Successful"},{"Element":"python","ProjectId":"notebook","FileId":"Sample_2. Pipeline Periodically - Mobility Trip.ipynb","Count":"1","CellID":"15","Arguments":"","LOC":"22","Size":"991","SupportedStatus":"True","ParsingResult":"Successful"},{"Element":"python","ProjectId":"notebook","FileId":"Sample_1. Pipeline Periodically - Usual Environment with Entropy.ipynb","Count":"1","CellID":"7","Arguments":"","LOC":"2","Size":"68","SupportedStatus":"True","ParsingResult":"Successful"},{"Element":"python","ProjectId":"notebook","FileId":"Sample_3a. Pipeline Periodically - Tourism.ipynb","Count":"1","CellID":"7","Arguments":"","LOC":"2","Size":"68","SupportedStatus":"True","ParsingResult":"Successful"},{"Element":"python","ProjectId":"notebook","FileId":"Sample_1. Pipeline Periodically - Usual Environment with Entropy.ipynb","Count":"1","CellID":"25","Arguments":"","LOC":"1","Size":"48","SupportedStatus":"True","ParsingResult":"Successful"},{"Element":"python","ProjectId":"notebook","FileId":"Sample_1. Pipeline Periodically - Usual Environment with Entropy.ipynb","Count":"1","CellID":"2","Arguments":"","LOC":"5","Size":"74","SupportedStatus":"True","ParsingResult":"Successful"},{"Element":"python","ProjectId":"notebook","FileId":"Sample_1. Pipeline Periodically - Usual Environment with Entropy.ipynb","Count":"1","CellID":"22","Arguments":"","LOC":"2","Size":"100","SupportedStatus":"True","ParsingResult":"Successful"},{"Element":"python","ProjectId":"notebook","FileId":"Sample_3a. Pipeline Periodically - Tourism.ipynb","Count":"1","CellID":"2","Arguments":"","LOC":"5","Size":"74","SupportedStatus":"True","ParsingResult":"Successful"},{"Element":"python","ProjectId":"notebook","FileId":"Sample_1. Pipeline Periodically - Usual Environment with Entropy.ipynb","Count":"1","CellID":"24","Arguments":"","LOC":"7","Size":"338","SupportedStatus":"True","ParsingResult":"Successful"},{"Element":"python","ProjectId":"notebook","FileId":"Sample_2. Pipeline Periodically - Mobility Trip.ipynb","Count":"1","CellID":"10","Arguments":"","LOC":"30","Size":"830","SupportedStatus":"True","ParsingResult":"Successful"},{"Element":"python","ProjectId":"notebook","FileId":"Sample_2. Pipeline Periodically - Mobility Trip.ipynb","Count":"1","CellID":"4","Arguments":"","LOC":"12","Size":"472","SupportedStatus":"True","ParsingResult":"Successful"},{"Element":"python","ProjectId":"notebook","FileId":"Sample_3a. Pipeline Periodically - Tourism.ipynb","Count":"1","CellID":"12","Arguments":"","LOC":"153","Size":"13406","SupportedStatus":"True","ParsingResult":"Successful"},{"Element":"python","ProjectId":"notebook","FileId":"Sample_3a. Pipeline Periodically - Tourism.ipynb","Count":"1","CellID":"24","Arguments":"","LOC":"3","Size":"283","SupportedStatus":"True","ParsingResult":"Successful"},{"Element":"Other","ProjectId":"notebook","FileId":"Sample_3a. Pipeline Periodically - Tourism.ipynb","Count":"1","CellID":"22","Arguments":"\r","LOC":"1","Size":"2","SupportedStatus":"False","ParsingResult":"Error"},{"Element":"python","ProjectId":"notebook","FileId":"Sample_2. Pipeline Periodically - Mobility Trip.ipynb","Count":"1","CellID":"22","Arguments":"","LOC":"2","Size":"106","SupportedStatus":"True","ParsingResult":"Successful"},{"Element":"python","ProjectId":"notebook","FileId":"Sample_2. Pipeline Periodically - Mobility Trip.ipynb","Count":"1","CellID":"6","Arguments":"","LOC":"6","Size":"967","SupportedStatus":"True","ParsingResult":"Successful"},{"Element":"python","ProjectId":"notebook","FileId":"Sample_1. Pipeline Periodically - Usual Environment with Entropy.ipynb","Count":"1","CellID":"38","Arguments":"","LOC":"1","Size":"161","SupportedStatus":"True","ParsingResult":"Successful"},{"Element":"python","ProjectId":"notebook","FileId":"Sample_1. Pipeline Periodically - Usual Environment with Entropy.ipynb","Count":"1","CellID":"27","Arguments":"","LOC":"12","Size":"745","SupportedStatus":"True","ParsingResult":"Successful"},{"Element":"python","ProjectId":"notebook","FileId":"Sample_3a. Pipeline Periodically - Tourism.ipynb","Count":"1","CellID":"17","Arguments":"","LOC":"1","Size":"11","SupportedStatus":"True","ParsingResult":"Successful"},{"Element":"python","ProjectId":"notebook","FileId":"Sample_2. Pipeline Periodically - Mobility Trip.ipynb","Count":"1","CellID":"14","Arguments":"","LOC":"2","Size":"138","SupportedStatus":"True","ParsingResult":"Successful"},{"Element":"python","ProjectId":"notebook","FileId":"Sample_2. Pipeline Periodically - Mobility Trip.ipynb","Count":"1","CellID":"23","Arguments":"","LOC":"3","Size":"147","SupportedStatus":"True","ParsingResult":"Successful"},{"Element":"python","ProjectId":"notebook","FileId":"Sample_1. Pipeline Periodically - Usual Environment with Entropy.ipynb","Count":"1","CellID":"20","Arguments":"","LOC":"25","Size":"1919","SupportedStatus":"True","ParsingResult":"Successful"},{"Element":"python","ProjectId":"notebook","FileId":"Sample_1. Pipeline Periodically - Usual Environment with Entropy.ipynb","Count":"1","CellID":"3","Arguments":"","LOC":"5","Size":"134","SupportedStatus":"True","ParsingResult":"Successful"},{"Element":"python","ProjectId":"notebook","FileId":"Sample_3a. Pipeline Periodically - Tourism.ipynb","Count":"1","CellID":"3","Arguments":"","LOC":"5","Size":"134","SupportedStatus":"True","ParsingResult":"Successful"},{"Element":"python","ProjectId":"notebook","FileId":"Sample_3a. Pipeline Periodically - Tourism.ipynb","Count":"1","CellID":"18","Arguments":"","LOC":"5","Size":"365","SupportedStatus":"True","ParsingResult":"Successful"},{"Element":"python","ProjectId":"notebook","FileId":"Sample_1. Pipeline Periodically - Usual Environment with Entropy.ipynb","Count":"1","CellID":"11","Arguments":"","LOC":"6","Size":"422","SupportedStatus":"True","ParsingResult":"Successful"},{"Element":"python","ProjectId":"notebook","FileId":"Sample_1. Pipeline Periodically - Usual Environment with Entropy.ipynb","Count":"1","CellID":"31","Arguments":"","LOC":"1","Size":"31","SupportedStatus":"True","ParsingResult":"Successful"},{"Element":"Other","ProjectId":"notebook","FileId":"Sample_1. Pipeline Periodically - Usual Environment with Entropy.ipynb","Count":"1","CellID":"33","Arguments":"\r","LOC":"1","Size":"2","SupportedStatus":"False","ParsingResult":"Error"},{"Element":"python","ProjectId":"notebook","FileId":"Sample_2. Pipeline Periodically - Mobility Trip.ipynb","Count":"1","CellID":"19","Arguments":"","LOC":"6","Size":"279","SupportedStatus":"True","ParsingResult":"Successful"},{"Element":"python","ProjectId":"notebook","FileId":"Sample_3a. Pipeline Periodically - Tourism.ipynb","Count":"1","CellID":"22","Arguments":"","LOC":"1","Size":"267","SupportedStatus":"True","ParsingResult":"Successful"},{"Element":"python","ProjectId":"notebook","FileId":"Sample_2. Pipeline Periodically - Mobility Trip.ipynb","Count":"1","CellID":"5","Arguments":"","LOC":"23","Size":"683","SupportedStatus":"True","ParsingResult":"Successful"},{"Element":"python","ProjectId":"notebook","FileId":"Sample_3a. Pipeline Periodically - Tourism.ipynb","Count":"1","CellID":"21","Arguments":"","LOC":"3","Size":"277","SupportedStatus":"True","ParsingResult":"Successful"},{"Element":"python","ProjectId":"notebook","FileId":"Sample_2. Pipeline Periodically - Mobility Trip.ipynb","Count":"1","CellID":"8","Arguments":"","LOC":"2","Size":"68","SupportedStatus":"True","ParsingResult":"Successful"},{"Element":"python","ProjectId":"notebook","FileId":"Sample_1. Pipeline Periodically - Usual Environment with Entropy.ipynb","Count":"1","CellID":"8","Arguments":"","LOC":"1","Size":"5","SupportedStatus":"True","ParsingResult":"Successful"},{"Element":"python","ProjectId":"notebook","FileId":"Sample_3a. Pipeline Periodically - Tourism.ipynb","Count":"1","CellID":"16","Arguments":"","LOC":"6","Size":"282","SupportedStatus":"True","ParsingResult":"Successful"},{"Element":"python","ProjectId":"notebook","FileId":"Sample_3a. Pipeline Periodically - Tourism.ipynb","Count":"1","CellID":"8","Arguments":"","LOC":"1","Size":"5","SupportedStatus":"True","ParsingResult":"Successful"},{"Element":"python","ProjectId":"notebook","FileId":"Sample_1. Pipeline Periodically - Usual Environment with Entropy.ipynb","Count":"1","CellID":"36","Arguments":"","LOC":"1","Size":"34","SupportedStatus":"True","ParsingResult":"Successful"},{"Element":"python","ProjectId":"notebook","FileId":"Sample_1. Pipeline Periodically - Usual Environment with Entropy.ipynb","Count":"1","CellID":"18","Arguments":"","LOC":"1","Size":"82","SupportedStatus":"True","ParsingResult":"Successful"}]