[{"Element":"notebook.Sample_1. Pipeline Periodically - Usual Environment with Entropy","ProjectId":"notebook","FileId":"Sample_1. Pipeline Periodically - Usual Environment with Entropy.ipynb","Count":"1","Alias":"","Kind":"","Line":"","PackageName":"","Supported":"","Automated":"","Status":"Invalid","Statement":"","SessionId":"","SnowConvertCoreVersion":"","SnowparkVersion":"","CellId":"","ExecutionId":"","ParametersInfo":"","Technology":"Python"},{"Element":"notebook.Sample_2. Pipeline Periodically - Mobility Trip","ProjectId":"notebook","FileId":"Sample_2. Pipeline Periodically - Mobility Trip.ipynb","Count":"1","Alias":"","Kind":"","Line":"","PackageName":"","Supported":"","Automated":"","Status":"Invalid","Statement":"","SessionId":"","SnowConvertCoreVersion":"","SnowparkVersion":"","CellId":"","ExecutionId":"","ParametersInfo":"","Technology":"Python"},{"Element":"notebook.Sample_3a. Pipeline Periodically - Tourism","ProjectId":"notebook","FileId":"Sample_3a. Pipeline Periodically - Tourism.ipynb","Count":"1","Alias":"","Kind":"","Line":"","PackageName":"","Supported":"","Automated":"","Status":"Invalid","Statement":"","SessionId":"","SnowConvertCoreVersion":"","SnowparkVersion":"","CellId":"","ExecutionId":"","ParametersInfo":"","Technology":"Python"}]