[{"Element":"numpy","ProjectId":"notebook","FileId":"Sample_3a. Pipeline Periodically - Tourism.ipynb","Count":"1","Alias":"","Kind":"Module","Line":"1","PackageName":"notebook.Sample_3a. Pipeline Periodically - Tourism","Statement":"numpy.__version__","SessionId":"0f552bec-ad97-4d62-8e6b-5f58f82cb32c","CellId":"3","ExecutionId":"b1fb77a9-958a-495d-82c1-be5dfafc0af9","ParametersInfo":""},{"Element":"numpy","ProjectId":"notebook","FileId":"Sample_3a. Pipeline Periodically - Tourism.ipynb","Count":"1","Alias":"numpy","Kind":"Module","Line":"1","PackageName":"notebook.Sample_3a. Pipeline Periodically - Tourism","Statement":"import numpy","SessionId":"0f552bec-ad97-4d62-8e6b-5f58f82cb32c","CellId":"2","ExecutionId":"b1fb77a9-958a-495d-82c1-be5dfafc0af9","ParametersInfo":""},{"Element":"numpy","ProjectId":"notebook","FileId":"Sample_3a. Pipeline Periodically - Tourism.ipynb","Count":"1","Alias":"np","Kind":"Module","Line":"9","PackageName":"notebook.Sample_3a. Pipeline Periodically - Tourism","Statement":"import numpy as np","SessionId":"0f552bec-ad97-4d62-8e6b-5f58f82cb32c","CellId":"5","ExecutionId":"b1fb77a9-958a-495d-82c1-be5dfafc0af9","ParametersInfo":""},{"Element":"numpy","ProjectId":"notebook","FileId":"Sample_1. Pipeline Periodically - Usual Environment with Entropy.ipynb","Count":"1","Alias":"","Kind":"Module","Line":"1","PackageName":"notebook.Sample_1. Pipeline Periodically - Usual Environment with Entropy","Statement":"numpy.__version__","SessionId":"0f552bec-ad97-4d62-8e6b-5f58f82cb32c","CellId":"3","ExecutionId":"b1fb77a9-958a-495d-82c1-be5dfafc0af9","ParametersInfo":""},{"Element":"numpy","ProjectId":"notebook","FileId":"Sample_1. Pipeline Periodically - Usual Environment with Entropy.ipynb","Count":"1","Alias":"numpy","Kind":"Module","Line":"1","PackageName":"notebook.Sample_1. Pipeline Periodically - Usual Environment with Entropy","Statement":"import numpy","SessionId":"0f552bec-ad97-4d62-8e6b-5f58f82cb32c","CellId":"2","ExecutionId":"b1fb77a9-958a-495d-82c1-be5dfafc0af9","ParametersInfo":""},{"Element":"numpy","ProjectId":"notebook","FileId":"Sample_1. Pipeline Periodically - Usual Environment with Entropy.ipynb","Count":"1","Alias":"np","Kind":"Module","Line":"9","PackageName":"notebook.Sample_1. Pipeline Periodically - Usual Environment with Entropy","Statement":"import numpy as np","SessionId":"0f552bec-ad97-4d62-8e6b-5f58f82cb32c","CellId":"5","ExecutionId":"b1fb77a9-958a-495d-82c1-be5dfafc0af9","ParametersInfo":""},{"Element":"numpy","ProjectId":"notebook","FileId":"Sample_2. Pipeline Periodically - Mobility Trip.ipynb","Count":"1","Alias":"","Kind":"Module","Line":"1","PackageName":"notebook.Sample_2. Pipeline Periodically - Mobility Trip","Statement":"numpy.__version__","SessionId":"0f552bec-ad97-4d62-8e6b-5f58f82cb32c","CellId":"3","ExecutionId":"b1fb77a9-958a-495d-82c1-be5dfafc0af9","ParametersInfo":""},{"Element":"numpy","ProjectId":"notebook","FileId":"Sample_2. Pipeline Periodically - Mobility Trip.ipynb","Count":"1","Alias":"numpy","Kind":"Module","Line":"1","PackageName":"notebook.Sample_2. Pipeline Periodically - Mobility Trip","Statement":"import numpy","SessionId":"0f552bec-ad97-4d62-8e6b-5f58f82cb32c","CellId":"2","ExecutionId":"b1fb77a9-958a-495d-82c1-be5dfafc0af9","ParametersInfo":""},{"Element":"numpy","ProjectId":"notebook","FileId":"Sample_2. Pipeline Periodically - Mobility Trip.ipynb","Count":"1","Alias":"np","Kind":"Module","Line":"9","PackageName":"notebook.Sample_2. Pipeline Periodically - Mobility Trip","Statement":"import numpy as np","SessionId":"0f552bec-ad97-4d62-8e6b-5f58f82cb32c","CellId":"5","ExecutionId":"b1fb77a9-958a-495d-82c1-be5dfafc0af9","ParametersInfo":""}]