[{"ExecutionId":"0f552bec-ad97-4d62-8e6b-5f58f82cb32c","ToolName":"IsolationController","ToolVersion":"20.1.0.0","AssemblyName":"Mobilize.Common.Controller","LogFile":"","FinalResult":"Success","ExceptionReport":"","StartTime":"0","EndTime":"638881751001296260","SystemName":"J7Q0W92HHV"},{"ExecutionId":"a1cbc006-17c0-4db1-a282-bccf0e51f12f","ToolName":"PythonSnowConvert","ToolVersion":"2.7.5.0","AssemblyName":"Snowflake.SnowConvertDesktop, Version=2.7.5.0, Culture=neutral, PublicKeyToken=null","LogFile":"","FinalResult":"Success","ExceptionReport":"","StartTime":"638881750840710240","EndTime":"638881751001263240","SystemName":"J7Q0W92HHV"}]