[{"ExecutionId":"a1cbc006-17c0-4db1-a282-bccf0e51f12f","FileId":"Sample_1. Pipeline Periodically - Usual Environment with Entropy.ipynb","Dependency":"pnt_bps_int.data_cerdas_ue_sample","Type":"IOSources","Success":"False","StatusDetail":"DoesNotExists","Arguments":"{\"mode\":\"input\",\"format\":\"Undefined\",\"supported\":\"False\"}","Location":"[{\"CellId\":\"27\",\"Line\":\"16\"},{\"CellId\":\"35\",\"Line\":\"1\"}]"},{"ExecutionId":"a1cbc006-17c0-4db1-a282-bccf0e51f12f","FileId":"Sample_1. Pipeline Periodically - Usual Environment with Entropy.ipynb","Dependency":"event_month","Type":"IOSources","Success":"False","StatusDetail":"DoesNotExists","Arguments":"{\"mode\":\"output\",\"format\":\"Undefined\",\"supported\":\"False\"}","Location":"[{\"CellId\":\"27\",\"Line\":\"16\"}]"},{"ExecutionId":"a1cbc006-17c0-4db1-a282-bccf0e51f12f","FileId":"Sample_1. Pipeline Periodically - Usual Environment with Entropy.ipynb","Dependency":"pe_bps.wisnus_sample5_lbs_2024","Type":"IOSources","Success":"False","StatusDetail":"DoesNotExists","Arguments":"{\"mode\":\"input\",\"format\":\"Undefined\",\"supported\":\"False\"}","Location":"[{\"CellId\":\"11\",\"Line\":\"6\"}]"},{"ExecutionId":"a1cbc006-17c0-4db1-a282-bccf0e51f12f","FileId":"Sample_1. Pipeline Periodically - Usual Environment with Entropy.ipynb","Dependency":"pnt_bps_int.data_cerdas_ue_monthly_sample","Type":"IOSources","Success":"False","StatusDetail":"DoesNotExists","Arguments":"{\"mode\":\"input\",\"format\":\"Undefined\",\"supported\":\"False\"}","Location":"[{\"CellId\":\"16\",\"Line\":\"11\"},{\"CellId\":\"18\",\"Line\":\"1\"},{\"CellId\":\"21\",\"Line\":\"1\"},{\"CellId\":\"30\",\"Line\":\"1\"}]"},{"ExecutionId":"a1cbc006-17c0-4db1-a282-bccf0e51f12f","FileId":"Sample_1. Pipeline Periodically - Usual Environment with Entropy.ipynb","Dependency":"pe_bps.indonesia_h3_38prov","Type":"IOSources","Success":"False","StatusDetail":"DoesNotExists","Arguments":"{\"mode\":\"input\",\"format\":\"Undefined\",\"supported\":\"False\"}","Location":"[{\"CellId\":\"11\",\"Line\":\"4\"}]"},{"ExecutionId":"a1cbc006-17c0-4db1-a282-bccf0e51f12f","FileId":"Sample_1. Pipeline Periodically - Usual Environment with Entropy.ipynb","Dependency":"month","Type":"IOSources","Success":"False","StatusDetail":"DoesNotExists","Arguments":"{\"mode\":\"output\",\"format\":\"Undefined\",\"supported\":\"False\"}","Location":"[{\"CellId\":\"16\",\"Line\":\"11\"}]"},{"ExecutionId":"a1cbc006-17c0-4db1-a282-bccf0e51f12f","FileId":"Sample_1. Pipeline Periodically - Usual Environment with Entropy.ipynb","Dependency":"append","Type":"IOSources","Success":"False","StatusDetail":"DoesNotExists","Arguments":"{\"mode\":\"output\",\"format\":\"Undefined\",\"supported\":\"False\"}","Location":"[{\"CellId\":\"16\",\"Line\":\"11\"},{\"CellId\":\"27\",\"Line\":\"16\"}]"},{"ExecutionId":"a1cbc006-17c0-4db1-a282-bccf0e51f12f","FileId":"Sample_1. Pipeline Periodically - Usual Environment with Entropy.ipynb","Dependency":"pyspark.sql.types.StringType","Type":"ThirdPartyLibraries","Success":"True","StatusDetail":"Supported","Arguments":"{}","Location":"[{\"CellId\":\"4\",\"Line\":\"9\"}]"},{"ExecutionId":"a1cbc006-17c0-4db1-a282-bccf0e51f12f","FileId":"Sample_1. Pipeline Periodically - Usual Environment with Entropy.ipynb","Dependency":"pyspark.sql.types.DoubleType","Type":"ThirdPartyLibraries","Success":"True","StatusDetail":"Supported","Arguments":"{}","Location":"[{\"CellId\":\"4\",\"Line\":\"9\"}]"},{"ExecutionId":"a1cbc006-17c0-4db1-a282-bccf0e51f12f","FileId":"Sample_1. Pipeline Periodically - Usual Environment with Entropy.ipynb","Dependency":"pyspark.sql.window.Window","Type":"ThirdPartyLibraries","Success":"True","StatusDetail":"Supported","Arguments":"{}","Location":"[{\"CellId\":\"4\",\"Line\":\"8\"},{\"CellId\":\"5\",\"Line\":\"19\"}]"},{"ExecutionId":"a1cbc006-17c0-4db1-a282-bccf0e51f12f","FileId":"Sample_1. Pipeline Periodically - Usual Environment with Entropy.ipynb","Dependency":"pyspark.sql.types.TimestampType","Type":"ThirdPartyLibraries","Success":"True","StatusDetail":"Supported","Arguments":"{}","Location":"[{\"CellId\":\"4\",\"Line\":\"9\"}]"},{"ExecutionId":"a1cbc006-17c0-4db1-a282-bccf0e51f12f","FileId":"Sample_1. Pipeline Periodically - Usual Environment with Entropy.ipynb","Dependency":"pyspark.sql.SparkSession","Type":"ThirdPartyLibraries","Success":"True","StatusDetail":"Supported","Arguments":"{}","Location":"[{\"CellId\":\"4\",\"Line\":\"6\"},{\"CellId\":\"5\",\"Line\":\"16\"}]"},{"ExecutionId":"a1cbc006-17c0-4db1-a282-bccf0e51f12f","FileId":"Sample_1. Pipeline Periodically - Usual Environment with Entropy.ipynb","Dependency":"pyspark.conf.SparkConf","Type":"ThirdPartyLibraries","Success":"True","StatusDetail":"Supported","Arguments":"{}","Location":"[{\"CellId\":\"5\",\"Line\":\"11\"},{\"CellId\":\"5\",\"Line\":\"15\"}]"},{"ExecutionId":"a1cbc006-17c0-4db1-a282-bccf0e51f12f","FileId":"Sample_1. Pipeline Periodically - Usual Environment with Entropy.ipynb","Dependency":"geopy","Type":"ThirdPartyLibraries","Success":"True","StatusDetail":"Supported","Arguments":"{}","Location":"[{\"CellId\":\"5\",\"Line\":\"7\"}]"},{"ExecutionId":"a1cbc006-17c0-4db1-a282-bccf0e51f12f","FileId":"Sample_1. Pipeline Periodically - Usual Environment with Entropy.ipynb","Dependency":"pyspark.sql.functions.lag","Type":"ThirdPartyLibraries","Success":"True","StatusDetail":"Supported","Arguments":"{}","Location":"[{\"CellId\":\"4\",\"Line\":\"7\"}]"},{"ExecutionId":"a1cbc006-17c0-4db1-a282-bccf0e51f12f","FileId":"Sample_1. Pipeline Periodically - Usual Environment with Entropy.ipynb","Dependency":"pyspark.sql.DataFrame","Type":"ThirdPartyLibraries","Success":"True","StatusDetail":"Supported","Arguments":"{}","Location":"[{\"CellId\":\"5\",\"Line\":\"16\"}]"},{"ExecutionId":"a1cbc006-17c0-4db1-a282-bccf0e51f12f","FileId":"Sample_1. Pipeline Periodically - Usual Environment with Entropy.ipynb","Dependency":"numpy","Type":"ThirdPartyLibraries","Success":"True","StatusDetail":"Supported","Arguments":"{}","Location":"[{\"CellId\":\"2\",\"Line\":\"1\"},{\"CellId\":\"5\",\"Line\":\"9\"}]"},{"ExecutionId":"a1cbc006-17c0-4db1-a282-bccf0e51f12f","FileId":"Sample_1. Pipeline Periodically - Usual Environment with Entropy.ipynb","Dependency":"geopandas","Type":"ThirdPartyLibraries","Success":"True","StatusDetail":"Supported","Arguments":"{}","Location":"[{\"CellId\":\"5\",\"Line\":\"6\"}]"},{"ExecutionId":"a1cbc006-17c0-4db1-a282-bccf0e51f12f","FileId":"Sample_1. Pipeline Periodically - Usual Environment with Entropy.ipynb","Dependency":"pyspark.sql.types.StructField","Type":"ThirdPartyLibraries","Success":"True","StatusDetail":"Supported","Arguments":"{}","Location":"[{\"CellId\":\"4\",\"Line\":\"9\"}]"},{"ExecutionId":"a1cbc006-17c0-4db1-a282-bccf0e51f12f","FileId":"Sample_1. Pipeline Periodically - Usual Environment with Entropy.ipynb","Dependency":"pyspark.sql.types.IntegerType","Type":"ThirdPartyLibraries","Success":"True","StatusDetail":"Supported","Arguments":"{}","Location":"[{\"CellId\":\"4\",\"Line\":\"9\"}]"},{"ExecutionId":"a1cbc006-17c0-4db1-a282-bccf0e51f12f","FileId":"Sample_1. Pipeline Periodically - Usual Environment with Entropy.ipynb","Dependency":"shapely.wkt.loads","Type":"ThirdPartyLibraries","Success":"True","StatusDetail":"Supported","Arguments":"{}","Location":"[{\"CellId\":\"2\",\"Line\":\"4\"},{\"CellId\":\"5\",\"Line\":\"21\"}]"},{"ExecutionId":"a1cbc006-17c0-4db1-a282-bccf0e51f12f","FileId":"Sample_1. Pipeline Periodically - Usual Environment with Entropy.ipynb","Dependency":"pyspark.sql.types.StructType","Type":"ThirdPartyLibraries","Success":"True","StatusDetail":"Supported","Arguments":"{}","Location":"[{\"CellId\":\"4\",\"Line\":\"9\"}]"},{"ExecutionId":"a1cbc006-17c0-4db1-a282-bccf0e51f12f","FileId":"Sample_1. Pipeline Periodically - Usual Environment with Entropy.ipynb","Dependency":"pyspark.sql.types.DateType","Type":"ThirdPartyLibraries","Success":"True","StatusDetail":"Supported","Arguments":"{}","Location":"[{\"CellId\":\"4\",\"Line\":\"9\"},{\"CellId\":\"5\",\"Line\":\"18\"}]"},{"ExecutionId":"a1cbc006-17c0-4db1-a282-bccf0e51f12f","FileId":"Sample_1. Pipeline Periodically - Usual Environment with Entropy.ipynb","Dependency":"pyspark.SparkContext","Type":"ThirdPartyLibraries","Success":"True","StatusDetail":"Supported","Arguments":"{}","Location":"[{\"CellId\":\"5\",\"Line\":\"14\"}]"},{"ExecutionId":"a1cbc006-17c0-4db1-a282-bccf0e51f12f","FileId":"Sample_1. Pipeline Periodically - Usual Environment with Entropy.ipynb","Dependency":"pyproj","Type":"ThirdPartyLibraries","Success":"True","StatusDetail":"Supported","Arguments":"{}","Location":"[{\"CellId\":\"2\",\"Line\":\"3\"}]"},{"ExecutionId":"a1cbc006-17c0-4db1-a282-bccf0e51f12f","FileId":"Sample_1. Pipeline Periodically - Usual Environment with Entropy.ipynb","Dependency":"pyspark.sql.functions.lead","Type":"ThirdPartyLibraries","Success":"True","StatusDetail":"Supported","Arguments":"{}","Location":"[{\"CellId\":\"4\",\"Line\":\"7\"}]"},{"ExecutionId":"a1cbc006-17c0-4db1-a282-bccf0e51f12f","FileId":"Sample_1. Pipeline Periodically - Usual Environment with Entropy.ipynb","Dependency":"pyspark.sql.functions.col","Type":"ThirdPartyLibraries","Success":"True","StatusDetail":"Supported","Arguments":"{}","Location":"[{\"CellId\":\"4\",\"Line\":\"5\"},{\"CellId\":\"4\",\"Line\":\"7\"},{\"CellId\":\"5\",\"Line\":\"17\"}]"},{"ExecutionId":"a1cbc006-17c0-4db1-a282-bccf0e51f12f","FileId":"Sample_1. Pipeline Periodically - Usual Environment with Entropy.ipynb","Dependency":"pandas","Type":"ThirdPartyLibraries","Success":"True","StatusDetail":"Supported","Arguments":"{}","Location":"[{\"CellId\":\"2\",\"Line\":\"2\"},{\"CellId\":\"4\",\"Line\":\"4\"},{\"CellId\":\"5\",\"Line\":\"10\"}]"},{"ExecutionId":"a1cbc006-17c0-4db1-a282-bccf0e51f12f","FileId":"Sample_1. Pipeline Periodically - Usual Environment with Entropy.ipynb","Dependency":"h3_pyspark","Type":"UnknownLibraries","Success":"False","StatusDetail":"NotSupported","Arguments":"{}","Location":"[{\"CellId\":\"4\",\"Line\":\"2\"},{\"CellId\":\"4\",\"Line\":\"3\"},{\"CellId\":\"5\",\"Line\":\"8\"}]"},{"ExecutionId":"a1cbc006-17c0-4db1-a282-bccf0e51f12f","FileId":"Sample_1. Pipeline Periodically - Usual Environment with Entropy.ipynb","Dependency":"sklearn","Type":"UnknownLibraries","Success":"False","StatusDetail":"NotSupported","Arguments":"{}","Location":"[{\"CellId\":\"2\",\"Line\":\"5\"}]"},{"ExecutionId":"a1cbc006-17c0-4db1-a282-bccf0e51f12f","FileId":"Sample_1. Pipeline Periodically - Usual Environment with Entropy.ipynb","Dependency":"sedona","Type":"UnknownLibraries","Success":"False","StatusDetail":"NotSupported","Arguments":"{}","Location":"[{\"CellId\":\"5\",\"Line\":\"12\"}]"},{"ExecutionId":"a1cbc006-17c0-4db1-a282-bccf0e51f12f","FileId":"Sample_2. Pipeline Periodically - Mobility Trip.ipynb","Dependency":"pe_bps.wisnus_sample5_staypoint_2024","Type":"IOSources","Success":"False","StatusDetail":"DoesNotExists","Arguments":"{\"mode\":\"input\",\"format\":\"Undefined\",\"supported\":\"False\"}","Location":"[{\"CellId\":\"15\",\"Line\":\"2\"}]"},{"ExecutionId":"a1cbc006-17c0-4db1-a282-bccf0e51f12f","FileId":"Sample_2. Pipeline Periodically - Mobility Trip.ipynb","Dependency":"pe_bps.indonesia_h3_38prov","Type":"IOSources","Success":"False","StatusDetail":"DoesNotExists","Arguments":"{\"mode\":\"input\",\"format\":\"Undefined\",\"supported\":\"False\"}","Location":"[{\"CellId\":\"15\",\"Line\":\"23\"}]"},{"ExecutionId":"a1cbc006-17c0-4db1-a282-bccf0e51f12f","FileId":"Sample_2. Pipeline Periodically - Mobility Trip.ipynb","Dependency":"pnt_bps_int_stg.data_cerdas_mobility_trip_sample","Type":"IOSources","Success":"False","StatusDetail":"DoesNotExists","Arguments":"{\"mode\":\"input\",\"format\":\"Undefined\",\"supported\":\"False\"}","Location":"[{\"CellId\":\"20\",\"Line\":\"18\"},{\"CellId\":\"23\",\"Line\":\"1\"},{\"CellId\":\"24\",\"Line\":\"33\"}]"},{"ExecutionId":"a1cbc006-17c0-4db1-a282-bccf0e51f12f","FileId":"Sample_2. Pipeline Periodically - Mobility Trip.ipynb","Dependency":"pnt_bps_int.data_cerdas_ue_sample","Type":"IOSources","Success":"False","StatusDetail":"DoesNotExists","Arguments":"{\"mode\":\"input\",\"format\":\"Undefined\",\"supported\":\"False\"}","Location":"[{\"CellId\":\"15\",\"Line\":\"6\"}]"},{"ExecutionId":"a1cbc006-17c0-4db1-a282-bccf0e51f12f","FileId":"Sample_2. Pipeline Periodically - Mobility Trip.ipynb","Dependency":"pnt_bps_int_stg.inbound_sample5_lbs_2024","Type":"IOSources","Success":"False","StatusDetail":"DoesNotExists","Arguments":"{\"mode\":\"input\",\"format\":\"Undefined\",\"supported\":\"False\"}","Location":"[{\"CellId\":\"15\",\"Line\":\"4\"}]"},{"ExecutionId":"a1cbc006-17c0-4db1-a282-bccf0e51f12f","FileId":"Sample_2. Pipeline Periodically - Mobility Trip.ipynb","Dependency":"append","Type":"IOSources","Success":"False","StatusDetail":"DoesNotExists","Arguments":"{\"mode\":\"output\",\"format\":\"Undefined\",\"supported\":\"False\"}","Location":"[{\"CellId\":\"20\",\"Line\":\"18\"}]"},{"ExecutionId":"a1cbc006-17c0-4db1-a282-bccf0e51f12f","FileId":"Sample_2. Pipeline Periodically - Mobility Trip.ipynb","Dependency":"execute_month","Type":"IOSources","Success":"False","StatusDetail":"DoesNotExists","Arguments":"{\"mode\":\"output\",\"format\":\"Undefined\",\"supported\":\"False\"}","Location":"[{\"CellId\":\"20\",\"Line\":\"18\"}]"},{"ExecutionId":"a1cbc006-17c0-4db1-a282-bccf0e51f12f","FileId":"Sample_2. Pipeline Periodically - Mobility Trip.ipynb","Dependency":"pyspark.sql.functions.lag","Type":"ThirdPartyLibraries","Success":"True","StatusDetail":"Supported","Arguments":"{}","Location":"[{\"CellId\":\"4\",\"Line\":\"7\"}]"},{"ExecutionId":"a1cbc006-17c0-4db1-a282-bccf0e51f12f","FileId":"Sample_2. Pipeline Periodically - Mobility Trip.ipynb","Dependency":"pyspark.conf.SparkConf","Type":"ThirdPartyLibraries","Success":"True","StatusDetail":"Supported","Arguments":"{}","Location":"[{\"CellId\":\"5\",\"Line\":\"11\"},{\"CellId\":\"5\",\"Line\":\"15\"}]"},{"ExecutionId":"a1cbc006-17c0-4db1-a282-bccf0e51f12f","FileId":"Sample_2. Pipeline Periodically - Mobility Trip.ipynb","Dependency":"pyspark.sql.functions.col","Type":"ThirdPartyLibraries","Success":"True","StatusDetail":"Supported","Arguments":"{}","Location":"[{\"CellId\":\"24\",\"Line\":\"1\"},{\"CellId\":\"4\",\"Line\":\"5\"},{\"CellId\":\"4\",\"Line\":\"7\"},{\"CellId\":\"5\",\"Line\":\"17\"}]"},{"ExecutionId":"a1cbc006-17c0-4db1-a282-bccf0e51f12f","FileId":"Sample_2. Pipeline Periodically - Mobility Trip.ipynb","Dependency":"pyspark.SparkContext","Type":"ThirdPartyLibraries","Success":"True","StatusDetail":"Supported","Arguments":"{}","Location":"[{\"CellId\":\"5\",\"Line\":\"14\"}]"},{"ExecutionId":"a1cbc006-17c0-4db1-a282-bccf0e51f12f","FileId":"Sample_2. Pipeline Periodically - Mobility Trip.ipynb","Dependency":"pyspark.sql.DataFrame","Type":"ThirdPartyLibraries","Success":"True","StatusDetail":"Supported","Arguments":"{}","Location":"[{\"CellId\":\"5\",\"Line\":\"16\"}]"},{"ExecutionId":"a1cbc006-17c0-4db1-a282-bccf0e51f12f","FileId":"Sample_2. Pipeline Periodically - Mobility Trip.ipynb","Dependency":"numpy","Type":"ThirdPartyLibraries","Success":"True","StatusDetail":"Supported","Arguments":"{}","Location":"[{\"CellId\":\"2\",\"Line\":\"1\"},{\"CellId\":\"5\",\"Line\":\"9\"}]"},{"ExecutionId":"a1cbc006-17c0-4db1-a282-bccf0e51f12f","FileId":"Sample_2. Pipeline Periodically - Mobility Trip.ipynb","Dependency":"pandas","Type":"ThirdPartyLibraries","Success":"True","StatusDetail":"Supported","Arguments":"{}","Location":"[{\"CellId\":\"2\",\"Line\":\"2\"},{\"CellId\":\"4\",\"Line\":\"4\"},{\"CellId\":\"5\",\"Line\":\"10\"}]"},{"ExecutionId":"a1cbc006-17c0-4db1-a282-bccf0e51f12f","FileId":"Sample_2. Pipeline Periodically - Mobility Trip.ipynb","Dependency":"geopy","Type":"ThirdPartyLibraries","Success":"True","StatusDetail":"Supported","Arguments":"{}","Location":"[{\"CellId\":\"5\",\"Line\":\"7\"}]"},{"ExecutionId":"a1cbc006-17c0-4db1-a282-bccf0e51f12f","FileId":"Sample_2. Pipeline Periodically - Mobility Trip.ipynb","Dependency":"pyproj","Type":"ThirdPartyLibraries","Success":"True","StatusDetail":"Supported","Arguments":"{}","Location":"[{\"CellId\":\"2\",\"Line\":\"3\"}]"},{"ExecutionId":"a1cbc006-17c0-4db1-a282-bccf0e51f12f","FileId":"Sample_2. Pipeline Periodically - Mobility Trip.ipynb","Dependency":"geopandas","Type":"ThirdPartyLibraries","Success":"True","StatusDetail":"Supported","Arguments":"{}","Location":"[{\"CellId\":\"5\",\"Line\":\"6\"}]"},{"ExecutionId":"a1cbc006-17c0-4db1-a282-bccf0e51f12f","FileId":"Sample_2. Pipeline Periodically - Mobility Trip.ipynb","Dependency":"pyspark.sql.types.StructType","Type":"ThirdPartyLibraries","Success":"True","StatusDetail":"Supported","Arguments":"{}","Location":"[{\"CellId\":\"4\",\"Line\":\"9\"}]"},{"ExecutionId":"a1cbc006-17c0-4db1-a282-bccf0e51f12f","FileId":"Sample_2. Pipeline Periodically - Mobility Trip.ipynb","Dependency":"pyspark.sql.types.StructField","Type":"ThirdPartyLibraries","Success":"True","StatusDetail":"Supported","Arguments":"{}","Location":"[{\"CellId\":\"4\",\"Line\":\"9\"}]"},{"ExecutionId":"a1cbc006-17c0-4db1-a282-bccf0e51f12f","FileId":"Sample_2. Pipeline Periodically - Mobility Trip.ipynb","Dependency":"pyspark.sql.types.TimestampType","Type":"ThirdPartyLibraries","Success":"True","StatusDetail":"Supported","Arguments":"{}","Location":"[{\"CellId\":\"4\",\"Line\":\"9\"}]"},{"ExecutionId":"a1cbc006-17c0-4db1-a282-bccf0e51f12f","FileId":"Sample_2. Pipeline Periodically - Mobility Trip.ipynb","Dependency":"shapely.wkt.loads","Type":"ThirdPartyLibraries","Success":"True","StatusDetail":"Supported","Arguments":"{}","Location":"[{\"CellId\":\"2\",\"Line\":\"4\"},{\"CellId\":\"5\",\"Line\":\"21\"}]"},{"ExecutionId":"a1cbc006-17c0-4db1-a282-bccf0e51f12f","FileId":"Sample_2. Pipeline Periodically - Mobility Trip.ipynb","Dependency":"pyspark.sql.window.Window","Type":"ThirdPartyLibraries","Success":"True","StatusDetail":"Supported","Arguments":"{}","Location":"[{\"CellId\":\"4\",\"Line\":\"8\"},{\"CellId\":\"5\",\"Line\":\"19\"}]"},{"ExecutionId":"a1cbc006-17c0-4db1-a282-bccf0e51f12f","FileId":"Sample_2. Pipeline Periodically - Mobility Trip.ipynb","Dependency":"pyspark.sql.types.StringType","Type":"ThirdPartyLibraries","Success":"True","StatusDetail":"Supported","Arguments":"{}","Location":"[{\"CellId\":\"4\",\"Line\":\"9\"}]"},{"ExecutionId":"a1cbc006-17c0-4db1-a282-bccf0e51f12f","FileId":"Sample_2. Pipeline Periodically - Mobility Trip.ipynb","Dependency":"pyspark.sql.types.DateType","Type":"ThirdPartyLibraries","Success":"True","StatusDetail":"Supported","Arguments":"{}","Location":"[{\"CellId\":\"4\",\"Line\":\"9\"},{\"CellId\":\"5\",\"Line\":\"18\"}]"},{"ExecutionId":"a1cbc006-17c0-4db1-a282-bccf0e51f12f","FileId":"Sample_2. Pipeline Periodically - Mobility Trip.ipynb","Dependency":"pyspark.sql.SparkSession","Type":"ThirdPartyLibraries","Success":"True","StatusDetail":"Supported","Arguments":"{}","Location":"[{\"CellId\":\"4\",\"Line\":\"6\"},{\"CellId\":\"5\",\"Line\":\"16\"}]"},{"ExecutionId":"a1cbc006-17c0-4db1-a282-bccf0e51f12f","FileId":"Sample_2. Pipeline Periodically - Mobility Trip.ipynb","Dependency":"pyspark.sql.functions.lead","Type":"ThirdPartyLibraries","Success":"True","StatusDetail":"Supported","Arguments":"{}","Location":"[{\"CellId\":\"4\",\"Line\":\"7\"}]"},{"ExecutionId":"a1cbc006-17c0-4db1-a282-bccf0e51f12f","FileId":"Sample_2. Pipeline Periodically - Mobility Trip.ipynb","Dependency":"pyspark.sql.types.DoubleType","Type":"ThirdPartyLibraries","Success":"True","StatusDetail":"Supported","Arguments":"{}","Location":"[{\"CellId\":\"4\",\"Line\":\"9\"}]"},{"ExecutionId":"a1cbc006-17c0-4db1-a282-bccf0e51f12f","FileId":"Sample_2. Pipeline Periodically - Mobility Trip.ipynb","Dependency":"pyspark.sql.types.IntegerType","Type":"ThirdPartyLibraries","Success":"True","StatusDetail":"Supported","Arguments":"{}","Location":"[{\"CellId\":\"4\",\"Line\":\"9\"}]"},{"ExecutionId":"a1cbc006-17c0-4db1-a282-bccf0e51f12f","FileId":"Sample_2. Pipeline Periodically - Mobility Trip.ipynb","Dependency":"h3_pyspark","Type":"UnknownLibraries","Success":"False","StatusDetail":"NotSupported","Arguments":"{}","Location":"[{\"CellId\":\"4\",\"Line\":\"2\"},{\"CellId\":\"4\",\"Line\":\"3\"},{\"CellId\":\"5\",\"Line\":\"8\"}]"},{"ExecutionId":"a1cbc006-17c0-4db1-a282-bccf0e51f12f","FileId":"Sample_2. Pipeline Periodically - Mobility Trip.ipynb","Dependency":"sklearn","Type":"UnknownLibraries","Success":"False","StatusDetail":"NotSupported","Arguments":"{}","Location":"[{\"CellId\":\"2\",\"Line\":\"5\"}]"},{"ExecutionId":"a1cbc006-17c0-4db1-a282-bccf0e51f12f","FileId":"Sample_2. Pipeline Periodically - Mobility Trip.ipynb","Dependency":"sedona","Type":"UnknownLibraries","Success":"False","StatusDetail":"NotSupported","Arguments":"{}","Location":"[{\"CellId\":\"5\",\"Line\":\"12\"}]"},{"ExecutionId":"a1cbc006-17c0-4db1-a282-bccf0e51f12f","FileId":"Sample_3a. Pipeline Periodically - Tourism.ipynb","Dependency":"execute_month","Type":"IOSources","Success":"False","StatusDetail":"DoesNotExists","Arguments":"{\"mode\":\"output\",\"format\":\"Undefined\",\"supported\":\"False\"}","Location":"[{\"CellId\":\"18\",\"Line\":\"5\"}]"},{"ExecutionId":"a1cbc006-17c0-4db1-a282-bccf0e51f12f","FileId":"Sample_3a. Pipeline Periodically - Tourism.ipynb","Dependency":"append","Type":"IOSources","Success":"False","StatusDetail":"DoesNotExists","Arguments":"{\"mode\":\"output\",\"format\":\"Undefined\",\"supported\":\"False\"}","Location":"[{\"CellId\":\"18\",\"Line\":\"5\"}]"},{"ExecutionId":"a1cbc006-17c0-4db1-a282-bccf0e51f12f","FileId":"Sample_3a. Pipeline Periodically - Tourism.ipynb","Dependency":"pnt_bps_int_stg.data_cerdas_tourism_sample","Type":"IOSources","Success":"False","StatusDetail":"DoesNotExists","Arguments":"{\"mode\":\"output\",\"format\":\"Undefined\",\"supported\":\"False\"}","Location":"[{\"CellId\":\"18\",\"Line\":\"5\"},{\"CellId\":\"21\",\"Line\":\"1\"}]"},{"ExecutionId":"a1cbc006-17c0-4db1-a282-bccf0e51f12f","FileId":"Sample_3a. Pipeline Periodically - Tourism.ipynb","Dependency":"pnt_bps_int_stg.data_cerdas_mobility_trip_sample","Type":"IOSources","Success":"False","StatusDetail":"DoesNotExists","Arguments":"{\"mode\":\"input\",\"format\":\"Undefined\",\"supported\":\"False\"}","Location":"[{\"CellId\":\"14\",\"Line\":\"1\"},{\"CellId\":\"24\",\"Line\":\"1\"}]"},{"ExecutionId":"a1cbc006-17c0-4db1-a282-bccf0e51f12f","FileId":"Sample_3a. Pipeline Periodically - Tourism.ipynb","Dependency":"pyspark.sql.DataFrame","Type":"ThirdPartyLibraries","Success":"True","StatusDetail":"Supported","Arguments":"{}","Location":"[{\"CellId\":\"5\",\"Line\":\"16\"}]"},{"ExecutionId":"a1cbc006-17c0-4db1-a282-bccf0e51f12f","FileId":"Sample_3a. Pipeline Periodically - Tourism.ipynb","Dependency":"pyspark.SparkContext","Type":"ThirdPartyLibraries","Success":"True","StatusDetail":"Supported","Arguments":"{}","Location":"[{\"CellId\":\"5\",\"Line\":\"14\"}]"},{"ExecutionId":"a1cbc006-17c0-4db1-a282-bccf0e51f12f","FileId":"Sample_3a. Pipeline Periodically - Tourism.ipynb","Dependency":"pyspark.sql.functions.col","Type":"ThirdPartyLibraries","Success":"True","StatusDetail":"Supported","Arguments":"{}","Location":"[{\"CellId\":\"4\",\"Line\":\"5\"},{\"CellId\":\"4\",\"Line\":\"7\"},{\"CellId\":\"5\",\"Line\":\"17\"}]"},{"ExecutionId":"a1cbc006-17c0-4db1-a282-bccf0e51f12f","FileId":"Sample_3a. Pipeline Periodically - Tourism.ipynb","Dependency":"pyspark.sql.functions.lead","Type":"ThirdPartyLibraries","Success":"True","StatusDetail":"Supported","Arguments":"{}","Location":"[{\"CellId\":\"4\",\"Line\":\"7\"}]"},{"ExecutionId":"a1cbc006-17c0-4db1-a282-bccf0e51f12f","FileId":"Sample_3a. Pipeline Periodically - Tourism.ipynb","Dependency":"pyspark.sql.functions.lag","Type":"ThirdPartyLibraries","Success":"True","StatusDetail":"Supported","Arguments":"{}","Location":"[{\"CellId\":\"4\",\"Line\":\"7\"}]"},{"ExecutionId":"a1cbc006-17c0-4db1-a282-bccf0e51f12f","FileId":"Sample_3a. Pipeline Periodically - Tourism.ipynb","Dependency":"pyspark.conf.SparkConf","Type":"ThirdPartyLibraries","Success":"True","StatusDetail":"Supported","Arguments":"{}","Location":"[{\"CellId\":\"5\",\"Line\":\"11\"},{\"CellId\":\"5\",\"Line\":\"15\"}]"},{"ExecutionId":"a1cbc006-17c0-4db1-a282-bccf0e51f12f","FileId":"Sample_3a. Pipeline Periodically - Tourism.ipynb","Dependency":"geopy","Type":"ThirdPartyLibraries","Success":"True","StatusDetail":"Supported","Arguments":"{}","Location":"[{\"CellId\":\"5\",\"Line\":\"7\"}]"},{"ExecutionId":"a1cbc006-17c0-4db1-a282-bccf0e51f12f","FileId":"Sample_3a. Pipeline Periodically - Tourism.ipynb","Dependency":"geopandas","Type":"ThirdPartyLibraries","Success":"True","StatusDetail":"Supported","Arguments":"{}","Location":"[{\"CellId\":\"5\",\"Line\":\"6\"}]"},{"ExecutionId":"a1cbc006-17c0-4db1-a282-bccf0e51f12f","FileId":"Sample_3a. Pipeline Periodically - Tourism.ipynb","Dependency":"numpy","Type":"ThirdPartyLibraries","Success":"True","StatusDetail":"Supported","Arguments":"{}","Location":"[{\"CellId\":\"2\",\"Line\":\"1\"},{\"CellId\":\"5\",\"Line\":\"9\"}]"},{"ExecutionId":"a1cbc006-17c0-4db1-a282-bccf0e51f12f","FileId":"Sample_3a. Pipeline Periodically - Tourism.ipynb","Dependency":"pyproj","Type":"ThirdPartyLibraries","Success":"True","StatusDetail":"Supported","Arguments":"{}","Location":"[{\"CellId\":\"2\",\"Line\":\"3\"}]"},{"ExecutionId":"a1cbc006-17c0-4db1-a282-bccf0e51f12f","FileId":"Sample_3a. Pipeline Periodically - Tourism.ipynb","Dependency":"pandas","Type":"ThirdPartyLibraries","Success":"True","StatusDetail":"Supported","Arguments":"{}","Location":"[{\"CellId\":\"2\",\"Line\":\"2\"},{\"CellId\":\"4\",\"Line\":\"4\"},{\"CellId\":\"5\",\"Line\":\"10\"}]"},{"ExecutionId":"a1cbc006-17c0-4db1-a282-bccf0e51f12f","FileId":"Sample_3a. Pipeline Periodically - Tourism.ipynb","Dependency":"pyspark.sql.SparkSession","Type":"ThirdPartyLibraries","Success":"True","StatusDetail":"Supported","Arguments":"{}","Location":"[{\"CellId\":\"4\",\"Line\":\"6\"},{\"CellId\":\"5\",\"Line\":\"16\"}]"},{"ExecutionId":"a1cbc006-17c0-4db1-a282-bccf0e51f12f","FileId":"Sample_3a. Pipeline Periodically - Tourism.ipynb","Dependency":"pyspark.sql.types.TimestampType","Type":"ThirdPartyLibraries","Success":"True","StatusDetail":"Supported","Arguments":"{}","Location":"[{\"CellId\":\"4\",\"Line\":\"9\"}]"},{"ExecutionId":"a1cbc006-17c0-4db1-a282-bccf0e51f12f","FileId":"Sample_3a. Pipeline Periodically - Tourism.ipynb","Dependency":"pyspark.sql.types.StructType","Type":"ThirdPartyLibraries","Success":"True","StatusDetail":"Supported","Arguments":"{}","Location":"[{\"CellId\":\"4\",\"Line\":\"9\"}]"},{"ExecutionId":"a1cbc006-17c0-4db1-a282-bccf0e51f12f","FileId":"Sample_3a. Pipeline Periodically - Tourism.ipynb","Dependency":"shapely.wkt.loads","Type":"ThirdPartyLibraries","Success":"True","StatusDetail":"Supported","Arguments":"{}","Location":"[{\"CellId\":\"2\",\"Line\":\"4\"},{\"CellId\":\"5\",\"Line\":\"21\"}]"},{"ExecutionId":"a1cbc006-17c0-4db1-a282-bccf0e51f12f","FileId":"Sample_3a. Pipeline Periodically - Tourism.ipynb","Dependency":"pyspark.sql.window.Window","Type":"ThirdPartyLibraries","Success":"True","StatusDetail":"Supported","Arguments":"{}","Location":"[{\"CellId\":\"4\",\"Line\":\"8\"},{\"CellId\":\"5\",\"Line\":\"19\"}]"},{"ExecutionId":"a1cbc006-17c0-4db1-a282-bccf0e51f12f","FileId":"Sample_3a. Pipeline Periodically - Tourism.ipynb","Dependency":"pyspark.sql.types.StructField","Type":"ThirdPartyLibraries","Success":"True","StatusDetail":"Supported","Arguments":"{}","Location":"[{\"CellId\":\"4\",\"Line\":\"9\"}]"},{"ExecutionId":"a1cbc006-17c0-4db1-a282-bccf0e51f12f","FileId":"Sample_3a. Pipeline Periodically - Tourism.ipynb","Dependency":"pyspark.sql.types.DoubleType","Type":"ThirdPartyLibraries","Success":"True","StatusDetail":"Supported","Arguments":"{}","Location":"[{\"CellId\":\"4\",\"Line\":\"9\"}]"},{"ExecutionId":"a1cbc006-17c0-4db1-a282-bccf0e51f12f","FileId":"Sample_3a. Pipeline Periodically - Tourism.ipynb","Dependency":"pyspark.sql.types.DateType","Type":"ThirdPartyLibraries","Success":"True","StatusDetail":"Supported","Arguments":"{}","Location":"[{\"CellId\":\"4\",\"Line\":\"9\"},{\"CellId\":\"5\",\"Line\":\"18\"}]"},{"ExecutionId":"a1cbc006-17c0-4db1-a282-bccf0e51f12f","FileId":"Sample_3a. Pipeline Periodically - Tourism.ipynb","Dependency":"pyspark.sql.types.StringType","Type":"ThirdPartyLibraries","Success":"True","StatusDetail":"Supported","Arguments":"{}","Location":"[{\"CellId\":\"4\",\"Line\":\"9\"}]"},{"ExecutionId":"a1cbc006-17c0-4db1-a282-bccf0e51f12f","FileId":"Sample_3a. Pipeline Periodically - Tourism.ipynb","Dependency":"pyspark.sql.types.IntegerType","Type":"ThirdPartyLibraries","Success":"True","StatusDetail":"Supported","Arguments":"{}","Location":"[{\"CellId\":\"4\",\"Line\":\"9\"}]"},{"ExecutionId":"a1cbc006-17c0-4db1-a282-bccf0e51f12f","FileId":"Sample_3a. Pipeline Periodically - Tourism.ipynb","Dependency":"sklearn","Type":"UnknownLibraries","Success":"False","StatusDetail":"NotSupported","Arguments":"{}","Location":"[{\"CellId\":\"2\",\"Line\":\"5\"}]"},{"ExecutionId":"a1cbc006-17c0-4db1-a282-bccf0e51f12f","FileId":"Sample_3a. Pipeline Periodically - Tourism.ipynb","Dependency":"sedona","Type":"UnknownLibraries","Success":"False","StatusDetail":"NotSupported","Arguments":"{}","Location":"[{\"CellId\":\"5\",\"Line\":\"12\"}]"},{"ExecutionId":"a1cbc006-17c0-4db1-a282-bccf0e51f12f","FileId":"Sample_3a. Pipeline Periodically - Tourism.ipynb","Dependency":"h3_pyspark","Type":"UnknownLibraries","Success":"False","StatusDetail":"NotSupported","Arguments":"{}","Location":"[{\"CellId\":\"4\",\"Line\":\"2\"},{\"CellId\":\"4\",\"Line\":\"3\"},{\"CellId\":\"5\",\"Line\":\"8\"}]"}]