{
  "IsDetailedReport": "true",
  "TotalFiles": "4",
  "ConversionTime": "00:00:14",
  "TotalLinesOfCode": "6709",
  "TotalTypes": "0",
  "SparkUsages": "1685",
  "FilesWithSpark": "3",
  "SparkIdentifiedUsages": "1685",
  "ReadinesScore": "97.33%",
  "SnowparkReadinessScoreColor": "0",
  "PythonReadinessScore": "97.33%",
  "ScalaReadinessScore": "N/A**",
  "SnowparkReadinessScoreMarginError": "± 0.00%",
  "UsagesReadyForConversion": "1640",
  "SqlReadinessScore": "0%",
  "SqlReadinessScoreColor": "0",
  "SqlSupportedElements": "0",
  "SqlTotalElements": "0",
  "ProcessedCodeFiles": "0",
  "ProcessedNotebookFiles": "3",
  "ProcessedCodeFilesWithParsingErrors": "0",
  "ProcessedNotebookFilesWithParsingErrors": "0",
  "ParsingScore": "100%",
  "ThirdPartyLibrariesReadinessScore": "86.24%",
  "ThirdPartyLibrariesReadinessScoreColor": "1",
  "ThirdPartyLibrariesIdentifiedCalls": "109",
  "ThirdPartyLibrariesSupportedCalls": "94",
  "CustomerName": "OwnerName not provided",
  "CustomerCompany": "Snowflake",
  "CustomerEmail": "muhammad.ardiyan@snowflake.com",
  "SessionId": "0f552bec-ad97-4d62-8e6b-5f58f82cb32c",
  "Timestamp": "2025/07/15 11.18.04",
  "SnowConvertVersion": "8.00.019",
  "SnowparkPythonLibraryVersion": "1.27.000",
  "SnowparkPandasLibraryVersion": "1.27.000",
  "SnowparkScalaLibraryVersion": "1.14.000",
  "FileTypeSummaryPyLinesOfCode": "0",
  "FileTypeSummaryPyFileCount": "0",
  "FileTypeSummaryPyPercentage": "0%",
  "FileTypeSummaryScalaLinesOfCode": "0",
  "FileTypeSummaryScalaFileCount": "0",
  "FileTypeSummaryScalaPercentage": "0%",
  "FileTypeSummaryIpynbLinesOfCode": "833",
  "FileTypeSummaryIpynbFileCount": "3",
  "FileTypeSummaryIpynbPercentage": "75.00%",
  "FileTypeSummaryPythonLinesOfCode": "0",
  "FileTypeSummaryPythonFileCount": "0",
  "FileTypeSummaryPythonPercentage": "0%",
  "FileTypeSummarySqlLinesOfCode": "0",
  "FileTypeSummarySqlFileCount": "0",
  "FileTypeSummarySqlPercentage": "0%",
  "FileTypeSummaryHiveSqlLinesOfCode": "0",
  "FileTypeSummaryHiveSqlFileCount": "0",
  "FileTypeSummaryHiveSqlPercentage": "0%",
  "FileTypeSummaryIgnoredLinesOfCode": "0",
  "FileTypeSummaryIgnoredFileCount": "0",
  "FileTypeSummaryIgnoredPercentage": "0%",
  "FileTypeSummaryOtherLinesOfCode": "N/A",
  "FileTypeSummaryOtherFileCount": "1",
  "FileTypeSummaryOtherPercentage": "25.00%",
  "FileTypeSummaryTotalLinesOfCode": "833",
  "FileTypeSummaryTotalFileCount": "4",
  "FileTypeSummaryTotalPercentage": "100.00%",
  "NotebookSizingByLanguageXsPythonNotebooksCount": "0",
  "NotebookSizingByLanguageXsScalaNotebooksCount": "0",
  "NotebookSizingByLanguageXsSqlNotebooksCount": "0",
  "NotebookSizingByLanguageSPythonNotebooksCount": "0",
  "NotebookSizingByLanguageSScalaNotebooksCount": "0",
  "NotebookSizingByLanguageSSqlNotebooksCount": "0",
  "NotebookSizingByLanguageMPythonNotebooksCount": "3",
  "NotebookSizingByLanguageMScalaNotebooksCount": "0",
  "NotebookSizingByLanguageMSqlNotebooksCount": "0",
  "NotebookSizingByLanguageLPythonNotebooksCount": "0",
  "NotebookSizingByLanguageLScalaNotebooksCount": "0",
  "NotebookSizingByLanguageLSqlNotebooksCount": "0",
  "NotebookSizingByLanguageXlPythonNotebooksCount": "0",
  "NotebookSizingByLanguageXlScalaNotebooksCount": "0",
  "NotebookSizingByLanguageXlSqlNotebooksCount": "0",
  "NotebookSizingByLanguageTotalPythonNotebooksCount": "3",
  "NotebookSizingByLanguageTotalScalaNotebooksCount": "0",
  "NotebookSizingByLanguageTotalSqlNotebooksCount": "0",
  "NotebookStatsByLanguageLocPython": "833",
  "NotebookStatsByLanguageLocScala": "0",
  "NotebookStatsByLanguageLocSql": "0",
  "NotebookStatsByLanguageLocTotal": "833",
  "NotebookStatsByLanguageCellsPython": "66",
  "NotebookStatsByLanguageCellsScala": "0",
  "NotebookStatsByLanguageCellsSql": "0",
  "NotebookStatsByLanguageCellsTotal": "66",
  "SourceFileContentSparkUsagesFileCount": "3",
  "SourceFileContentSparkUsagesPercentage": "100%",
  "SourceFileContentEmbeddedSqlFileCount": "3",
  "SourceFileContentEmbeddedSqlPercentage": "100%",
  "FileSizingExtraSmallAbrreviation": "XS",
  "FileSizingExtraSmallFileCount": "0",
  "FileSizingExtraSmallPercentage": "0%",
  "FileSizingSmallAbrreviation": "S",
  "FileSizingSmallFileCount": "0",
  "FileSizingSmallPercentage": "0%",
  "FileSizingMediumAbrreviation": "M",
  "FileSizingMediumFileCount": "0",
  "FileSizingMediumPercentage": "0%",
  "FileSizingLargeAbrreviation": "L",
  "FileSizingExtraLargeAbrreviation": "XL",
  "FileSizingLargeFileCount": "0",
  "FileSizingLargePercentage": "0%",
  "FileSizingExtraLargePercentage": "0%",
  "FileSizingExtraLargeFileCount": "0",
  "FileSizingTotalFileCount": "0",
  "FileSizingTotalPercentage": "0%",
  "OverallUsageClassificationSupportedUsagesUsagesCount": "1640",
  "OverallUsageClassificationSupportedUsagesFilesCount": "3",
  "OverallUsageClassificationSupportedUsagesPercentage": "100%",
  "OverallUsageClassificationUnsupportedUsagesUsagesCount": "45",
  "OverallUsageClassificationUnsupportedUsagesFilesCount": "3",
  "OverallUsageClassificationUnsupportedUsagesPercentage": "100%",
  "OverallUsageClassificationTotalUsagesCount": "1685",
  "OverallUsageClassificationTotalFilesCount": "3",
  "OverallUsageClassificationTotalPercentage": "0%",
  "SparkApiUsageByCategorizationDataFrameSupportedUsages": "276",
  "SparkApiUsageByCategorizationDataFrameUnsupportedUsages": "0",
  "SparkApiUsageByCategorizationDataFramePercentage": "100.00%",
  "SparkApiUsageByCategorizationColumnSupportedUsages": "182",
  "SparkApiUsageByCategorizationColumnUnsupportedUsages": "0",
  "SparkApiUsageByCategorizationColumnPercentage": "100.00%",
  "SparkApiUsageByCategorizationFunctionsSupportedUsages": "963",
  "SparkApiUsageByCategorizationFunctionsUnsupportedUsages": "4",
  "SparkApiUsageByCategorizationFunctionsPercentage": "99.59%",
  "SparkApiUsageByCategorizationRddSupportedUsages": "0",
  "SparkApiUsageByCategorizationRddUnsupportedUsages": "0",
  "SparkApiUsageByCategorizationRddPercentage": "0%",
  "SparkApiUsageByCategorizationSparkSessionSupportedUsages": "34",
  "SparkApiUsageByCategorizationSparkSessionUnsupportedUsages": "0",
  "SparkApiUsageByCategorizationSparkSessionPercentage": "100.00%",
  "SparkApiUsageByCategorizationOthersSupportedUsages": "185",
  "SparkApiUsageByCategorizationOthersUnsupportedUsages": "41",
  "SparkApiUsageByCategorizationOthersPercentage": "81.86%",
  "SparkApiUsageByCategorizationTotalSupportedUsages": "1640",
  "SparkApiUsageByCategorizationTotalUnsupportedUsages": "45",
  "SparkApiUsageByCategorizationTotalPercentage": "97.33%",
  "SparkApiUsageByStatusDirectCount": "1565",
  "SparkApiUsageByStatusDirectPercentage": "92.88%",
  "SparkApiUsageByStatusPartialCount": "0",
  "SparkApiUsageByStatusPartialPercentage": "0%",
  "SparkApiUsageByStatusRenameCount": "33",
  "SparkApiUsageByStatusRenamePercentage": "1.96%",
  "SparkApiUsageByStatusHelperCount": "0",
  "SparkApiUsageByStatusHelperPercentage": "0%",
  "SparkApiUsageByStatusTransformationCount": "42",
  "SparkApiUsageByStatusTransformationPercentage": "2.49%",
  "SparkApiUsageByStatusWorkAroundCount": "0",
  "SparkApiUsageByStatusWorkAroundPercentage": "0%",
  "SparkApiUsageByStatusNotSupportedCount": "42",
  "SparkApiUsageByStatusNotSupportedPercentage": "2.49%",
  "SparkApiUsageByStatusPendingCount": "0",
  "SparkApiUsageByStatusPendingPercentage": "0%",
  "SparkApiUsageByStatusNotDefinedCount": "3",
  "SparkApiUsageByStatusNotDefinedPercentage": "0.18%",
  "SparkApiUsageByStatusTotalCount": "1685",
  "SparkApiUsageByStatusTotalPercentage": "100%",
  "PandasApiUsagesRow1Name": "pandas",
  "PandasApiUsagesRow1Usages": "48",
  "PandasApiUsagesRow1FileCount": "3",
  "PandasApiUsagesRow1PercentageAllPythonFiles": "100.00%",
  "PandasApiUsagesRow2Name": "__version__",
  "PandasApiUsagesRow2Usages": "6",
  "PandasApiUsagesRow2FileCount": "3",
  "PandasApiUsagesRow2PercentageAllPythonFiles": "100.00%",
  "PandasApiUsagesRow3Name": "read_csv",
  "PandasApiUsagesRow3Usages": "6",
  "PandasApiUsagesRow3FileCount": "2",
  "PandasApiUsagesRow3PercentageAllPythonFiles": "66.00%",
  "PandasApiUsagesRow4Name": "sort_values",
  "PandasApiUsagesRow4Usages": "4",
  "PandasApiUsagesRow4FileCount": "2",
  "PandasApiUsagesRow4PercentageAllPythonFiles": "66.00%",
  "PandasApiUsagesRow5Name": "Other",
  "PandasApiUsagesRow5Usages": "3",
  "PandasApiUsagesRow5FileCount": "1",
  "PandasApiUsagesRow5PercentageAllPythonFiles": "33.00%",
  "ImportCallRow1Name": "h3",
  "ImportCallRow1SupportedInSnowpark": "No",
  "ImportCallRow1CountsOfAllImports": "6",
  "ImportCallRow1Percentage": "5.50%",
  "ImportCallRow2Name": "h3_pyspark",
  "ImportCallRow2SupportedInSnowpark": "No",
  "ImportCallRow2CountsOfAllImports": "3",
  "ImportCallRow2Percentage": "2.75%",
  "ImportCallRow3Name": "sedona",
  "ImportCallRow3SupportedInSnowpark": "No",
  "ImportCallRow3CountsOfAllImports": "3",
  "ImportCallRow3Percentage": "2.75%",
  "ImportCallRow4Name": "Other",
  "ImportCallRow4SupportedInSnowpark": "N/A",
  "ImportCallRow4CountsOfAllImports": "97",
  "ImportCallRow4Percentage": "88.99%",
  "ImportCallRow5Name": "Total",
  "ImportCallRow5SupportedInSnowpark": "N/A",
  "ImportCallRow5CountsOfAllImports": "109",
  "ImportCallRow5Percentage": "0%",
  "ImportCallTotal": "109",
  "IssuesSummaryNumberIssuesWarnings": "37",
  "IssuesSummaryNumberIssuesConversionIssues": "70",
  "IssuesSummaryNumberIssuesParsingIssues": "0",
  "IssuesSummaryNumberUniqueIssuesWarnings": "7",
  "IssuesSummaryNumberUniqueIssuesConversionIssues": "3",
  "IssuesSummaryNumberUniqueIssuesParsingIssues": "0",
  "IssuesList": [
    {
      "ErrorCode": "SPRKPY1002",
      "Description": "Spark element is not supported",
      "Instances": "42",
      "Level": "ConversionError",
      "ewiUri": "-"
    },
    {
      "ErrorCode": "PNDSPY1003",
      "Description": "Package is not yet recognized",
      "Instances": "19",
      "Level": "ConversionError",
      "ewiUri": "-"
    },
    {
      "ErrorCode": "SPRKPY1068",
      "Description": "toPandas function that is not supported when it has columns of type ArrayType",
      "Instances": "12",
      "Level": "Warning",
      "ewiUri": "-"
    },
    {
      "ErrorCode": "SPRKPY1032",
      "Description": "Spark element is not defined",
      "Instances": "9",
      "Level": "ConversionError",
      "ewiUri": "-"
    },
    {
      "ErrorCode": "PNDSPY1002",
      "Description": "There are scenarios not supported",
      "Instances": "6",
      "Level": "Warning",
      "ewiUri": "-"
    },
    {
      "ErrorCode": "SPRKPY1080",
      "Description": "The value of SparkContext is replaced with 'session' variable.",
      "Instances": "6",
      "Level": "Warning",
      "ewiUri": "-"
    },
    {
      "ErrorCode": "SPRKPY1077",
      "Description": "There is a SQL embedded that can not be processed.",
      "Instances": "4",
      "Level": "Warning",
      "ewiUri": "-"
    },
    {
      "ErrorCode": "SPRKPY1060",
      "Description": "Spark element requires assistance",
      "Instances": "3",
      "Level": "Warning",
      "ewiUri": "-"
    },
    {
      "ErrorCode": "SPRKPY1073",
      "Description": "Udf function without parameters or return type is not supported",
      "Instances": "3",
      "Level": "Warning",
      "ewiUri": "-"
    },
    {
      "ErrorCode": "SPRKPY1091",
      "Description": "Column name is in upper case and wrapped in double quotes.",
      "Instances": "3",
      "Level": "Warning",
      "ewiUri": "-"
    }
  ]
}