[{"Name":"Sample_1. Pipeline Periodically - Usual Environment with Entropy$L7KSIZ$ue_6$1","FileId":"Sample_1. Pipeline Periodically - Usual Environment with Entropy.ipynb","CellId":"20","Line":"34","Column":"5","Type":"Collection","DataFrameName":"ue_6","Location":"1","Enabled":"True","Mode":"Schema","Sample":"1","EntryPoint":"notebook.Sample_1. Pipeline Periodically - Usual Environment with Entropy","ExecutionId":"a1cbc006-17c0-4db1-a282-bccf0e51f12f"},{"Name":"Sample_1. Pipeline Periodically - Usual Environment with Entropy$L7KSIZ$ue_6$1","FileId":"Sample_1. Pipeline Periodically - Usual Environment with Entropy.ipynb","CellId":"20","Line":"34","Column":"5","Type":"Validation","DataFrameName":"ue_6","Location":"1","Enabled":"True","Mode":"Schema","Sample":"","EntryPoint":"notebook.Sample_1. Pipeline Periodically - Usual Environment with Entropy","ExecutionId":"a1cbc006-17c0-4db1-a282-bccf0e51f12f"},{"Name":"Sample_2. Pipeline Periodically - Mobility Trip$N3DQVY$master_raw$1","FileId":"Sample_2. Pipeline Periodically - Mobility Trip.ipynb","CellId":"11","Line":"100","Column":"5","Type":"Collection","DataFrameName":"master_raw","Location":"1","Enabled":"True","Mode":"Schema","Sample":"1","EntryPoint":"notebook.Sample_2. Pipeline Periodically - Mobility Trip","ExecutionId":"a1cbc006-17c0-4db1-a282-bccf0e51f12f"},{"Name":"Sample_2. Pipeline Periodically - Mobility Trip$N3DQVY$master_raw$1","FileId":"Sample_2. Pipeline Periodically - Mobility Trip.ipynb","CellId":"11","Line":"100","Column":"5","Type":"Validation","DataFrameName":"master_raw","Location":"1","Enabled":"True","Mode":"Schema","Sample":"","EntryPoint":"notebook.Sample_2. Pipeline Periodically - Mobility Trip","ExecutionId":"a1cbc006-17c0-4db1-a282-bccf0e51f12f"},{"Name":"Sample_2. Pipeline Periodically - Mobility Trip$N3DQVY$master_raw$2","FileId":"Sample_2. Pipeline Periodically - Mobility Trip.ipynb","CellId":"11","Line":"123","Column":"5","Type":"Collection","DataFrameName":"master_raw","Location":"2","Enabled":"True","Mode":"Schema","Sample":"1","EntryPoint":"notebook.Sample_2. Pipeline Periodically - Mobility Trip","ExecutionId":"a1cbc006-17c0-4db1-a282-bccf0e51f12f"},{"Name":"Sample_2. Pipeline Periodically - Mobility Trip$N3DQVY$master_raw$2","FileId":"Sample_2. Pipeline Periodically - Mobility Trip.ipynb","CellId":"11","Line":"123","Column":"5","Type":"Validation","DataFrameName":"master_raw","Location":"2","Enabled":"True","Mode":"Schema","Sample":"","EntryPoint":"notebook.Sample_2. Pipeline Periodically - Mobility Trip","ExecutionId":"a1cbc006-17c0-4db1-a282-bccf0e51f12f"},{"Name":"Sample_2. Pipeline Periodically - Mobility Trip$N3DQVY$master_raw$4","FileId":"Sample_2. Pipeline Periodically - Mobility Trip.ipynb","CellId":"11","Line":"133","Column":"5","Type":"Collection","DataFrameName":"master_raw","Location":"4","Enabled":"True","Mode":"Schema","Sample":"1","EntryPoint":"notebook.Sample_2. Pipeline Periodically - Mobility Trip","ExecutionId":"a1cbc006-17c0-4db1-a282-bccf0e51f12f"},{"Name":"Sample_2. Pipeline Periodically - Mobility Trip$N3DQVY$master_raw$4","FileId":"Sample_2. Pipeline Periodically - Mobility Trip.ipynb","CellId":"11","Line":"133","Column":"5","Type":"Validation","DataFrameName":"master_raw","Location":"4","Enabled":"True","Mode":"Schema","Sample":"","EntryPoint":"notebook.Sample_2. Pipeline Periodically - Mobility Trip","ExecutionId":"a1cbc006-17c0-4db1-a282-bccf0e51f12f"},{"Name":"Sample_2. Pipeline Periodically - Mobility Trip$N3DQVY$mobility$1","FileId":"Sample_2. Pipeline Periodically - Mobility Trip.ipynb","CellId":"11","Line":"156","Column":"5","Type":"Collection","DataFrameName":"mobility","Location":"1","Enabled":"True","Mode":"Schema","Sample":"1","EntryPoint":"notebook.Sample_2. Pipeline Periodically - Mobility Trip","ExecutionId":"a1cbc006-17c0-4db1-a282-bccf0e51f12f"},{"Name":"Sample_2. Pipeline Periodically - Mobility Trip$N3DQVY$mobility$1","FileId":"Sample_2. Pipeline Periodically - Mobility Trip.ipynb","CellId":"11","Line":"156","Column":"5","Type":"Validation","DataFrameName":"mobility","Location":"1","Enabled":"True","Mode":"Schema","Sample":"","EntryPoint":"notebook.Sample_2. Pipeline Periodically - Mobility Trip","ExecutionId":"a1cbc006-17c0-4db1-a282-bccf0e51f12f"},{"Name":"Sample_2. Pipeline Periodically - Mobility Trip$N3DQVY$usual_env$1","FileId":"Sample_2. Pipeline Periodically - Mobility Trip.ipynb","CellId":"11","Line":"141","Column":"5","Type":"Collection","DataFrameName":"usual_env","Location":"1","Enabled":"True","Mode":"Schema","Sample":"1","EntryPoint":"notebook.Sample_2. Pipeline Periodically - Mobility Trip","ExecutionId":"a1cbc006-17c0-4db1-a282-bccf0e51f12f"},{"Name":"Sample_2. Pipeline Periodically - Mobility Trip$N3DQVY$usual_env$1","FileId":"Sample_2. Pipeline Periodically - Mobility Trip.ipynb","CellId":"11","Line":"141","Column":"5","Type":"Validation","DataFrameName":"usual_env","Location":"1","Enabled":"True","Mode":"Schema","Sample":"","EntryPoint":"notebook.Sample_2. Pipeline Periodically - Mobility Trip","ExecutionId":"a1cbc006-17c0-4db1-a282-bccf0e51f12f"},{"Name":"Sample_2. Pipeline Periodically - Mobility Trip$N3DQVY$df$4","FileId":"Sample_2. Pipeline Periodically - Mobility Trip.ipynb","CellId":"24","Line":"33","Column":"5","Type":"Collection","DataFrameName":"df","Location":"4","Enabled":"True","Mode":"Schema","Sample":"1","EntryPoint":"notebook.Sample_2. Pipeline Periodically - Mobility Trip","ExecutionId":"a1cbc006-17c0-4db1-a282-bccf0e51f12f"},{"Name":"Sample_2. Pipeline Periodically - Mobility Trip$N3DQVY$df$4","FileId":"Sample_2. Pipeline Periodically - Mobility Trip.ipynb","CellId":"24","Line":"33","Column":"5","Type":"Validation","DataFrameName":"df","Location":"4","Enabled":"True","Mode":"Schema","Sample":"","EntryPoint":"notebook.Sample_2. Pipeline Periodically - Mobility Trip","ExecutionId":"a1cbc006-17c0-4db1-a282-bccf0e51f12f"},{"Name":"Sample_3a. Pipeline Periodically - Tourism$AEAUVS$mobility_4_tourism$1","FileId":"Sample_3a. Pipeline Periodically - Tourism.ipynb","CellId":"12","Line":"109","Column":"5","Type":"Collection","DataFrameName":"mobility_4_tourism","Location":"1","Enabled":"True","Mode":"Schema","Sample":"1","EntryPoint":"notebook.Sample_3a. Pipeline Periodically - Tourism","ExecutionId":"a1cbc006-17c0-4db1-a282-bccf0e51f12f"},{"Name":"Sample_3a. Pipeline Periodically - Tourism$AEAUVS$mobility_4_tourism$1","FileId":"Sample_3a. Pipeline Periodically - Tourism.ipynb","CellId":"12","Line":"109","Column":"5","Type":"Validation","DataFrameName":"mobility_4_tourism","Location":"1","Enabled":"True","Mode":"Schema","Sample":"","EntryPoint":"notebook.Sample_3a. Pipeline Periodically - Tourism","ExecutionId":"a1cbc006-17c0-4db1-a282-bccf0e51f12f"},{"Name":"Sample_3a. Pipeline Periodically - Tourism$AEAUVS$mobility_4_tourism$2","FileId":"Sample_3a. Pipeline Periodically - Tourism.ipynb","CellId":"12","Line":"120","Column":"5","Type":"Collection","DataFrameName":"mobility_4_tourism","Location":"2","Enabled":"True","Mode":"Schema","Sample":"1","EntryPoint":"notebook.Sample_3a. Pipeline Periodically - Tourism","ExecutionId":"a1cbc006-17c0-4db1-a282-bccf0e51f12f"},{"Name":"Sample_3a. Pipeline Periodically - Tourism$AEAUVS$mobility_4_tourism$2","FileId":"Sample_3a. Pipeline Periodically - Tourism.ipynb","CellId":"12","Line":"120","Column":"5","Type":"Validation","DataFrameName":"mobility_4_tourism","Location":"2","Enabled":"True","Mode":"Schema","Sample":"","EntryPoint":"notebook.Sample_3a. Pipeline Periodically - Tourism","ExecutionId":"a1cbc006-17c0-4db1-a282-bccf0e51f12f"},{"Name":"Sample_3a. Pipeline Periodically - Tourism$AEAUVS$mobility_5_tourism$1","FileId":"Sample_3a. Pipeline Periodically - Tourism.ipynb","CellId":"12","Line":"222","Column":"5","Type":"Collection","DataFrameName":"mobility_5_tourism","Location":"1","Enabled":"True","Mode":"Schema","Sample":"1","EntryPoint":"notebook.Sample_3a. Pipeline Periodically - Tourism","ExecutionId":"a1cbc006-17c0-4db1-a282-bccf0e51f12f"},{"Name":"Sample_3a. Pipeline Periodically - Tourism$AEAUVS$mobility_5_tourism$1","FileId":"Sample_3a. Pipeline Periodically - Tourism.ipynb","CellId":"12","Line":"222","Column":"5","Type":"Validation","DataFrameName":"mobility_5_tourism","Location":"1","Enabled":"True","Mode":"Schema","Sample":"","EntryPoint":"notebook.Sample_3a. Pipeline Periodically - Tourism","ExecutionId":"a1cbc006-17c0-4db1-a282-bccf0e51f12f"},{"Name":"Sample_3a. Pipeline Periodically - Tourism$AEAUVS$mobility_overstay$3","FileId":"Sample_3a. Pipeline Periodically - Tourism.ipynb","CellId":"12","Line":"205","Column":"5","Type":"Collection","DataFrameName":"mobility_overstay","Location":"3","Enabled":"True","Mode":"Schema","Sample":"1","EntryPoint":"notebook.Sample_3a. Pipeline Periodically - Tourism","ExecutionId":"a1cbc006-17c0-4db1-a282-bccf0e51f12f"},{"Name":"Sample_3a. Pipeline Periodically - Tourism$AEAUVS$mobility_overstay$3","FileId":"Sample_3a. Pipeline Periodically - Tourism.ipynb","CellId":"12","Line":"205","Column":"5","Type":"Validation","DataFrameName":"mobility_overstay","Location":"3","Enabled":"True","Mode":"Schema","Sample":"","EntryPoint":"notebook.Sample_3a. Pipeline Periodically - Tourism","ExecutionId":"a1cbc006-17c0-4db1-a282-bccf0e51f12f"},{"Name":"Sample_3a. Pipeline Periodically - Tourism$AEAUVS$mobility_overstay_daily$1","FileId":"Sample_3a. Pipeline Periodically - Tourism.ipynb","CellId":"12","Line":"192","Column":"5","Type":"Collection","DataFrameName":"mobility_overstay_daily","Location":"1","Enabled":"True","Mode":"Schema","Sample":"1","EntryPoint":"notebook.Sample_3a. Pipeline Periodically - Tourism","ExecutionId":"a1cbc006-17c0-4db1-a282-bccf0e51f12f"},{"Name":"Sample_3a. Pipeline Periodically - Tourism$AEAUVS$mobility_overstay_daily$1","FileId":"Sample_3a. Pipeline Periodically - Tourism.ipynb","CellId":"12","Line":"192","Column":"5","Type":"Validation","DataFrameName":"mobility_overstay_daily","Location":"1","Enabled":"True","Mode":"Schema","Sample":"","EntryPoint":"notebook.Sample_3a. Pipeline Periodically - Tourism","ExecutionId":"a1cbc006-17c0-4db1-a282-bccf0e51f12f"},{"Name":"Sample_1. Pipeline Periodically - Usual Environment with Entropy$L7KSIZ$lau$1","FileId":"Sample_1. Pipeline Periodically - Usual Environment with Entropy.ipynb","CellId":"11","Line":"4","Column":"1","Type":"Collection","DataFrameName":"lau","Location":"1","Enabled":"True","Mode":"Schema","Sample":"1","EntryPoint":"Sample_1. Pipeline Periodically - Usual Environment with Entropy.ipynb","ExecutionId":"a1cbc006-17c0-4db1-a282-bccf0e51f12f"},{"Name":"Sample_1. Pipeline Periodically - Usual Environment with Entropy$L7KSIZ$lau$1","FileId":"Sample_1. Pipeline Periodically - Usual Environment with Entropy.ipynb","CellId":"11","Line":"4","Column":"1","Type":"Validation","DataFrameName":"lau","Location":"1","Enabled":"True","Mode":"Schema","Sample":"","EntryPoint":"Sample_1. Pipeline Periodically - Usual Environment with Entropy.ipynb","ExecutionId":"a1cbc006-17c0-4db1-a282-bccf0e51f12f"},{"Name":"Sample_1. Pipeline Periodically - Usual Environment with Entropy$L7KSIZ$lbs$3","FileId":"Sample_1. Pipeline Periodically - Usual Environment with Entropy.ipynb","CellId":"11","Line":"6","Column":"1","Type":"Collection","DataFrameName":"lbs","Location":"3","Enabled":"True","Mode":"Schema","Sample":"1","EntryPoint":"Sample_1. Pipeline Periodically - Usual Environment with Entropy.ipynb","ExecutionId":"a1cbc006-17c0-4db1-a282-bccf0e51f12f"},{"Name":"Sample_1. Pipeline Periodically - Usual Environment with Entropy$L7KSIZ$lbs$3","FileId":"Sample_1. Pipeline Periodically - Usual Environment with Entropy.ipynb","CellId":"11","Line":"6","Column":"1","Type":"Validation","DataFrameName":"lbs","Location":"3","Enabled":"True","Mode":"Schema","Sample":"","EntryPoint":"Sample_1. Pipeline Periodically - Usual Environment with Entropy.ipynb","ExecutionId":"a1cbc006-17c0-4db1-a282-bccf0e51f12f"},{"Name":"Sample_1. Pipeline Periodically - Usual Environment with Entropy$L7KSIZ$ue_monthly$3","FileId":"Sample_1. Pipeline Periodically - Usual Environment with Entropy.ipynb","CellId":"21","Line":"1","Column":"1","Type":"Collection","DataFrameName":"ue_monthly","Location":"3","Enabled":"True","Mode":"Schema","Sample":"1","EntryPoint":"Sample_1. Pipeline Periodically - Usual Environment with Entropy.ipynb","ExecutionId":"a1cbc006-17c0-4db1-a282-bccf0e51f12f"},{"Name":"Sample_1. Pipeline Periodically - Usual Environment with Entropy$L7KSIZ$ue_monthly$3","FileId":"Sample_1. Pipeline Periodically - Usual Environment with Entropy.ipynb","CellId":"21","Line":"1","Column":"1","Type":"Validation","DataFrameName":"ue_monthly","Location":"3","Enabled":"True","Mode":"Schema","Sample":"","EntryPoint":"Sample_1. Pipeline Periodically - Usual Environment with Entropy.ipynb","ExecutionId":"a1cbc006-17c0-4db1-a282-bccf0e51f12f"},{"Name":"Sample_1. Pipeline Periodically - Usual Environment with Entropy$L7KSIZ$ue_monthly$4","FileId":"Sample_1. Pipeline Periodically - Usual Environment with Entropy.ipynb","CellId":"30","Line":"1","Column":"1","Type":"Collection","DataFrameName":"ue_monthly","Location":"4","Enabled":"True","Mode":"Schema","Sample":"1","EntryPoint":"Sample_1. Pipeline Periodically - Usual Environment with Entropy.ipynb","ExecutionId":"a1cbc006-17c0-4db1-a282-bccf0e51f12f"},{"Name":"Sample_1. Pipeline Periodically - Usual Environment with Entropy$L7KSIZ$ue_monthly$4","FileId":"Sample_1. Pipeline Periodically - Usual Environment with Entropy.ipynb","CellId":"30","Line":"1","Column":"1","Type":"Validation","DataFrameName":"ue_monthly","Location":"4","Enabled":"True","Mode":"Schema","Sample":"","EntryPoint":"Sample_1. Pipeline Periodically - Usual Environment with Entropy.ipynb","ExecutionId":"a1cbc006-17c0-4db1-a282-bccf0e51f12f"},{"Name":"Sample_1. Pipeline Periodically - Usual Environment with Entropy$L7KSIZ$ue_semesterly$4","FileId":"Sample_1. Pipeline Periodically - Usual Environment with Entropy.ipynb","CellId":"35","Line":"1","Column":"1","Type":"Collection","DataFrameName":"ue_semesterly","Location":"4","Enabled":"True","Mode":"Schema","Sample":"1","EntryPoint":"Sample_1. Pipeline Periodically - Usual Environment with Entropy.ipynb","ExecutionId":"a1cbc006-17c0-4db1-a282-bccf0e51f12f"},{"Name":"Sample_1. Pipeline Periodically - Usual Environment with Entropy$L7KSIZ$ue_semesterly$4","FileId":"Sample_1. Pipeline Periodically - Usual Environment with Entropy.ipynb","CellId":"35","Line":"1","Column":"1","Type":"Validation","DataFrameName":"ue_semesterly","Location":"4","Enabled":"True","Mode":"Schema","Sample":"","EntryPoint":"Sample_1. Pipeline Periodically - Usual Environment with Entropy.ipynb","ExecutionId":"a1cbc006-17c0-4db1-a282-bccf0e51f12f"},{"Name":"Sample_2. Pipeline Periodically - Mobility Trip$N3DQVY$inbound$7","FileId":"Sample_2. Pipeline Periodically - Mobility Trip.ipynb","CellId":"15","Line":"4","Column":"1","Type":"Collection","DataFrameName":"inbound","Location":"7","Enabled":"True","Mode":"Schema","Sample":"1","EntryPoint":"Sample_2. Pipeline Periodically - Mobility Trip.ipynb","ExecutionId":"a1cbc006-17c0-4db1-a282-bccf0e51f12f"},{"Name":"Sample_2. Pipeline Periodically - Mobility Trip$N3DQVY$inbound$7","FileId":"Sample_2. Pipeline Periodically - Mobility Trip.ipynb","CellId":"15","Line":"4","Column":"1","Type":"Validation","DataFrameName":"inbound","Location":"7","Enabled":"True","Mode":"Schema","Sample":"","EntryPoint":"Sample_2. Pipeline Periodically - Mobility Trip.ipynb","ExecutionId":"a1cbc006-17c0-4db1-a282-bccf0e51f12f"},{"Name":"Sample_2. Pipeline Periodically - Mobility Trip$N3DQVY$lau$2","FileId":"Sample_2. Pipeline Periodically - Mobility Trip.ipynb","CellId":"15","Line":"23","Column":"1","Type":"Collection","DataFrameName":"lau","Location":"2","Enabled":"True","Mode":"Schema","Sample":"1","EntryPoint":"Sample_2. Pipeline Periodically - Mobility Trip.ipynb","ExecutionId":"a1cbc006-17c0-4db1-a282-bccf0e51f12f"},{"Name":"Sample_2. Pipeline Periodically - Mobility Trip$N3DQVY$lau$2","FileId":"Sample_2. Pipeline Periodically - Mobility Trip.ipynb","CellId":"15","Line":"23","Column":"1","Type":"Validation","DataFrameName":"lau","Location":"2","Enabled":"True","Mode":"Schema","Sample":"","EntryPoint":"Sample_2. Pipeline Periodically - Mobility Trip.ipynb","ExecutionId":"a1cbc006-17c0-4db1-a282-bccf0e51f12f"},{"Name":"Sample_2. Pipeline Periodically - Mobility Trip$N3DQVY$staypoint$6","FileId":"Sample_2. Pipeline Periodically - Mobility Trip.ipynb","CellId":"15","Line":"2","Column":"1","Type":"Collection","DataFrameName":"staypoint","Location":"6","Enabled":"True","Mode":"Schema","Sample":"1","EntryPoint":"Sample_2. Pipeline Periodically - Mobility Trip.ipynb","ExecutionId":"a1cbc006-17c0-4db1-a282-bccf0e51f12f"},{"Name":"Sample_2. Pipeline Periodically - Mobility Trip$N3DQVY$staypoint$6","FileId":"Sample_2. Pipeline Periodically - Mobility Trip.ipynb","CellId":"15","Line":"2","Column":"1","Type":"Validation","DataFrameName":"staypoint","Location":"6","Enabled":"True","Mode":"Schema","Sample":"","EntryPoint":"Sample_2. Pipeline Periodically - Mobility Trip.ipynb","ExecutionId":"a1cbc006-17c0-4db1-a282-bccf0e51f12f"},{"Name":"Sample_2. Pipeline Periodically - Mobility Trip$N3DQVY$usual_env$2","FileId":"Sample_2. Pipeline Periodically - Mobility Trip.ipynb","CellId":"15","Line":"6","Column":"1","Type":"Collection","DataFrameName":"usual_env","Location":"2","Enabled":"True","Mode":"Schema","Sample":"1","EntryPoint":"Sample_2. Pipeline Periodically - Mobility Trip.ipynb","ExecutionId":"a1cbc006-17c0-4db1-a282-bccf0e51f12f"},{"Name":"Sample_2. Pipeline Periodically - Mobility Trip$N3DQVY$usual_env$2","FileId":"Sample_2. Pipeline Periodically - Mobility Trip.ipynb","CellId":"15","Line":"6","Column":"1","Type":"Validation","DataFrameName":"usual_env","Location":"2","Enabled":"True","Mode":"Schema","Sample":"","EntryPoint":"Sample_2. Pipeline Periodically - Mobility Trip.ipynb","ExecutionId":"a1cbc006-17c0-4db1-a282-bccf0e51f12f"},{"Name":"Sample_2. Pipeline Periodically - Mobility Trip$N3DQVY$df$1","FileId":"Sample_2. Pipeline Periodically - Mobility Trip.ipynb","CellId":"23","Line":"1","Column":"1","Type":"Collection","DataFrameName":"df","Location":"1","Enabled":"True","Mode":"Schema","Sample":"1","EntryPoint":"Sample_2. Pipeline Periodically - Mobility Trip.ipynb","ExecutionId":"a1cbc006-17c0-4db1-a282-bccf0e51f12f"},{"Name":"Sample_2. Pipeline Periodically - Mobility Trip$N3DQVY$df$1","FileId":"Sample_2. Pipeline Periodically - Mobility Trip.ipynb","CellId":"23","Line":"1","Column":"1","Type":"Validation","DataFrameName":"df","Location":"1","Enabled":"True","Mode":"Schema","Sample":"","EntryPoint":"Sample_2. Pipeline Periodically - Mobility Trip.ipynb","ExecutionId":"a1cbc006-17c0-4db1-a282-bccf0e51f12f"},{"Name":"Sample_3a. Pipeline Periodically - Tourism$AEAUVS$mobility_1_trip$3","FileId":"Sample_3a. Pipeline Periodically - Tourism.ipynb","CellId":"14","Line":"1","Column":"1","Type":"Collection","DataFrameName":"mobility_1_trip","Location":"3","Enabled":"True","Mode":"Schema","Sample":"1","EntryPoint":"Sample_3a. Pipeline Periodically - Tourism.ipynb","ExecutionId":"a1cbc006-17c0-4db1-a282-bccf0e51f12f"},{"Name":"Sample_3a. Pipeline Periodically - Tourism$AEAUVS$mobility_1_trip$3","FileId":"Sample_3a. Pipeline Periodically - Tourism.ipynb","CellId":"14","Line":"1","Column":"1","Type":"Validation","DataFrameName":"mobility_1_trip","Location":"3","Enabled":"True","Mode":"Schema","Sample":"","EntryPoint":"Sample_3a. Pipeline Periodically - Tourism.ipynb","ExecutionId":"a1cbc006-17c0-4db1-a282-bccf0e51f12f"},{"Name":"Sample_3a. Pipeline Periodically - Tourism$AEAUVS$tourism$3","FileId":"Sample_3a. Pipeline Periodically - Tourism.ipynb","CellId":"21","Line":"1","Column":"1","Type":"Collection","DataFrameName":"tourism","Location":"3","Enabled":"True","Mode":"Schema","Sample":"1","EntryPoint":"Sample_3a. Pipeline Periodically - Tourism.ipynb","ExecutionId":"a1cbc006-17c0-4db1-a282-bccf0e51f12f"},{"Name":"Sample_3a. Pipeline Periodically - Tourism$AEAUVS$tourism$3","FileId":"Sample_3a. Pipeline Periodically - Tourism.ipynb","CellId":"21","Line":"1","Column":"1","Type":"Validation","DataFrameName":"tourism","Location":"3","Enabled":"True","Mode":"Schema","Sample":"","EntryPoint":"Sample_3a. Pipeline Periodically - Tourism.ipynb","ExecutionId":"a1cbc006-17c0-4db1-a282-bccf0e51f12f"},{"Name":"Sample_3a. Pipeline Periodically - Tourism$AEAUVS$tourism$5","FileId":"Sample_3a. Pipeline Periodically - Tourism.ipynb","CellId":"24","Line":"1","Column":"1","Type":"Collection","DataFrameName":"tourism","Location":"5","Enabled":"True","Mode":"Schema","Sample":"1","EntryPoint":"Sample_3a. Pipeline Periodically - Tourism.ipynb","ExecutionId":"a1cbc006-17c0-4db1-a282-bccf0e51f12f"},{"Name":"Sample_3a. Pipeline Periodically - Tourism$AEAUVS$tourism$5","FileId":"Sample_3a. Pipeline Periodically - Tourism.ipynb","CellId":"24","Line":"1","Column":"1","Type":"Validation","DataFrameName":"tourism","Location":"5","Enabled":"True","Mode":"Schema","Sample":"","EntryPoint":"Sample_3a. Pipeline Periodically - Tourism.ipynb","ExecutionId":"a1cbc006-17c0-4db1-a282-bccf0e51f12f"}]