[{"FullName":"notebook.Sample_3a. Pipeline Periodically - Tourism.generate_tourism.mobility_1_trip","Name":"mobility_1_trip","FileId":"Sample_3a. Pipeline Periodically - Tourism.ipynb","CellId":"12","Line":"3","Column":"5","AssignmentNumber":"1","RelevantFunction":"","RelatedDataFrames":"notebook.Sample_3a. Pipeline Periodically - Tourism.generate_tourism.mobility_1_trip","EntryPoints":"notebook.Sample_3a. Pipeline Periodically - Tourism","ExecutionId":"a1cbc006-17c0-4db1-a282-bccf0e51f12f"},{"FullName":"notebook.Sample_2. Pipeline Periodically - Mobility Trip.data_cerdas_trip_mobility_trip.staypoint","Name":"staypoint","FileId":"Sample_2. Pipeline Periodically - Mobility Trip.ipynb","CellId":"11","Line":"18","Column":"5","AssignmentNumber":"1","RelevantFunction":"","RelatedDataFrames":"notebook.Sample_2. Pipeline Periodically - Mobility Trip.data_cerdas_trip_mobility_trip.staypoint","EntryPoints":"notebook.Sample_2. Pipeline Periodically - Mobility Trip","ExecutionId":"a1cbc006-17c0-4db1-a282-bccf0e51f12f"},{"FullName":"notebook.Sample_2. Pipeline Periodically - Mobility Trip.data_cerdas_trip_mobility_trip.staypoint","Name":"staypoint","FileId":"Sample_2. Pipeline Periodically - Mobility Trip.ipynb","CellId":"11","Line":"19","Column":"5","AssignmentNumber":"2","RelevantFunction":"","RelatedDataFrames":"notebook.Sample_2. Pipeline Periodically - Mobility Trip.data_cerdas_trip_mobility_trip.staypoint","EntryPoints":"notebook.Sample_2. Pipeline Periodically - Mobility Trip","ExecutionId":"a1cbc006-17c0-4db1-a282-bccf0e51f12f"},{"FullName":"notebook.Sample_3a. Pipeline Periodically - Tourism.generate_tourism.mobility_1_trip","Name":"mobility_1_trip","FileId":"Sample_3a. Pipeline Periodically - Tourism.ipynb","CellId":"12","Line":"4","Column":"5","AssignmentNumber":"2","RelevantFunction":"","RelatedDataFrames":"notebook.Sample_3a. Pipeline Periodically - Tourism.generate_tourism.mobility_1_trip","EntryPoints":"notebook.Sample_3a. Pipeline Periodically - Tourism","ExecutionId":"a1cbc006-17c0-4db1-a282-bccf0e51f12f"},{"FullName":"notebook.Sample_2. Pipeline Periodically - Mobility Trip.data_cerdas_trip_mobility_trip.staypoint","Name":"staypoint","FileId":"Sample_2. Pipeline Periodically - Mobility Trip.ipynb","CellId":"11","Line":"21","Column":"5","AssignmentNumber":"3","RelevantFunction":"","RelatedDataFrames":"notebook.Sample_2. Pipeline Periodically - Mobility Trip.data_cerdas_trip_mobility_trip.staypoint","EntryPoints":"notebook.Sample_2. Pipeline Periodically - Mobility Trip","ExecutionId":"a1cbc006-17c0-4db1-a282-bccf0e51f12f"},{"FullName":"notebook.Sample_2. Pipeline Periodically - Mobility Trip.data_cerdas_trip_mobility_trip.staypoint","Name":"staypoint","FileId":"Sample_2. Pipeline Periodically - Mobility Trip.ipynb","CellId":"11","Line":"22","Column":"5","AssignmentNumber":"4","RelevantFunction":"","RelatedDataFrames":"notebook.Sample_2. Pipeline Periodically - Mobility Trip.data_cerdas_trip_mobility_trip.staypoint","EntryPoints":"notebook.Sample_2. Pipeline Periodically - Mobility Trip","ExecutionId":"a1cbc006-17c0-4db1-a282-bccf0e51f12f"},{"FullName":"notebook.Sample_2. Pipeline Periodically - Mobility Trip.data_cerdas_trip_mobility_trip.inbound","Name":"inbound","FileId":"Sample_2. Pipeline Periodically - Mobility Trip.ipynb","CellId":"11","Line":"24","Column":"5","AssignmentNumber":"1","RelevantFunction":"","RelatedDataFrames":"notebook.Sample_2. Pipeline Periodically - Mobility Trip.data_cerdas_trip_mobility_trip.inbound","EntryPoints":"notebook.Sample_2. Pipeline Periodically - Mobility Trip","ExecutionId":"a1cbc006-17c0-4db1-a282-bccf0e51f12f"},{"FullName":"notebook.Sample_2. Pipeline Periodically - Mobility Trip.data_cerdas_trip_mobility_trip.inbound","Name":"inbound","FileId":"Sample_2. Pipeline Periodically - Mobility Trip.ipynb","CellId":"11","Line":"25","Column":"5","AssignmentNumber":"2","RelevantFunction":"","RelatedDataFrames":"notebook.Sample_2. Pipeline Periodically - Mobility Trip.data_cerdas_trip_mobility_trip.inbound","EntryPoints":"notebook.Sample_2. Pipeline Periodically - Mobility Trip","ExecutionId":"a1cbc006-17c0-4db1-a282-bccf0e51f12f"},{"FullName":"notebook.Sample_2. Pipeline Periodically - Mobility Trip.data_cerdas_trip_mobility_trip.inbound","Name":"inbound","FileId":"Sample_2. Pipeline Periodically - Mobility Trip.ipynb","CellId":"11","Line":"27","Column":"5","AssignmentNumber":"3","RelevantFunction":"","RelatedDataFrames":"notebook.Sample_2. Pipeline Periodically - Mobility Trip.data_cerdas_trip_mobility_trip.inbound","EntryPoints":"notebook.Sample_2. Pipeline Periodically - Mobility Trip","ExecutionId":"a1cbc006-17c0-4db1-a282-bccf0e51f12f"},{"FullName":"notebook.Sample_2. Pipeline Periodically - Mobility Trip.data_cerdas_trip_mobility_trip.inbound","Name":"inbound","FileId":"Sample_2. Pipeline Periodically - Mobility Trip.ipynb","CellId":"11","Line":"28","Column":"5","AssignmentNumber":"4","RelevantFunction":"","RelatedDataFrames":"notebook.Sample_2. Pipeline Periodically - Mobility Trip.data_cerdas_trip_mobility_trip.inbound","EntryPoints":"notebook.Sample_2. Pipeline Periodically - Mobility Trip","ExecutionId":"a1cbc006-17c0-4db1-a282-bccf0e51f12f"},{"FullName":"notebook.Sample_3a. Pipeline Periodically - Tourism.generate_tourism.mobility_2_visit","Name":"mobility_2_visit","FileId":"Sample_3a. Pipeline Periodically - Tourism.ipynb","CellId":"12","Line":"22","Column":"5","AssignmentNumber":"1","RelevantFunction":"","RelatedDataFrames":"notebook.Sample_3a. Pipeline Periodically - Tourism.generate_tourism.mobility_1_trip","EntryPoints":"notebook.Sample_3a. Pipeline Periodically - Tourism","ExecutionId":"a1cbc006-17c0-4db1-a282-bccf0e51f12f"},{"FullName":"notebook.Sample_2. Pipeline Periodically - Mobility Trip.data_cerdas_trip_mobility_trip.staypoint","Name":"staypoint","FileId":"Sample_2. Pipeline Periodically - Mobility Trip.ipynb","CellId":"11","Line":"30","Column":"5","AssignmentNumber":"5","RelevantFunction":"","RelatedDataFrames":"notebook.Sample_2. Pipeline Periodically - Mobility Trip.data_cerdas_trip_mobility_trip.staypoint","EntryPoints":"notebook.Sample_2. Pipeline Periodically - Mobility Trip","ExecutionId":"a1cbc006-17c0-4db1-a282-bccf0e51f12f"},{"FullName":"notebook.Sample_1. Pipeline Periodically - Usual Environment with Entropy.process_data.lbs","Name":"lbs","FileId":"Sample_1. Pipeline Periodically - Usual Environment with Entropy.ipynb","CellId":"10","Line":"107","Column":"5","AssignmentNumber":"1","RelevantFunction":"","RelatedDataFrames":"notebook.Sample_1. Pipeline Periodically - Usual Environment with Entropy.process_data.lbs","EntryPoints":"notebook.Sample_1. Pipeline Periodically - Usual Environment with Entropy","ExecutionId":"a1cbc006-17c0-4db1-a282-bccf0e51f12f"},{"FullName":"notebook.Sample_1. Pipeline Periodically - Usual Environment with Entropy.process_data.lbs","Name":"lbs","FileId":"Sample_1. Pipeline Periodically - Usual Environment with Entropy.ipynb","CellId":"10","Line":"108","Column":"5","AssignmentNumber":"2","RelevantFunction":"","RelatedDataFrames":"notebook.Sample_1. Pipeline Periodically - Usual Environment with Entropy.process_data.lau|notebook.Sample_1. Pipeline Periodically - Usual Environment with Entropy.process_data.lbs","EntryPoints":"notebook.Sample_1. Pipeline Periodically - Usual Environment with Entropy","ExecutionId":"a1cbc006-17c0-4db1-a282-bccf0e51f12f"},{"FullName":"notebook.Sample_3a. Pipeline Periodically - Tourism.generate_tourism.mobility_2_visit","Name":"mobility_2_visit","FileId":"Sample_3a. Pipeline Periodically - Tourism.ipynb","CellId":"12","Line":"39","Column":"5","AssignmentNumber":"2","RelevantFunction":"","RelatedDataFrames":"notebook.Sample_3a. Pipeline Periodically - Tourism.generate_tourism.mobility_2_visit","EntryPoints":"notebook.Sample_3a. Pipeline Periodically - Tourism","ExecutionId":"a1cbc006-17c0-4db1-a282-bccf0e51f12f"},{"FullName":"notebook.Sample_1. Pipeline Periodically - Usual Environment with Entropy.lau","Name":"lau","FileId":"Sample_1. Pipeline Periodically - Usual Environment with Entropy.ipynb","CellId":"11","Line":"4","Column":"1","AssignmentNumber":"1","RelevantFunction":"pyspark.sql.readwriter.DataFrameReader.table","RelatedDataFrames":"","EntryPoints":"Sample_1. Pipeline Periodically - Usual Environment with Entropy.ipynb","ExecutionId":"a1cbc006-17c0-4db1-a282-bccf0e51f12f"},{"FullName":"notebook.Sample_1. Pipeline Periodically - Usual Environment with Entropy.lbs","Name":"lbs","FileId":"Sample_1. Pipeline Periodically - Usual Environment with Entropy.ipynb","CellId":"11","Line":"6","Column":"1","AssignmentNumber":"3","RelevantFunction":"pyspark.sql.readwriter.DataFrameReader.table","RelatedDataFrames":"","EntryPoints":"Sample_1. Pipeline Periodically - Usual Environment with Entropy.ipynb","ExecutionId":"a1cbc006-17c0-4db1-a282-bccf0e51f12f"},{"FullName":"notebook.Sample_1. Pipeline Periodically - Usual Environment with Entropy.ue_monthly","Name":"ue_monthly","FileId":"Sample_1. Pipeline Periodically - Usual Environment with Entropy.ipynb","CellId":"12","Line":"1","Column":"1","AssignmentNumber":"1","RelevantFunction":"","RelatedDataFrames":"notebook.Sample_1. Pipeline Periodically - Usual Environment with Entropy.lau|notebook.Sample_1. Pipeline Periodically - Usual Environment with Entropy.lbs","EntryPoints":"Sample_1. Pipeline Periodically - Usual Environment with Entropy.ipynb","ExecutionId":"a1cbc006-17c0-4db1-a282-bccf0e51f12f"},{"FullName":"notebook.Sample_1. Pipeline Periodically - Usual Environment with Entropy.ue_monthly","Name":"ue_monthly","FileId":"Sample_1. Pipeline Periodically - Usual Environment with Entropy.ipynb","CellId":"16","Line":"6","Column":"5","AssignmentNumber":"2","RelevantFunction":"","RelatedDataFrames":"notebook.Sample_1. Pipeline Periodically - Usual Environment with Entropy.lau|notebook.Sample_1. Pipeline Periodically - Usual Environment with Entropy.lbs","EntryPoints":"Sample_1. Pipeline Periodically - Usual Environment with Entropy.ipynb","ExecutionId":"a1cbc006-17c0-4db1-a282-bccf0e51f12f"},{"FullName":"notebook.Sample_2. Pipeline Periodically - Mobility Trip.data_cerdas_trip_mobility_trip.inbound","Name":"inbound","FileId":"Sample_2. Pipeline Periodically - Mobility Trip.ipynb","CellId":"11","Line":"54","Column":"5","AssignmentNumber":"5","RelevantFunction":"","RelatedDataFrames":"notebook.Sample_2. Pipeline Periodically - Mobility Trip.data_cerdas_trip_mobility_trip.inbound","EntryPoints":"notebook.Sample_2. Pipeline Periodically - Mobility Trip","ExecutionId":"a1cbc006-17c0-4db1-a282-bccf0e51f12f"},{"FullName":"notebook.Sample_3a. Pipeline Periodically - Tourism.generate_tourism.mobility_2_visit","Name":"mobility_2_visit","FileId":"Sample_3a. Pipeline Periodically - Tourism.ipynb","CellId":"12","Line":"54","Column":"5","AssignmentNumber":"3","RelevantFunction":"","RelatedDataFrames":"notebook.Sample_3a. Pipeline Periodically - Tourism.generate_tourism.mobility_2_visit","EntryPoints":"notebook.Sample_3a. Pipeline Periodically - Tourism","ExecutionId":"a1cbc006-17c0-4db1-a282-bccf0e51f12f"},{"FullName":"notebook.Sample_1. Pipeline Periodically - Usual Environment with Entropy.process_ue_semesterly.ue_semesterly","Name":"ue_semesterly","FileId":"Sample_1. Pipeline Periodically - Usual Environment with Entropy.ipynb","CellId":"20","Line":"7","Column":"5","AssignmentNumber":"1","RelevantFunction":"","RelatedDataFrames":"notebook.Sample_1. Pipeline Periodically - Usual Environment with Entropy.process_ue_semesterly.ue_monthly","EntryPoints":"notebook.Sample_1. Pipeline Periodically - Usual Environment with Entropy","ExecutionId":"a1cbc006-17c0-4db1-a282-bccf0e51f12f"},{"FullName":"notebook.Sample_1. Pipeline Periodically - Usual Environment with Entropy.process_ue_semesterly.home_semesterly","Name":"home_semesterly","FileId":"Sample_1. Pipeline Periodically - Usual Environment with Entropy.ipynb","CellId":"20","Line":"10","Column":"5","AssignmentNumber":"1","RelevantFunction":"","RelatedDataFrames":"notebook.Sample_1. Pipeline Periodically - Usual Environment with Entropy.process_ue_semesterly.ue_semesterly","EntryPoints":"notebook.Sample_1. Pipeline Periodically - Usual Environment with Entropy","ExecutionId":"a1cbc006-17c0-4db1-a282-bccf0e51f12f"},{"FullName":"notebook.Sample_1. Pipeline Periodically - Usual Environment with Entropy.process_ue_semesterly.work_semesterly","Name":"work_semesterly","FileId":"Sample_1. Pipeline Periodically - Usual Environment with Entropy.ipynb","CellId":"20","Line":"22","Column":"5","AssignmentNumber":"1","RelevantFunction":"","RelatedDataFrames":"notebook.Sample_1. Pipeline Periodically - Usual Environment with Entropy.process_ue_semesterly.ue_semesterly","EntryPoints":"notebook.Sample_1. Pipeline Periodically - Usual Environment with Entropy","ExecutionId":"a1cbc006-17c0-4db1-a282-bccf0e51f12f"},{"FullName":"notebook.Sample_3a. Pipeline Periodically - Tourism.generate_tourism.mobility_2_visit","Name":"mobility_2_visit","FileId":"Sample_3a. Pipeline Periodically - Tourism.ipynb","CellId":"12","Line":"64","Column":"5","AssignmentNumber":"4","RelevantFunction":"","RelatedDataFrames":"notebook.Sample_3a. Pipeline Periodically - Tourism.generate_tourism.mobility_2_visit","EntryPoints":"notebook.Sample_3a. Pipeline Periodically - Tourism","ExecutionId":"a1cbc006-17c0-4db1-a282-bccf0e51f12f"},{"FullName":"notebook.Sample_3a. Pipeline Periodically - Tourism.generate_tourism.mobility_3_tourism","Name":"mobility_3_tourism","FileId":"Sample_3a. Pipeline Periodically - Tourism.ipynb","CellId":"12","Line":"79","Column":"5","AssignmentNumber":"1","RelevantFunction":"","RelatedDataFrames":"notebook.Sample_3a. Pipeline Periodically - Tourism.generate_tourism.mobility_2_visit","EntryPoints":"notebook.Sample_3a. Pipeline Periodically - Tourism","ExecutionId":"a1cbc006-17c0-4db1-a282-bccf0e51f12f"},{"FullName":"notebook.Sample_3a. Pipeline Periodically - Tourism.generate_tourism.mobility_3_tourism","Name":"mobility_3_tourism","FileId":"Sample_3a. Pipeline Periodically - Tourism.ipynb","CellId":"12","Line":"84","Column":"5","AssignmentNumber":"2","RelevantFunction":"","RelatedDataFrames":"notebook.Sample_3a. Pipeline Periodically - Tourism.generate_tourism.mobility_3_tourism","EntryPoints":"notebook.Sample_3a. Pipeline Periodically - Tourism","ExecutionId":"a1cbc006-17c0-4db1-a282-bccf0e51f12f"},{"FullName":"notebook.Sample_1. Pipeline Periodically - Usual Environment with Entropy.process_ue_semesterly.ue_6","Name":"ue_6","FileId":"Sample_1. Pipeline Periodically - Usual Environment with Entropy.ipynb","CellId":"20","Line":"34","Column":"5","AssignmentNumber":"1","RelevantFunction":"pyspark.sql.dataframe.DataFrame.join","RelatedDataFrames":"notebook.Sample_1. Pipeline Periodically - Usual Environment with Entropy.process_ue_semesterly.home_semesterly|notebook.Sample_1. Pipeline Periodically - Usual Environment with Entropy.process_ue_semesterly.work_semesterly","EntryPoints":"notebook.Sample_1. Pipeline Periodically - Usual Environment with Entropy","ExecutionId":"a1cbc006-17c0-4db1-a282-bccf0e51f12f"},{"FullName":"notebook.Sample_3a. Pipeline Periodically - Tourism.generate_tourism.main_dest","Name":"main_dest","FileId":"Sample_3a. Pipeline Periodically - Tourism.ipynb","CellId":"12","Line":"96","Column":"5","AssignmentNumber":"1","RelevantFunction":"","RelatedDataFrames":"notebook.Sample_3a. Pipeline Periodically - Tourism.generate_tourism.mobility_3_tourism","EntryPoints":"notebook.Sample_3a. Pipeline Periodically - Tourism","ExecutionId":"a1cbc006-17c0-4db1-a282-bccf0e51f12f"},{"FullName":"notebook.Sample_3a. Pipeline Periodically - Tourism.generate_tourism.main_dest","Name":"main_dest","FileId":"Sample_3a. Pipeline Periodically - Tourism.ipynb","CellId":"12","Line":"99","Column":"5","AssignmentNumber":"2","RelevantFunction":"","RelatedDataFrames":"notebook.Sample_3a. Pipeline Periodically - Tourism.generate_tourism.main_dest","EntryPoints":"notebook.Sample_3a. Pipeline Periodically - Tourism","ExecutionId":"a1cbc006-17c0-4db1-a282-bccf0e51f12f"},{"FullName":"notebook.Sample_3a. Pipeline Periodically - Tourism.generate_tourism.main_dest_count","Name":"main_dest_count","FileId":"Sample_3a. Pipeline Periodically - Tourism.ipynb","CellId":"12","Line":"102","Column":"5","AssignmentNumber":"1","RelevantFunction":"","RelatedDataFrames":"notebook.Sample_3a. Pipeline Periodically - Tourism.generate_tourism.main_dest","EntryPoints":"notebook.Sample_3a. Pipeline Periodically - Tourism","ExecutionId":"a1cbc006-17c0-4db1-a282-bccf0e51f12f"},{"FullName":"notebook.Sample_3a. Pipeline Periodically - Tourism.generate_tourism.mobility_4_tourism","Name":"mobility_4_tourism","FileId":"Sample_3a. Pipeline Periodically - Tourism.ipynb","CellId":"12","Line":"109","Column":"5","AssignmentNumber":"1","RelevantFunction":"pyspark.sql.dataframe.DataFrame.join","RelatedDataFrames":"notebook.Sample_3a. Pipeline Periodically - Tourism.generate_tourism.main_dest|notebook.Sample_3a. Pipeline Periodically - Tourism.generate_tourism.mobility_3_tourism","EntryPoints":"notebook.Sample_3a. Pipeline Periodically - Tourism","ExecutionId":"a1cbc006-17c0-4db1-a282-bccf0e51f12f"},{"FullName":"notebook.Sample_1. Pipeline Periodically - Usual Environment with Entropy.ue_monthly","Name":"ue_monthly","FileId":"Sample_1. Pipeline Periodically - Usual Environment with Entropy.ipynb","CellId":"21","Line":"1","Column":"1","AssignmentNumber":"3","RelevantFunction":"pyspark.sql.readwriter.DataFrameReader.table","RelatedDataFrames":"","EntryPoints":"Sample_1. Pipeline Periodically - Usual Environment with Entropy.ipynb","ExecutionId":"a1cbc006-17c0-4db1-a282-bccf0e51f12f"},{"FullName":"notebook.Sample_1. Pipeline Periodically - Usual Environment with Entropy.ue_semesterly","Name":"ue_semesterly","FileId":"Sample_1. Pipeline Periodically - Usual Environment with Entropy.ipynb","CellId":"22","Line":"1","Column":"1","AssignmentNumber":"2","RelevantFunction":"","RelatedDataFrames":"notebook.Sample_1. Pipeline Periodically - Usual Environment with Entropy.ue_monthly","EntryPoints":"Sample_1. Pipeline Periodically - Usual Environment with Entropy.ipynb","ExecutionId":"a1cbc006-17c0-4db1-a282-bccf0e51f12f"},{"FullName":"notebook.Sample_3a. Pipeline Periodically - Tourism.generate_tourism.mobility_4_tourism","Name":"mobility_4_tourism","FileId":"Sample_3a. Pipeline Periodically - Tourism.ipynb","CellId":"12","Line":"120","Column":"5","AssignmentNumber":"2","RelevantFunction":"pyspark.sql.dataframe.DataFrame.join","RelatedDataFrames":"notebook.Sample_3a. Pipeline Periodically - Tourism.generate_tourism.main_dest_count|notebook.Sample_3a. Pipeline Periodically - Tourism.generate_tourism.mobility_4_tourism","EntryPoints":"notebook.Sample_3a. Pipeline Periodically - Tourism","ExecutionId":"a1cbc006-17c0-4db1-a282-bccf0e51f12f"},{"FullName":"notebook.Sample_1. Pipeline Periodically - Usual Environment with Entropy.ue_semesterly","Name":"ue_semesterly","FileId":"Sample_1. Pipeline Periodically - Usual Environment with Entropy.ipynb","CellId":"27","Line":"14","Column":"5","AssignmentNumber":"3","RelevantFunction":"","RelatedDataFrames":"notebook.Sample_1. Pipeline Periodically - Usual Environment with Entropy.ue_monthly","EntryPoints":"Sample_1. Pipeline Periodically - Usual Environment with Entropy.ipynb","ExecutionId":"a1cbc006-17c0-4db1-a282-bccf0e51f12f"},{"FullName":"notebook.Sample_1. Pipeline Periodically - Usual Environment with Entropy.ue_monthly","Name":"ue_monthly","FileId":"Sample_1. Pipeline Periodically - Usual Environment with Entropy.ipynb","CellId":"30","Line":"1","Column":"1","AssignmentNumber":"4","RelevantFunction":"pyspark.sql.readwriter.DataFrameReader.table","RelatedDataFrames":"","EntryPoints":"Sample_1. Pipeline Periodically - Usual Environment with Entropy.ipynb","ExecutionId":"a1cbc006-17c0-4db1-a282-bccf0e51f12f"},{"FullName":"notebook.Sample_3a. Pipeline Periodically - Tourism.generate_tourism.mobility_overstay","Name":"mobility_overstay","FileId":"Sample_3a. Pipeline Periodically - Tourism.ipynb","CellId":"12","Line":"139","Column":"5","AssignmentNumber":"1","RelevantFunction":"","RelatedDataFrames":"notebook.Sample_3a. Pipeline Periodically - Tourism.generate_tourism.mobility_4_tourism","EntryPoints":"notebook.Sample_3a. Pipeline Periodically - Tourism","ExecutionId":"a1cbc006-17c0-4db1-a282-bccf0e51f12f"},{"FullName":"notebook.Sample_1. Pipeline Periodically - Usual Environment with Entropy.ue_semesterly","Name":"ue_semesterly","FileId":"Sample_1. Pipeline Periodically - Usual Environment with Entropy.ipynb","CellId":"35","Line":"1","Column":"1","AssignmentNumber":"4","RelevantFunction":"pyspark.sql.readwriter.DataFrameReader.table","RelatedDataFrames":"","EntryPoints":"Sample_1. Pipeline Periodically - Usual Environment with Entropy.ipynb","ExecutionId":"a1cbc006-17c0-4db1-a282-bccf0e51f12f"},{"FullName":"notebook.Sample_3a. Pipeline Periodically - Tourism.generate_tourism.mobility_overstay","Name":"mobility_overstay","FileId":"Sample_3a. Pipeline Periodically - Tourism.ipynb","CellId":"12","Line":"152","Column":"5","AssignmentNumber":"2","RelevantFunction":"","RelatedDataFrames":"notebook.Sample_3a. Pipeline Periodically - Tourism.generate_tourism.mobility_overstay","EntryPoints":"notebook.Sample_3a. Pipeline Periodically - Tourism","ExecutionId":"a1cbc006-17c0-4db1-a282-bccf0e51f12f"},{"FullName":"notebook.Sample_3a. Pipeline Periodically - Tourism.generate_tourism.mobility_overstay_daily","Name":"mobility_overstay_daily","FileId":"Sample_3a. Pipeline Periodically - Tourism.ipynb","CellId":"12","Line":"192","Column":"5","AssignmentNumber":"1","RelevantFunction":"pyspark.sql.dataframe.DataFrame.join","RelatedDataFrames":"notebook.Sample_3a. Pipeline Periodically - Tourism.generate_tourism.mobility_overstay","EntryPoints":"notebook.Sample_3a. Pipeline Periodically - Tourism","ExecutionId":"a1cbc006-17c0-4db1-a282-bccf0e51f12f"},{"FullName":"notebook.Sample_3a. Pipeline Periodically - Tourism.generate_tourism.mobility_overstay","Name":"mobility_overstay","FileId":"Sample_3a. Pipeline Periodically - Tourism.ipynb","CellId":"12","Line":"205","Column":"5","AssignmentNumber":"3","RelevantFunction":"pyspark.sql.dataframe.DataFrame.join","RelatedDataFrames":"notebook.Sample_3a. Pipeline Periodically - Tourism.generate_tourism.mobility_overstay|notebook.Sample_3a. Pipeline Periodically - Tourism.generate_tourism.mobility_overstay_daily","EntryPoints":"notebook.Sample_3a. Pipeline Periodically - Tourism","ExecutionId":"a1cbc006-17c0-4db1-a282-bccf0e51f12f"},{"FullName":"notebook.Sample_3a. Pipeline Periodically - Tourism.generate_tourism.mobility_5_tourism","Name":"mobility_5_tourism","FileId":"Sample_3a. Pipeline Periodically - Tourism.ipynb","CellId":"12","Line":"222","Column":"5","AssignmentNumber":"1","RelevantFunction":"pyspark.sql.dataframe.DataFrame.join","RelatedDataFrames":"notebook.Sample_3a. Pipeline Periodically - Tourism.generate_tourism.mobility_4_tourism|notebook.Sample_3a. Pipeline Periodically - Tourism.generate_tourism.mobility_overstay","EntryPoints":"notebook.Sample_3a. Pipeline Periodically - Tourism","ExecutionId":"a1cbc006-17c0-4db1-a282-bccf0e51f12f"},{"FullName":"notebook.Sample_3a. Pipeline Periodically - Tourism.generate_tourism.mobility_6_tourism","Name":"mobility_6_tourism","FileId":"Sample_3a. Pipeline Periodically - Tourism.ipynb","CellId":"12","Line":"231","Column":"5","AssignmentNumber":"1","RelevantFunction":"","RelatedDataFrames":"notebook.Sample_3a. Pipeline Periodically - Tourism.generate_tourism.mobility_5_tourism","EntryPoints":"notebook.Sample_3a. Pipeline Periodically - Tourism","ExecutionId":"a1cbc006-17c0-4db1-a282-bccf0e51f12f"},{"FullName":"notebook.Sample_3a. Pipeline Periodically - Tourism.generate_tourism.mobility_6_tourism","Name":"mobility_6_tourism","FileId":"Sample_3a. Pipeline Periodically - Tourism.ipynb","CellId":"12","Line":"235","Column":"5","AssignmentNumber":"2","RelevantFunction":"","RelatedDataFrames":"notebook.Sample_3a. Pipeline Periodically - Tourism.generate_tourism.mobility_6_tourism","EntryPoints":"notebook.Sample_3a. Pipeline Periodically - Tourism","ExecutionId":"a1cbc006-17c0-4db1-a282-bccf0e51f12f"},{"FullName":"notebook.Sample_3a. Pipeline Periodically - Tourism.generate_tourism.mobility_6_tourism","Name":"mobility_6_tourism","FileId":"Sample_3a. Pipeline Periodically - Tourism.ipynb","CellId":"12","Line":"236","Column":"5","AssignmentNumber":"3","RelevantFunction":"","RelatedDataFrames":"notebook.Sample_3a. Pipeline Periodically - Tourism.generate_tourism.mobility_6_tourism","EntryPoints":"notebook.Sample_3a. Pipeline Periodically - Tourism","ExecutionId":"a1cbc006-17c0-4db1-a282-bccf0e51f12f"},{"FullName":"notebook.Sample_3a. Pipeline Periodically - Tourism.generate_tourism.mobility_6_tourism","Name":"mobility_6_tourism","FileId":"Sample_3a. Pipeline Periodically - Tourism.ipynb","CellId":"12","Line":"237","Column":"5","AssignmentNumber":"4","RelevantFunction":"","RelatedDataFrames":"notebook.Sample_3a. Pipeline Periodically - Tourism.generate_tourism.mobility_6_tourism","EntryPoints":"notebook.Sample_3a. Pipeline Periodically - Tourism","ExecutionId":"a1cbc006-17c0-4db1-a282-bccf0e51f12f"},{"FullName":"notebook.Sample_3a. Pipeline Periodically - Tourism.mobility_1_trip","Name":"mobility_1_trip","FileId":"Sample_3a. Pipeline Periodically - Tourism.ipynb","CellId":"14","Line":"1","Column":"1","AssignmentNumber":"3","RelevantFunction":"pyspark.sql.readwriter.DataFrameReader.table","RelatedDataFrames":"","EntryPoints":"Sample_3a. Pipeline Periodically - Tourism.ipynb","ExecutionId":"a1cbc006-17c0-4db1-a282-bccf0e51f12f"},{"FullName":"notebook.Sample_3a. Pipeline Periodically - Tourism.tourism","Name":"tourism","FileId":"Sample_3a. Pipeline Periodically - Tourism.ipynb","CellId":"14","Line":"8","Column":"1","AssignmentNumber":"1","RelevantFunction":"","RelatedDataFrames":"notebook.Sample_3a. Pipeline Periodically - Tourism.mobility_1_trip","EntryPoints":"Sample_3a. Pipeline Periodically - Tourism.ipynb","ExecutionId":"a1cbc006-17c0-4db1-a282-bccf0e51f12f"},{"FullName":"notebook.Sample_3a. Pipeline Periodically - Tourism.tourism","Name":"tourism","FileId":"Sample_3a. Pipeline Periodically - Tourism.ipynb","CellId":"18","Line":"4","Column":"5","AssignmentNumber":"2","RelevantFunction":"","RelatedDataFrames":"notebook.Sample_3a. Pipeline Periodically - Tourism.mobility_1_trip","EntryPoints":"Sample_3a. Pipeline Periodically - Tourism.ipynb","ExecutionId":"a1cbc006-17c0-4db1-a282-bccf0e51f12f"},{"FullName":"notebook.Sample_3a. Pipeline Periodically - Tourism.tourism","Name":"tourism","FileId":"Sample_3a. Pipeline Periodically - Tourism.ipynb","CellId":"21","Line":"1","Column":"1","AssignmentNumber":"3","RelevantFunction":"pyspark.sql.readwriter.DataFrameReader.table","RelatedDataFrames":"","EntryPoints":"Sample_3a. Pipeline Periodically - Tourism.ipynb","ExecutionId":"a1cbc006-17c0-4db1-a282-bccf0e51f12f"},{"FullName":"notebook.Sample_3a. Pipeline Periodically - Tourism.tourism","Name":"tourism","FileId":"Sample_3a. Pipeline Periodically - Tourism.ipynb","CellId":"21","Line":"3","Column":"1","AssignmentNumber":"4","RelevantFunction":"","RelatedDataFrames":"notebook.Sample_3a. Pipeline Periodically - Tourism.tourism","EntryPoints":"Sample_3a. Pipeline Periodically - Tourism.ipynb","ExecutionId":"a1cbc006-17c0-4db1-a282-bccf0e51f12f"},{"FullName":"notebook.Sample_3a. Pipeline Periodically - Tourism.tourism","Name":"tourism","FileId":"Sample_3a. Pipeline Periodically - Tourism.ipynb","CellId":"24","Line":"1","Column":"1","AssignmentNumber":"5","RelevantFunction":"pyspark.sql.readwriter.DataFrameReader.table","RelatedDataFrames":"","EntryPoints":"Sample_3a. Pipeline Periodically - Tourism.ipynb","ExecutionId":"a1cbc006-17c0-4db1-a282-bccf0e51f12f"},{"FullName":"notebook.Sample_3a. Pipeline Periodically - Tourism.tourism","Name":"tourism","FileId":"Sample_3a. Pipeline Periodically - Tourism.ipynb","CellId":"24","Line":"3","Column":"1","AssignmentNumber":"6","RelevantFunction":"","RelatedDataFrames":"notebook.Sample_3a. Pipeline Periodically - Tourism.tourism","EntryPoints":"Sample_3a. Pipeline Periodically - Tourism.ipynb","ExecutionId":"a1cbc006-17c0-4db1-a282-bccf0e51f12f"},{"FullName":"notebook.Sample_2. Pipeline Periodically - Mobility Trip.data_cerdas_trip_mobility_trip.inbound","Name":"inbound","FileId":"Sample_2. Pipeline Periodically - Mobility Trip.ipynb","CellId":"11","Line":"98","Column":"5","AssignmentNumber":"6","RelevantFunction":"","RelatedDataFrames":"notebook.Sample_2. Pipeline Periodically - Mobility Trip.data_cerdas_trip_mobility_trip.inbound","EntryPoints":"notebook.Sample_2. Pipeline Periodically - Mobility Trip","ExecutionId":"a1cbc006-17c0-4db1-a282-bccf0e51f12f"},{"FullName":"notebook.Sample_2. Pipeline Periodically - Mobility Trip.data_cerdas_trip_mobility_trip.master_raw","Name":"master_raw","FileId":"Sample_2. Pipeline Periodically - Mobility Trip.ipynb","CellId":"11","Line":"100","Column":"5","AssignmentNumber":"1","RelevantFunction":"pyspark.sql.dataframe.DataFrame.union","RelatedDataFrames":"notebook.Sample_2. Pipeline Periodically - Mobility Trip.data_cerdas_trip_mobility_trip.inbound|notebook.Sample_2. Pipeline Periodically - Mobility Trip.data_cerdas_trip_mobility_trip.staypoint","EntryPoints":"notebook.Sample_2. Pipeline Periodically - Mobility Trip","ExecutionId":"a1cbc006-17c0-4db1-a282-bccf0e51f12f"},{"FullName":"notebook.Sample_2. Pipeline Periodically - Mobility Trip.data_cerdas_trip_mobility_trip.lau","Name":"lau","FileId":"Sample_2. Pipeline Periodically - Mobility Trip.ipynb","CellId":"11","Line":"111","Column":"5","AssignmentNumber":"1","RelevantFunction":"","RelatedDataFrames":"notebook.Sample_2. Pipeline Periodically - Mobility Trip.data_cerdas_trip_mobility_trip.lau","EntryPoints":"notebook.Sample_2. Pipeline Periodically - Mobility Trip","ExecutionId":"a1cbc006-17c0-4db1-a282-bccf0e51f12f"},{"FullName":"notebook.Sample_2. Pipeline Periodically - Mobility Trip.data_cerdas_trip_mobility_trip.master_raw","Name":"master_raw","FileId":"Sample_2. Pipeline Periodically - Mobility Trip.ipynb","CellId":"11","Line":"123","Column":"5","AssignmentNumber":"2","RelevantFunction":"pyspark.sql.dataframe.DataFrame.join","RelatedDataFrames":"notebook.Sample_2. Pipeline Periodically - Mobility Trip.data_cerdas_trip_mobility_trip.lau|notebook.Sample_2. Pipeline Periodically - Mobility Trip.data_cerdas_trip_mobility_trip.master_raw","EntryPoints":"notebook.Sample_2. Pipeline Periodically - Mobility Trip","ExecutionId":"a1cbc006-17c0-4db1-a282-bccf0e51f12f"},{"FullName":"notebook.Sample_2. Pipeline Periodically - Mobility Trip.data_cerdas_trip_mobility_trip.master_raw","Name":"master_raw","FileId":"Sample_2. Pipeline Periodically - Mobility Trip.ipynb","CellId":"11","Line":"125","Column":"5","AssignmentNumber":"3","RelevantFunction":"","RelatedDataFrames":"notebook.Sample_2. Pipeline Periodically - Mobility Trip.data_cerdas_trip_mobility_trip.master_raw","EntryPoints":"notebook.Sample_2. Pipeline Periodically - Mobility Trip","ExecutionId":"a1cbc006-17c0-4db1-a282-bccf0e51f12f"},{"FullName":"notebook.Sample_2. Pipeline Periodically - Mobility Trip.data_cerdas_trip_mobility_trip.master_raw","Name":"master_raw","FileId":"Sample_2. Pipeline Periodically - Mobility Trip.ipynb","CellId":"11","Line":"133","Column":"5","AssignmentNumber":"4","RelevantFunction":"pyspark.sql.dataframe.DataFrame.join","RelatedDataFrames":"notebook.Sample_2. Pipeline Periodically - Mobility Trip.data_cerdas_trip_mobility_trip.master_raw","EntryPoints":"notebook.Sample_2. Pipeline Periodically - Mobility Trip","ExecutionId":"a1cbc006-17c0-4db1-a282-bccf0e51f12f"},{"FullName":"notebook.Sample_2. Pipeline Periodically - Mobility Trip.data_cerdas_trip_mobility_trip.master_raw","Name":"master_raw","FileId":"Sample_2. Pipeline Periodically - Mobility Trip.ipynb","CellId":"11","Line":"136","Column":"5","AssignmentNumber":"5","RelevantFunction":"","RelatedDataFrames":"notebook.Sample_2. Pipeline Periodically - Mobility Trip.data_cerdas_trip_mobility_trip.master_raw","EntryPoints":"notebook.Sample_2. Pipeline Periodically - Mobility Trip","ExecutionId":"a1cbc006-17c0-4db1-a282-bccf0e51f12f"},{"FullName":"notebook.Sample_2. Pipeline Periodically - Mobility Trip.data_cerdas_trip_mobility_trip.usual_env","Name":"usual_env","FileId":"Sample_2. Pipeline Periodically - Mobility Trip.ipynb","CellId":"11","Line":"141","Column":"5","AssignmentNumber":"1","RelevantFunction":"pyspark.sql.dataframe.DataFrame.join","RelatedDataFrames":"notebook.Sample_2. Pipeline Periodically - Mobility Trip.data_cerdas_trip_mobility_trip.usual_env","EntryPoints":"notebook.Sample_2. Pipeline Periodically - Mobility Trip","ExecutionId":"a1cbc006-17c0-4db1-a282-bccf0e51f12f"},{"FullName":"notebook.Sample_2. Pipeline Periodically - Mobility Trip.data_cerdas_trip_mobility_trip.mobility","Name":"mobility","FileId":"Sample_2. Pipeline Periodically - Mobility Trip.ipynb","CellId":"11","Line":"156","Column":"5","AssignmentNumber":"1","RelevantFunction":"pyspark.sql.dataframe.DataFrame.join","RelatedDataFrames":"notebook.Sample_2. Pipeline Periodically - Mobility Trip.data_cerdas_trip_mobility_trip.master_raw|notebook.Sample_2. Pipeline Periodically - Mobility Trip.data_cerdas_trip_mobility_trip.usual_env","EntryPoints":"notebook.Sample_2. Pipeline Periodically - Mobility Trip","ExecutionId":"a1cbc006-17c0-4db1-a282-bccf0e51f12f"},{"FullName":"notebook.Sample_2. Pipeline Periodically - Mobility Trip.data_cerdas_trip_mobility_trip.mobility_0","Name":"mobility_0","FileId":"Sample_2. Pipeline Periodically - Mobility Trip.ipynb","CellId":"11","Line":"173","Column":"5","AssignmentNumber":"1","RelevantFunction":"","RelatedDataFrames":"notebook.Sample_2. Pipeline Periodically - Mobility Trip.data_cerdas_trip_mobility_trip.mobility","EntryPoints":"notebook.Sample_2. Pipeline Periodically - Mobility Trip","ExecutionId":"a1cbc006-17c0-4db1-a282-bccf0e51f12f"},{"FullName":"notebook.Sample_2. Pipeline Periodically - Mobility Trip.data_cerdas_trip_mobility_trip.mobility_0","Name":"mobility_0","FileId":"Sample_2. Pipeline Periodically - Mobility Trip.ipynb","CellId":"11","Line":"178","Column":"5","AssignmentNumber":"2","RelevantFunction":"","RelatedDataFrames":"notebook.Sample_2. Pipeline Periodically - Mobility Trip.data_cerdas_trip_mobility_trip.mobility_0","EntryPoints":"notebook.Sample_2. Pipeline Periodically - Mobility Trip","ExecutionId":"a1cbc006-17c0-4db1-a282-bccf0e51f12f"},{"FullName":"notebook.Sample_2. Pipeline Periodically - Mobility Trip.data_cerdas_trip_mobility_trip.mobility_1_trip","Name":"mobility_1_trip","FileId":"Sample_2. Pipeline Periodically - Mobility Trip.ipynb","CellId":"11","Line":"196","Column":"5","AssignmentNumber":"1","RelevantFunction":"","RelatedDataFrames":"notebook.Sample_2. Pipeline Periodically - Mobility Trip.data_cerdas_trip_mobility_trip.mobility_0","EntryPoints":"notebook.Sample_2. Pipeline Periodically - Mobility Trip","ExecutionId":"a1cbc006-17c0-4db1-a282-bccf0e51f12f"},{"FullName":"notebook.Sample_2. Pipeline Periodically - Mobility Trip.data_cerdas_trip_mobility_trip.mobility_1_trip","Name":"mobility_1_trip","FileId":"Sample_2. Pipeline Periodically - Mobility Trip.ipynb","CellId":"11","Line":"213","Column":"5","AssignmentNumber":"2","RelevantFunction":"","RelatedDataFrames":"notebook.Sample_2. Pipeline Periodically - Mobility Trip.data_cerdas_trip_mobility_trip.mobility_1_trip","EntryPoints":"notebook.Sample_2. Pipeline Periodically - Mobility Trip","ExecutionId":"a1cbc006-17c0-4db1-a282-bccf0e51f12f"},{"FullName":"notebook.Sample_2. Pipeline Periodically - Mobility Trip.data_cerdas_trip_mobility_trip.mobility_1_trip","Name":"mobility_1_trip","FileId":"Sample_2. Pipeline Periodically - Mobility Trip.ipynb","CellId":"11","Line":"216","Column":"5","AssignmentNumber":"3","RelevantFunction":"","RelatedDataFrames":"notebook.Sample_2. Pipeline Periodically - Mobility Trip.data_cerdas_trip_mobility_trip.mobility_1_trip","EntryPoints":"notebook.Sample_2. Pipeline Periodically - Mobility Trip","ExecutionId":"a1cbc006-17c0-4db1-a282-bccf0e51f12f"},{"FullName":"notebook.Sample_2. Pipeline Periodically - Mobility Trip.data_cerdas_trip_mobility_trip.mobility_1_trip","Name":"mobility_1_trip","FileId":"Sample_2. Pipeline Periodically - Mobility Trip.ipynb","CellId":"11","Line":"217","Column":"5","AssignmentNumber":"4","RelevantFunction":"","RelatedDataFrames":"notebook.Sample_2. Pipeline Periodically - Mobility Trip.data_cerdas_trip_mobility_trip.mobility_1_trip","EntryPoints":"notebook.Sample_2. Pipeline Periodically - Mobility Trip","ExecutionId":"a1cbc006-17c0-4db1-a282-bccf0e51f12f"},{"FullName":"notebook.Sample_2. Pipeline Periodically - Mobility Trip.staypoint","Name":"staypoint","FileId":"Sample_2. Pipeline Periodically - Mobility Trip.ipynb","CellId":"15","Line":"2","Column":"1","AssignmentNumber":"6","RelevantFunction":"pyspark.sql.readwriter.DataFrameReader.table","RelatedDataFrames":"","EntryPoints":"Sample_2. Pipeline Periodically - Mobility Trip.ipynb","ExecutionId":"a1cbc006-17c0-4db1-a282-bccf0e51f12f"},{"FullName":"notebook.Sample_2. Pipeline Periodically - Mobility Trip.inbound","Name":"inbound","FileId":"Sample_2. Pipeline Periodically - Mobility Trip.ipynb","CellId":"15","Line":"4","Column":"1","AssignmentNumber":"7","RelevantFunction":"pyspark.sql.readwriter.DataFrameReader.table","RelatedDataFrames":"","EntryPoints":"Sample_2. Pipeline Periodically - Mobility Trip.ipynb","ExecutionId":"a1cbc006-17c0-4db1-a282-bccf0e51f12f"},{"FullName":"notebook.Sample_2. Pipeline Periodically - Mobility Trip.usual_env","Name":"usual_env","FileId":"Sample_2. Pipeline Periodically - Mobility Trip.ipynb","CellId":"15","Line":"6","Column":"1","AssignmentNumber":"2","RelevantFunction":"pyspark.sql.readwriter.DataFrameReader.table","RelatedDataFrames":"","EntryPoints":"Sample_2. Pipeline Periodically - Mobility Trip.ipynb","ExecutionId":"a1cbc006-17c0-4db1-a282-bccf0e51f12f"},{"FullName":"notebook.Sample_2. Pipeline Periodically - Mobility Trip.lau","Name":"lau","FileId":"Sample_2. Pipeline Periodically - Mobility Trip.ipynb","CellId":"15","Line":"23","Column":"1","AssignmentNumber":"2","RelevantFunction":"pyspark.sql.readwriter.DataFrameReader.table","RelatedDataFrames":"","EntryPoints":"Sample_2. Pipeline Periodically - Mobility Trip.ipynb","ExecutionId":"a1cbc006-17c0-4db1-a282-bccf0e51f12f"},{"FullName":"notebook.Sample_2. Pipeline Periodically - Mobility Trip.lau","Name":"lau","FileId":"Sample_2. Pipeline Periodically - Mobility Trip.ipynb","CellId":"15","Line":"24","Column":"1","AssignmentNumber":"3","RelevantFunction":"","RelatedDataFrames":"notebook.Sample_2. Pipeline Periodically - Mobility Trip.lau","EntryPoints":"Sample_2. Pipeline Periodically - Mobility Trip.ipynb","ExecutionId":"a1cbc006-17c0-4db1-a282-bccf0e51f12f"},{"FullName":"notebook.Sample_2. Pipeline Periodically - Mobility Trip.mobility_trip","Name":"mobility_trip","FileId":"Sample_2. Pipeline Periodically - Mobility Trip.ipynb","CellId":"16","Line":"1","Column":"1","AssignmentNumber":"1","RelevantFunction":"","RelatedDataFrames":"notebook.Sample_2. Pipeline Periodically - Mobility Trip.inbound|notebook.Sample_2. Pipeline Periodically - Mobility Trip.lau|notebook.Sample_2. Pipeline Periodically - Mobility Trip.staypoint|notebook.Sample_2. Pipeline Periodically - Mobility Trip.usual_env","EntryPoints":"Sample_2. Pipeline Periodically - Mobility Trip.ipynb","ExecutionId":"a1cbc006-17c0-4db1-a282-bccf0e51f12f"},{"FullName":"notebook.Sample_2. Pipeline Periodically - Mobility Trip.mobility_trip","Name":"mobility_trip","FileId":"Sample_2. Pipeline Periodically - Mobility Trip.ipynb","CellId":"20","Line":"4","Column":"5","AssignmentNumber":"2","RelevantFunction":"","RelatedDataFrames":"notebook.Sample_2. Pipeline Periodically - Mobility Trip.inbound|notebook.Sample_2. Pipeline Periodically - Mobility Trip.lau|notebook.Sample_2. Pipeline Periodically - Mobility Trip.staypoint|notebook.Sample_2. Pipeline Periodically - Mobility Trip.usual_env","EntryPoints":"Sample_2. Pipeline Periodically - Mobility Trip.ipynb","ExecutionId":"a1cbc006-17c0-4db1-a282-bccf0e51f12f"},{"FullName":"notebook.Sample_2. Pipeline Periodically - Mobility Trip.df","Name":"df","FileId":"Sample_2. Pipeline Periodically - Mobility Trip.ipynb","CellId":"23","Line":"1","Column":"1","AssignmentNumber":"1","RelevantFunction":"pyspark.sql.readwriter.DataFrameReader.table","RelatedDataFrames":"","EntryPoints":"Sample_2. Pipeline Periodically - Mobility Trip.ipynb","ExecutionId":"a1cbc006-17c0-4db1-a282-bccf0e51f12f"},{"FullName":"notebook.Sample_2. Pipeline Periodically - Mobility Trip.df","Name":"df","FileId":"Sample_2. Pipeline Periodically - Mobility Trip.ipynb","CellId":"23","Line":"2","Column":"1","AssignmentNumber":"2","RelevantFunction":"","RelatedDataFrames":"notebook.Sample_2. Pipeline Periodically - Mobility Trip.df","EntryPoints":"Sample_2. Pipeline Periodically - Mobility Trip.ipynb","ExecutionId":"a1cbc006-17c0-4db1-a282-bccf0e51f12f"},{"FullName":"notebook.Sample_2. Pipeline Periodically - Mobility Trip.run_simple_sanity_check.df","Name":"df","FileId":"Sample_2. Pipeline Periodically - Mobility Trip.ipynb","CellId":"24","Line":"7","Column":"9","AssignmentNumber":"3","RelevantFunction":"","RelatedDataFrames":"notebook.Sample_2. Pipeline Periodically - Mobility Trip.run_simple_sanity_check.df","EntryPoints":"notebook.Sample_2. Pipeline Periodically - Mobility Trip","ExecutionId":"a1cbc006-17c0-4db1-a282-bccf0e51f12f"},{"FullName":"notebook.Sample_2. Pipeline Periodically - Mobility Trip.main.df","Name":"df","FileId":"Sample_2. Pipeline Periodically - Mobility Trip.ipynb","CellId":"24","Line":"33","Column":"5","AssignmentNumber":"4","RelevantFunction":"pyspark.sql.readwriter.DataFrameReader.table","RelatedDataFrames":"","EntryPoints":"notebook.Sample_2. Pipeline Periodically - Mobility Trip","ExecutionId":"a1cbc006-17c0-4db1-a282-bccf0e51f12f"}]