[{"Caller":"notebook.Sample_1. Pipeline Periodically - Usual Environment with Entropy.prep_lbs","CallerType":"Function","Invoked":"notebook.Sample_1. Pipeline Periodically - Usual Environment with Entropy.latlon_h3","InvokedType":"Variable","FileId":"Sample_1. Pipeline Periodically - Usual Environment with Entropy.ipynb","CellId":"0","Line":"10","Column":"35","ExecutionId":"a1cbc006-17c0-4db1-a282-bccf0e51f12f"},{"Caller":"notebook.Sample_2. Pipeline Periodically - Mobility Trip.data_cerdas_trip_mobility_trip","CallerType":"Function","Invoked":"notebook.Sample_2. Pipeline Periodically - Mobility Trip.geo_to_h3","InvokedType":"Variable","FileId":"Sample_2. Pipeline Periodically - Mobility Trip.ipynb","CellId":"0","Line":"41","Column":"38","ExecutionId":"a1cbc006-17c0-4db1-a282-bccf0e51f12f"},{"Caller":"notebook.Sample_2. Pipeline Periodically - Mobility Trip.data_cerdas_trip_mobility_trip","CallerType":"Function","Invoked":"notebook.Sample_2. Pipeline Periodically - Mobility Trip.to_parent_res9_udf","InvokedType":"Variable","FileId":"Sample_2. Pipeline Periodically - Mobility Trip.ipynb","CellId":"0","Line":"42","Column":"37","ExecutionId":"a1cbc006-17c0-4db1-a282-bccf0e51f12f"},{"Caller":"notebook.Sample_2. Pipeline Periodically - Mobility Trip.data_cerdas_trip_mobility_trip","CallerType":"Function","Invoked":"notebook.Sample_2. Pipeline Periodically - Mobility Trip.to_parent_res8_udf","InvokedType":"Variable","FileId":"Sample_2. Pipeline Periodically - Mobility Trip.ipynb","CellId":"0","Line":"43","Column":"37","ExecutionId":"a1cbc006-17c0-4db1-a282-bccf0e51f12f"},{"Caller":"notebook.Sample_1. Pipeline Periodically - Usual Environment with Entropy.join_lbs_lau","CallerType":"Function","Invoked":"notebook.Sample_1. Pipeline Periodically - Usual Environment with Entropy.h3_parent","InvokedType":"Variable","FileId":"Sample_1. Pipeline Periodically - Usual Environment with Entropy.ipynb","CellId":"0","Line":"15","Column":"34","ExecutionId":"a1cbc006-17c0-4db1-a282-bccf0e51f12f"},{"Caller":"notebook.Sample_2. Pipeline Periodically - Mobility Trip.data_cerdas_trip_mobility_trip","CallerType":"Function","Invoked":"notebook.Sample_2. Pipeline Periodically - Mobility Trip.to_parent_res7_udf","InvokedType":"Variable","FileId":"Sample_2. Pipeline Periodically - Mobility Trip.ipynb","CellId":"0","Line":"44","Column":"37","ExecutionId":"a1cbc006-17c0-4db1-a282-bccf0e51f12f"},{"Caller":"notebook.Sample_1. Pipeline Periodically - Usual Environment with Entropy.process_ue_monthly","CallerType":"Function","Invoked":"notebook.Sample_1. Pipeline Periodically - Usual Environment with Entropy.haversine_distance","InvokedType":"Function","FileId":"Sample_1. Pipeline Periodically - Usual Environment with Entropy.ipynb","CellId":"0","Line":"49","Column":"50","ExecutionId":"a1cbc006-17c0-4db1-a282-bccf0e51f12f"},{"Caller":"notebook.Sample_1. Pipeline Periodically - Usual Environment with Entropy.process_data","CallerType":"Function","Invoked":"notebook.Sample_1. Pipeline Periodically - Usual Environment with Entropy.prep_lbs","InvokedType":"Function","FileId":"Sample_1. Pipeline Periodically - Usual Environment with Entropy.ipynb","CellId":"0","Line":"107","Column":"11","ExecutionId":"a1cbc006-17c0-4db1-a282-bccf0e51f12f"},{"Caller":"notebook.Sample_1. Pipeline Periodically - Usual Environment with Entropy.process_data","CallerType":"Function","Invoked":"notebook.Sample_1. Pipeline Periodically - Usual Environment with Entropy.join_lbs_lau","InvokedType":"Function","FileId":"Sample_1. Pipeline Periodically - Usual Environment with Entropy.ipynb","CellId":"0","Line":"108","Column":"11","ExecutionId":"a1cbc006-17c0-4db1-a282-bccf0e51f12f"},{"Caller":"notebook.Sample_1. Pipeline Periodically - Usual Environment with Entropy.process_data","CallerType":"Function","Invoked":"notebook.Sample_1. Pipeline Periodically - Usual Environment with Entropy.process_ue_monthly","InvokedType":"Function","FileId":"Sample_1. Pipeline Periodically - Usual Environment with Entropy.ipynb","CellId":"0","Line":"109","Column":"18","ExecutionId":"a1cbc006-17c0-4db1-a282-bccf0e51f12f"},{"Caller":"notebook.Sample_1. Pipeline Periodically - Usual Environment with Entropy","CallerType":"Module","Invoked":"notebook.Sample_1. Pipeline Periodically - Usual Environment with Entropy.process_data","InvokedType":"Function","FileId":"Sample_1. Pipeline Periodically - Usual Environment with Entropy.ipynb","CellId":"0","Line":"1","Column":"14","ExecutionId":"a1cbc006-17c0-4db1-a282-bccf0e51f12f"},{"Caller":"notebook.Sample_1. Pipeline Periodically - Usual Environment with Entropy","CallerType":"Module","Invoked":"notebook.Sample_1. Pipeline Periodically - Usual Environment with Entropy.process_data","InvokedType":"Function","FileId":"Sample_1. Pipeline Periodically - Usual Environment with Entropy.ipynb","CellId":"0","Line":"6","Column":"18","ExecutionId":"a1cbc006-17c0-4db1-a282-bccf0e51f12f"},{"Caller":"notebook.Sample_3a. Pipeline Periodically - Tourism","CallerType":"Module","Invoked":"notebook.Sample_3a. Pipeline Periodically - Tourism.generate_tourism","InvokedType":"Function","FileId":"Sample_3a. Pipeline Periodically - Tourism.ipynb","CellId":"0","Line":"8","Column":"11","ExecutionId":"a1cbc006-17c0-4db1-a282-bccf0e51f12f"},{"Caller":"notebook.Sample_3a. Pipeline Periodically - Tourism","CallerType":"Module","Invoked":"notebook.Sample_3a. Pipeline Periodically - Tourism.generate_tourism","InvokedType":"Function","FileId":"Sample_3a. Pipeline Periodically - Tourism.ipynb","CellId":"0","Line":"4","Column":"15","ExecutionId":"a1cbc006-17c0-4db1-a282-bccf0e51f12f"},{"Caller":"notebook.Sample_2. Pipeline Periodically - Mobility Trip.data_cerdas_trip_mobility_trip","CallerType":"Function","Invoked":"notebook.Sample_2. Pipeline Periodically - Mobility Trip.haversine_distance","InvokedType":"Function","FileId":"Sample_2. Pipeline Periodically - Mobility Trip.ipynb","CellId":"0","Line":"66","Column":"42","ExecutionId":"a1cbc006-17c0-4db1-a282-bccf0e51f12f"},{"Caller":"notebook.Sample_1. Pipeline Periodically - Usual Environment with Entropy","CallerType":"Module","Invoked":"notebook.Sample_1. Pipeline Periodically - Usual Environment with Entropy.process_ue_semesterly","InvokedType":"Function","FileId":"Sample_1. Pipeline Periodically - Usual Environment with Entropy.ipynb","CellId":"0","Line":"1","Column":"17","ExecutionId":"a1cbc006-17c0-4db1-a282-bccf0e51f12f"},{"Caller":"notebook.Sample_2. Pipeline Periodically - Mobility Trip.data_cerdas_trip_mobility_trip","CallerType":"Function","Invoked":"notebook.Sample_2. Pipeline Periodically - Mobility Trip.geo_to_h3","InvokedType":"Variable","FileId":"Sample_2. Pipeline Periodically - Mobility Trip.ipynb","CellId":"0","Line":"74","Column":"38","ExecutionId":"a1cbc006-17c0-4db1-a282-bccf0e51f12f"},{"Caller":"notebook.Sample_2. Pipeline Periodically - Mobility Trip.data_cerdas_trip_mobility_trip","CallerType":"Function","Invoked":"notebook.Sample_2. Pipeline Periodically - Mobility Trip.to_parent_res9_udf","InvokedType":"Variable","FileId":"Sample_2. Pipeline Periodically - Mobility Trip.ipynb","CellId":"0","Line":"75","Column":"37","ExecutionId":"a1cbc006-17c0-4db1-a282-bccf0e51f12f"},{"Caller":"notebook.Sample_2. Pipeline Periodically - Mobility Trip.data_cerdas_trip_mobility_trip","CallerType":"Function","Invoked":"notebook.Sample_2. Pipeline Periodically - Mobility Trip.to_parent_res8_udf","InvokedType":"Variable","FileId":"Sample_2. Pipeline Periodically - Mobility Trip.ipynb","CellId":"0","Line":"76","Column":"37","ExecutionId":"a1cbc006-17c0-4db1-a282-bccf0e51f12f"},{"Caller":"notebook.Sample_2. Pipeline Periodically - Mobility Trip.data_cerdas_trip_mobility_trip","CallerType":"Function","Invoked":"notebook.Sample_2. Pipeline Periodically - Mobility Trip.to_parent_res7_udf","InvokedType":"Variable","FileId":"Sample_2. Pipeline Periodically - Mobility Trip.ipynb","CellId":"0","Line":"77","Column":"37","ExecutionId":"a1cbc006-17c0-4db1-a282-bccf0e51f12f"},{"Caller":"notebook.Sample_1. Pipeline Periodically - Usual Environment with Entropy","CallerType":"Module","Invoked":"notebook.Sample_1. Pipeline Periodically - Usual Environment with Entropy.process_ue_semesterly","InvokedType":"Function","FileId":"Sample_1. Pipeline Periodically - Usual Environment with Entropy.ipynb","CellId":"0","Line":"14","Column":"21","ExecutionId":"a1cbc006-17c0-4db1-a282-bccf0e51f12f"},{"Caller":"notebook.Sample_2. Pipeline Periodically - Mobility Trip.data_cerdas_trip_mobility_trip","CallerType":"Function","Invoked":"notebook.Sample_2. Pipeline Periodically - Mobility Trip.to_parent_res7_udf","InvokedType":"Variable","FileId":"Sample_2. Pipeline Periodically - Mobility Trip.ipynb","CellId":"0","Line":"106","Column":"44","ExecutionId":"a1cbc006-17c0-4db1-a282-bccf0e51f12f"},{"Caller":"notebook.Sample_2. Pipeline Periodically - Mobility Trip.data_cerdas_trip_mobility_trip","CallerType":"Function","Invoked":"notebook.Sample_2. Pipeline Periodically - Mobility Trip.to_parent_res7_udf","InvokedType":"Variable","FileId":"Sample_2. Pipeline Periodically - Mobility Trip.ipynb","CellId":"0","Line":"109","Column":"37","ExecutionId":"a1cbc006-17c0-4db1-a282-bccf0e51f12f"},{"Caller":"notebook.Sample_2. Pipeline Periodically - Mobility Trip.data_cerdas_trip_mobility_trip","CallerType":"Function","Invoked":"notebook.Sample_2. Pipeline Periodically - Mobility Trip.to_parent_res7_udf","InvokedType":"Variable","FileId":"Sample_2. Pipeline Periodically - Mobility Trip.ipynb","CellId":"0","Line":"111","Column":"34","ExecutionId":"a1cbc006-17c0-4db1-a282-bccf0e51f12f"},{"Caller":"notebook.Sample_2. Pipeline Periodically - Mobility Trip.data_cerdas_trip_mobility_trip","CallerType":"Function","Invoked":"notebook.Sample_2. Pipeline Periodically - Mobility Trip.to_parent_res7_udf","InvokedType":"Variable","FileId":"Sample_2. Pipeline Periodically - Mobility Trip.ipynb","CellId":"0","Line":"146","Column":"38","ExecutionId":"a1cbc006-17c0-4db1-a282-bccf0e51f12f"},{"Caller":"notebook.Sample_2. Pipeline Periodically - Mobility Trip.data_cerdas_trip_mobility_trip","CallerType":"Function","Invoked":"notebook.Sample_2. Pipeline Periodically - Mobility Trip.to_parent_res7_udf","InvokedType":"Variable","FileId":"Sample_2. Pipeline Periodically - Mobility Trip.ipynb","CellId":"0","Line":"147","Column":"38","ExecutionId":"a1cbc006-17c0-4db1-a282-bccf0e51f12f"},{"Caller":"notebook.Sample_2. Pipeline Periodically - Mobility Trip.data_cerdas_trip_mobility_trip","CallerType":"Function","Invoked":"notebook.Sample_2. Pipeline Periodically - Mobility Trip.haversine_distance","InvokedType":"Function","FileId":"Sample_2. Pipeline Periodically - Mobility Trip.ipynb","CellId":"0","Line":"182","Column":"44","ExecutionId":"a1cbc006-17c0-4db1-a282-bccf0e51f12f"},{"Caller":"notebook.Sample_2. Pipeline Periodically - Mobility Trip","CallerType":"Module","Invoked":"notebook.Sample_2. Pipeline Periodically - Mobility Trip.data_cerdas_trip_mobility_trip","InvokedType":"Function","FileId":"Sample_2. Pipeline Periodically - Mobility Trip.ipynb","CellId":"0","Line":"1","Column":"17","ExecutionId":"a1cbc006-17c0-4db1-a282-bccf0e51f12f"},{"Caller":"notebook.Sample_2. Pipeline Periodically - Mobility Trip","CallerType":"Module","Invoked":"notebook.Sample_2. Pipeline Periodically - Mobility Trip.data_cerdas_trip_mobility_trip","InvokedType":"Function","FileId":"Sample_2. Pipeline Periodically - Mobility Trip.ipynb","CellId":"0","Line":"4","Column":"21","ExecutionId":"a1cbc006-17c0-4db1-a282-bccf0e51f12f"},{"Caller":"notebook.Sample_2. Pipeline Periodically - Mobility Trip.main","CallerType":"Function","Invoked":"notebook.Sample_2. Pipeline Periodically - Mobility Trip.run_simple_sanity_check","InvokedType":"Function","FileId":"Sample_2. Pipeline Periodically - Mobility Trip.ipynb","CellId":"0","Line":"39","Column":"15","ExecutionId":"a1cbc006-17c0-4db1-a282-bccf0e51f12f"},{"Caller":"notebook.Sample_2. Pipeline Periodically - Mobility Trip","CallerType":"Module","Invoked":"notebook.Sample_2. Pipeline Periodically - Mobility Trip.main","InvokedType":"Function","FileId":"Sample_2. Pipeline Periodically - Mobility Trip.ipynb","CellId":"0","Line":"46","Column":"5","ExecutionId":"a1cbc006-17c0-4db1-a282-bccf0e51f12f"}]