[{"EXECUTION_ID":"a1cbc006-17c0-4db1-a282-bccf0e51f12f","EXECUTION_TIMESTAMP":"2025-07-15 11-18-04","CUSTOMER_LICENSE":"LicenseKey not provided","TOOL_VERSION":"8.00.019","TOOL_NAME":"PythonSnowConvert","READINESS_SCORE":"97.33","PYTHON_READINESS_SCORE":"97.33","SCALA_READINESS_SCORE":"0","SQL_READINESS_SCORE":"N/A","THIRD_PARTY_READINESS_SCORE":"86.24","MARGIN_ERROR":"0","CLIENT_EMAIL":"muhammad.ardiyan@snowflake.com","MAPPING_VERSION":"8.00.019","CONVERSION_SCORE":"97.33","SESSION_ID":"0f552bec-ad97-4d62-8e6b-5f58f82cb32c","COMPANY":"Snowflake","PROJECT_NAME":"Tsel Use Case 2 Conversion","PARSING_SCORE":"100"}]