[{"Element":"pyspark.sql.functions.lead","ProjectId":"notebook","FileId":"Sample_3a. Pipeline Periodically - Tourism.ipynb","Count":"1","Alias":"lead","Kind":"","Line":"7","PackageName":"pyspark.sql.functions","IsSnowparkAnacondaSupported":"True","Automated":"","Status":"Transformation","Statement":"from pyspark.sql.functions import col, lag, lead","SessionId":"0f552bec-ad97-4d62-8e6b-5f58f82cb32c","SnowConvertCoreVersion":"8.00.019","SnowparkVersion":"1.27.000","ElementPackage":"pyspark.sql.functions","CellId":"4","ExecutionId":"a1cbc006-17c0-4db1-a282-bccf0e51f12f","Origin":"ThirdPartyLib","Technology":"Python","FullName":"pyspark.sql.functions.lead"},{"Element":"math.atan2","ProjectId":"notebook","FileId":"Sample_2. Pipeline Periodically - Mobility Trip.ipynb","Count":"1","Alias":"atan2","Kind":"","Line":"4","PackageName":"math","IsSnowparkAnacondaSupported":"True","Automated":"","Status":"Direct","Statement":"from math import asin, atan2, cos, degrees, floor, radians, sin, sqrt","SessionId":"0f552bec-ad97-4d62-8e6b-5f58f82cb32c","SnowConvertCoreVersion":"8.00.019","SnowparkVersion":"1.27.000","ElementPackage":"","CellId":"5","ExecutionId":"a1cbc006-17c0-4db1-a282-bccf0e51f12f","Origin":"BuiltIn","Technology":"Python","FullName":""},{"Element":"pyspark.sql.types","ProjectId":"notebook","FileId":"Sample_3a. Pipeline Periodically - Tourism.ipynb","Count":"1","Alias":"T","Kind":"","Line":"18","PackageName":"pyspark.sql","IsSnowparkAnacondaSupported":"True","Automated":"","Status":"Transformation","Statement":"from pyspark.sql import types as T","SessionId":"0f552bec-ad97-4d62-8e6b-5f58f82cb32c","SnowConvertCoreVersion":"8.00.019","SnowparkVersion":"1.27.000","ElementPackage":"pyspark.sql.types","CellId":"5","ExecutionId":"a1cbc006-17c0-4db1-a282-bccf0e51f12f","Origin":"ThirdPartyLib","Technology":"Python","FullName":"pyspark.sql.types"},{"Element":"time","ProjectId":"notebook","FileId":"Sample_3a. Pipeline Periodically - Tourism.ipynb","Count":"1","Alias":"time","Kind":"","Line":"1","PackageName":"","IsSnowparkAnacondaSupported":"True","Automated":"","Status":"Direct","Statement":"import time","SessionId":"0f552bec-ad97-4d62-8e6b-5f58f82cb32c","SnowConvertCoreVersion":"8.00.019","SnowparkVersion":"1.27.000","ElementPackage":"time","CellId":"17","ExecutionId":"a1cbc006-17c0-4db1-a282-bccf0e51f12f","Origin":"BuiltIn","Technology":"Python","FullName":"time"},{"Element":"pyspark.sql.SparkSession","ProjectId":"notebook","FileId":"Sample_1. Pipeline Periodically - Usual Environment with Entropy.ipynb","Count":"1","Alias":"SparkSession","Kind":"","Line":"6","PackageName":"pyspark.sql","IsSnowparkAnacondaSupported":"True","Automated":"","Status":"Transformation","Statement":"from pyspark.sql import SparkSession","SessionId":"0f552bec-ad97-4d62-8e6b-5f58f82cb32c","SnowConvertCoreVersion":"8.00.019","SnowparkVersion":"1.27.000","ElementPackage":"pyspark.sql.session","CellId":"4","ExecutionId":"a1cbc006-17c0-4db1-a282-bccf0e51f12f","Origin":"ThirdPartyLib","Technology":"Python","FullName":"pyspark.sql.session.SparkSession"},{"Element":"shapely.wkt.loads","ProjectId":"notebook","FileId":"Sample_3a. Pipeline Periodically - Tourism.ipynb","Count":"1","Alias":"loads","Kind":"","Line":"21","PackageName":"shapely.wkt","IsSnowparkAnacondaSupported":"True","Automated":"","Status":"Direct","Statement":"from shapely.wkt import loads","SessionId":"0f552bec-ad97-4d62-8e6b-5f58f82cb32c","SnowConvertCoreVersion":"8.00.019","SnowparkVersion":"1.27.000","ElementPackage":"","CellId":"5","ExecutionId":"a1cbc006-17c0-4db1-a282-bccf0e51f12f","Origin":"ThirdPartyLib","Technology":"Python","FullName":""},{"Element":"shapely","ProjectId":"notebook","FileId":"Sample_2. Pipeline Periodically - Mobility Trip.ipynb","Count":"1","Alias":"shapely","Kind":"","Line":"4","PackageName":"","IsSnowparkAnacondaSupported":"True","Automated":"","Status":"Direct","Statement":"import shapely","SessionId":"0f552bec-ad97-4d62-8e6b-5f58f82cb32c","SnowConvertCoreVersion":"8.00.019","SnowparkVersion":"1.27.000","ElementPackage":"","CellId":"2","ExecutionId":"a1cbc006-17c0-4db1-a282-bccf0e51f12f","Origin":"ThirdPartyLib","Technology":"Python","FullName":""},{"Element":"pyspark.sql.functions","ProjectId":"notebook","FileId":"Sample_1. Pipeline Periodically - Usual Environment with Entropy.ipynb","Count":"1","Alias":"f","Kind":"","Line":"5","PackageName":"pyspark.sql","IsSnowparkAnacondaSupported":"True","Automated":"","Status":"Transformation","Statement":"import pyspark.sql.functions as f","SessionId":"0f552bec-ad97-4d62-8e6b-5f58f82cb32c","SnowConvertCoreVersion":"8.00.019","SnowparkVersion":"1.27.000","ElementPackage":"pyspark.sql.functions","CellId":"4","ExecutionId":"a1cbc006-17c0-4db1-a282-bccf0e51f12f","Origin":"ThirdPartyLib","Technology":"Python","FullName":"pyspark.sql.functions"},{"Element":"functools.reduce","ProjectId":"notebook","FileId":"Sample_3a. Pipeline Periodically - Tourism.ipynb","Count":"1","Alias":"reduce","Kind":"","Line":"3","PackageName":"functools","IsSnowparkAnacondaSupported":"True","Automated":"","Status":"Direct","Statement":"from functools import reduce","SessionId":"0f552bec-ad97-4d62-8e6b-5f58f82cb32c","SnowConvertCoreVersion":"8.00.019","SnowparkVersion":"1.27.000","ElementPackage":"","CellId":"5","ExecutionId":"a1cbc006-17c0-4db1-a282-bccf0e51f12f","Origin":"BuiltIn","Technology":"Python","FullName":""},{"Element":"pyspark.sql.window.Window","ProjectId":"notebook","FileId":"Sample_1. Pipeline Periodically - Usual Environment with Entropy.ipynb","Count":"1","Alias":"Window","Kind":"","Line":"19","PackageName":"pyspark.sql.window","IsSnowparkAnacondaSupported":"True","Automated":"","Status":"Transformation","Statement":"from pyspark.sql.window import Window","SessionId":"0f552bec-ad97-4d62-8e6b-5f58f82cb32c","SnowConvertCoreVersion":"8.00.019","SnowparkVersion":"1.27.000","ElementPackage":"pyspark.sql.window","CellId":"5","ExecutionId":"a1cbc006-17c0-4db1-a282-bccf0e51f12f","Origin":"ThirdPartyLib","Technology":"Python","FullName":"pyspark.sql.window.Window"},{"Element":"pyspark.sql.types.StringType","ProjectId":"notebook","FileId":"Sample_3a. Pipeline Periodically - Tourism.ipynb","Count":"1","Alias":"StringType","Kind":"","Line":"9","PackageName":"pyspark.sql.types","IsSnowparkAnacondaSupported":"True","Automated":"","Status":"Transformation","Statement":"from pyspark.sql.types import StructType, StructField, DoubleType, IntegerType, TimestampType, StringType, DateType","SessionId":"0f552bec-ad97-4d62-8e6b-5f58f82cb32c","SnowConvertCoreVersion":"8.00.019","SnowparkVersion":"1.27.000","ElementPackage":"pyspark.sql.types","CellId":"4","ExecutionId":"a1cbc006-17c0-4db1-a282-bccf0e51f12f","Origin":"ThirdPartyLib","Technology":"Python","FullName":"pyspark.sql.types.StringType"},{"Element":"pandas","ProjectId":"notebook","FileId":"Sample_3a. Pipeline Periodically - Tourism.ipynb","Count":"1","Alias":"pd","Kind":"","Line":"10","PackageName":"","IsSnowparkAnacondaSupported":"True","Automated":"","Status":"Transformation","Statement":"import pandas as pd","SessionId":"0f552bec-ad97-4d62-8e6b-5f58f82cb32c","SnowConvertCoreVersion":"8.00.019","SnowparkVersion":"1.27.000","ElementPackage":"pandas.__init__","CellId":"5","ExecutionId":"a1cbc006-17c0-4db1-a282-bccf0e51f12f","Origin":"ThirdPartyLib","Technology":"Python","FullName":"pandas"},{"Element":"math.cos","ProjectId":"notebook","FileId":"Sample_1. Pipeline Periodically - Usual Environment with Entropy.ipynb","Count":"1","Alias":"cos","Kind":"","Line":"4","PackageName":"math","IsSnowparkAnacondaSupported":"True","Automated":"","Status":"Direct","Statement":"from math import asin, atan2, cos, degrees, floor, radians, sin, sqrt","SessionId":"0f552bec-ad97-4d62-8e6b-5f58f82cb32c","SnowConvertCoreVersion":"8.00.019","SnowparkVersion":"1.27.000","ElementPackage":"","CellId":"5","ExecutionId":"a1cbc006-17c0-4db1-a282-bccf0e51f12f","Origin":"BuiltIn","Technology":"Python","FullName":""},{"Element":"pyspark.sql.functions","ProjectId":"notebook","FileId":"Sample_2. Pipeline Periodically - Mobility Trip.ipynb","Count":"1","Alias":"F","Kind":"","Line":"1","PackageName":"pyspark.sql","IsSnowparkAnacondaSupported":"True","Automated":"","Status":"Transformation","Statement":"from pyspark.sql import functions as F","SessionId":"0f552bec-ad97-4d62-8e6b-5f58f82cb32c","SnowConvertCoreVersion":"8.00.019","SnowparkVersion":"1.27.000","ElementPackage":"pyspark.sql.functions","CellId":"24","ExecutionId":"a1cbc006-17c0-4db1-a282-bccf0e51f12f","Origin":"ThirdPartyLib","Technology":"Python","FullName":"pyspark.sql.functions"},{"Element":"pyspark.sql.functions","ProjectId":"notebook","FileId":"Sample_2. Pipeline Periodically - Mobility Trip.ipynb","Count":"1","Alias":"F","Kind":"","Line":"17","PackageName":"pyspark.sql","IsSnowparkAnacondaSupported":"True","Automated":"","Status":"Transformation","Statement":"from pyspark.sql import functions as F","SessionId":"0f552bec-ad97-4d62-8e6b-5f58f82cb32c","SnowConvertCoreVersion":"8.00.019","SnowparkVersion":"1.27.000","ElementPackage":"pyspark.sql.functions","CellId":"5","ExecutionId":"a1cbc006-17c0-4db1-a282-bccf0e51f12f","Origin":"ThirdPartyLib","Technology":"Python","FullName":"pyspark.sql.functions"},{"Element":"os","ProjectId":"notebook","FileId":"Sample_2. Pipeline Periodically - Mobility Trip.ipynb","Count":"1","Alias":"os","Kind":"","Line":"2","PackageName":"","IsSnowparkAnacondaSupported":"True","Automated":"","Status":"Direct","Statement":"import os","SessionId":"0f552bec-ad97-4d62-8e6b-5f58f82cb32c","SnowConvertCoreVersion":"8.00.019","SnowparkVersion":"1.27.000","ElementPackage":"os.__init__","CellId":"5","ExecutionId":"a1cbc006-17c0-4db1-a282-bccf0e51f12f","Origin":"BuiltIn","Technology":"Python","FullName":"os"},{"Element":"pyspark.conf.SparkConf","ProjectId":"notebook","FileId":"Sample_2. Pipeline Periodically - Mobility Trip.ipynb","Count":"1","Alias":"SparkConf","Kind":"","Line":"15","PackageName":"pyspark.conf","IsSnowparkAnacondaSupported":"True","Automated":"","Status":"Transformation","Statement":"from pyspark.conf import SparkConf","SessionId":"0f552bec-ad97-4d62-8e6b-5f58f82cb32c","SnowConvertCoreVersion":"8.00.019","SnowparkVersion":"1.27.000","ElementPackage":"pyspark.conf","CellId":"5","ExecutionId":"a1cbc006-17c0-4db1-a282-bccf0e51f12f","Origin":"ThirdPartyLib","Technology":"Python","FullName":"pyspark.conf.SparkConf"},{"Element":"math.cos","ProjectId":"notebook","FileId":"Sample_3a. Pipeline Periodically - Tourism.ipynb","Count":"1","Alias":"cos","Kind":"","Line":"4","PackageName":"math","IsSnowparkAnacondaSupported":"True","Automated":"","Status":"Direct","Statement":"from math import asin, atan2, cos, degrees, floor, radians, sin, sqrt","SessionId":"0f552bec-ad97-4d62-8e6b-5f58f82cb32c","SnowConvertCoreVersion":"8.00.019","SnowparkVersion":"1.27.000","ElementPackage":"","CellId":"5","ExecutionId":"a1cbc006-17c0-4db1-a282-bccf0e51f12f","Origin":"BuiltIn","Technology":"Python","FullName":""},{"Element":"pandas","ProjectId":"notebook","FileId":"Sample_2. Pipeline Periodically - Mobility Trip.ipynb","Count":"1","Alias":"pd","Kind":"","Line":"4","PackageName":"","IsSnowparkAnacondaSupported":"True","Automated":"","Status":"Transformation","Statement":"import pandas as pd","SessionId":"0f552bec-ad97-4d62-8e6b-5f58f82cb32c","SnowConvertCoreVersion":"8.00.019","SnowparkVersion":"1.27.000","ElementPackage":"pandas.__init__","CellId":"4","ExecutionId":"a1cbc006-17c0-4db1-a282-bccf0e51f12f","Origin":"ThirdPartyLib","Technology":"Python","FullName":"pandas"},{"Element":"geopy","ProjectId":"notebook","FileId":"Sample_1. Pipeline Periodically - Usual Environment with Entropy.ipynb","Count":"1","Alias":"geopy","Kind":"","Line":"7","PackageName":"","IsSnowparkAnacondaSupported":"True","Automated":"","Status":"Direct","Statement":"import geopy","SessionId":"0f552bec-ad97-4d62-8e6b-5f58f82cb32c","SnowConvertCoreVersion":"8.00.019","SnowparkVersion":"1.27.000","ElementPackage":"","CellId":"5","ExecutionId":"a1cbc006-17c0-4db1-a282-bccf0e51f12f","Origin":"ThirdPartyLib","Technology":"Python","FullName":""},{"Element":"math.floor","ProjectId":"notebook","FileId":"Sample_1. Pipeline Periodically - Usual Environment with Entropy.ipynb","Count":"1","Alias":"floor","Kind":"","Line":"4","PackageName":"math","IsSnowparkAnacondaSupported":"True","Automated":"","Status":"Direct","Statement":"from math import asin, atan2, cos, degrees, floor, radians, sin, sqrt","SessionId":"0f552bec-ad97-4d62-8e6b-5f58f82cb32c","SnowConvertCoreVersion":"8.00.019","SnowparkVersion":"1.27.000","ElementPackage":"","CellId":"5","ExecutionId":"a1cbc006-17c0-4db1-a282-bccf0e51f12f","Origin":"BuiltIn","Technology":"Python","FullName":""},{"Element":"logging","ProjectId":"notebook","FileId":"Sample_1. Pipeline Periodically - Usual Environment with Entropy.ipynb","Count":"1","Alias":"logging","Kind":"","Line":"1","PackageName":"","IsSnowparkAnacondaSupported":"True","Automated":"","Status":"Direct","Statement":"import logging","SessionId":"0f552bec-ad97-4d62-8e6b-5f58f82cb32c","SnowConvertCoreVersion":"8.00.019","SnowparkVersion":"1.27.000","ElementPackage":"","CellId":"24","ExecutionId":"a1cbc006-17c0-4db1-a282-bccf0e51f12f","Origin":"BuiltIn","Technology":"Python","FullName":""},{"Element":"sedona","ProjectId":"notebook","FileId":"Sample_3a. Pipeline Periodically - Tourism.ipynb","Count":"1","Alias":"sedona","Kind":"","Line":"12","PackageName":"","IsSnowparkAnacondaSupported":"False","Automated":"","Status":"Invalid","Statement":"import sedona","SessionId":"0f552bec-ad97-4d62-8e6b-5f58f82cb32c","SnowConvertCoreVersion":"8.00.019","SnowparkVersion":"1.27.000","ElementPackage":"","CellId":"5","ExecutionId":"a1cbc006-17c0-4db1-a282-bccf0e51f12f","Origin":"Unknown","Technology":"Python","FullName":""},{"Element":"dateutil.relativedelta.relativedelta","ProjectId":"notebook","FileId":"Sample_1. Pipeline Periodically - Usual Environment with Entropy.ipynb","Count":"1","Alias":"relativedelta","Kind":"","Line":"1","PackageName":"dateutil.relativedelta","IsSnowparkAnacondaSupported":"True","Automated":"","Status":"Direct","Statement":"from dateutil.relativedelta import relativedelta","SessionId":"0f552bec-ad97-4d62-8e6b-5f58f82cb32c","SnowConvertCoreVersion":"8.00.019","SnowparkVersion":"1.27.000","ElementPackage":"dateutil.relativedelta","CellId":"25","ExecutionId":"a1cbc006-17c0-4db1-a282-bccf0e51f12f","Origin":"BuiltIn","Technology":"Python","FullName":"dateutil.relativedelta.relativedelta"},{"Element":"geopandas","ProjectId":"notebook","FileId":"Sample_3a. Pipeline Periodically - Tourism.ipynb","Count":"1","Alias":"gpd","Kind":"","Line":"6","PackageName":"","IsSnowparkAnacondaSupported":"True","Automated":"","Status":"Direct","Statement":"import geopandas as gpd","SessionId":"0f552bec-ad97-4d62-8e6b-5f58f82cb32c","SnowConvertCoreVersion":"8.00.019","SnowparkVersion":"1.27.000","ElementPackage":"","CellId":"5","ExecutionId":"a1cbc006-17c0-4db1-a282-bccf0e51f12f","Origin":"ThirdPartyLib","Technology":"Python","FullName":""},{"Element":"numpy","ProjectId":"notebook","FileId":"Sample_2. Pipeline Periodically - Mobility Trip.ipynb","Count":"1","Alias":"numpy","Kind":"","Line":"1","PackageName":"","IsSnowparkAnacondaSupported":"True","Automated":"","Status":"Direct","Statement":"import numpy","SessionId":"0f552bec-ad97-4d62-8e6b-5f58f82cb32c","SnowConvertCoreVersion":"8.00.019","SnowparkVersion":"1.27.000","ElementPackage":"numpy.__init__","CellId":"2","ExecutionId":"a1cbc006-17c0-4db1-a282-bccf0e51f12f","Origin":"ThirdPartyLib","Technology":"Python","FullName":"numpy"},{"Element":"math.sqrt","ProjectId":"notebook","FileId":"Sample_1. Pipeline Periodically - Usual Environment with Entropy.ipynb","Count":"1","Alias":"sqrt","Kind":"","Line":"4","PackageName":"math","IsSnowparkAnacondaSupported":"True","Automated":"","Status":"Direct","Statement":"from math import asin, atan2, cos, degrees, floor, radians, sin, sqrt","SessionId":"0f552bec-ad97-4d62-8e6b-5f58f82cb32c","SnowConvertCoreVersion":"8.00.019","SnowparkVersion":"1.27.000","ElementPackage":"","CellId":"5","ExecutionId":"a1cbc006-17c0-4db1-a282-bccf0e51f12f","Origin":"BuiltIn","Technology":"Python","FullName":""},{"Element":"pyspark.sql.functions.col","ProjectId":"notebook","FileId":"Sample_1. Pipeline Periodically - Usual Environment with Entropy.ipynb","Count":"1","Alias":"col","Kind":"","Line":"7","PackageName":"pyspark.sql.functions","IsSnowparkAnacondaSupported":"True","Automated":"","Status":"Transformation","Statement":"from pyspark.sql.functions import col, lag, lead","SessionId":"0f552bec-ad97-4d62-8e6b-5f58f82cb32c","SnowConvertCoreVersion":"8.00.019","SnowparkVersion":"1.27.000","ElementPackage":"pyspark.sql.functions","CellId":"4","ExecutionId":"a1cbc006-17c0-4db1-a282-bccf0e51f12f","Origin":"ThirdPartyLib","Technology":"Python","FullName":"pyspark.sql.functions.col"},{"Element":"h3_pyspark","ProjectId":"notebook","FileId":"Sample_1. Pipeline Periodically - Usual Environment with Entropy.ipynb","Count":"1","Alias":"h3_pyspark","Kind":"","Line":"3","PackageName":"","IsSnowparkAnacondaSupported":"False","Automated":"","Status":"Invalid","Statement":"import h3_pyspark","SessionId":"0f552bec-ad97-4d62-8e6b-5f58f82cb32c","SnowConvertCoreVersion":"8.00.019","SnowparkVersion":"1.27.000","ElementPackage":"","CellId":"4","ExecutionId":"a1cbc006-17c0-4db1-a282-bccf0e51f12f","Origin":"Unknown","Technology":"Python","FullName":""},{"Element":"math.sin","ProjectId":"notebook","FileId":"Sample_3a. Pipeline Periodically - Tourism.ipynb","Count":"1","Alias":"sin","Kind":"","Line":"4","PackageName":"math","IsSnowparkAnacondaSupported":"True","Automated":"","Status":"Direct","Statement":"from math import asin, atan2, cos, degrees, floor, radians, sin, sqrt","SessionId":"0f552bec-ad97-4d62-8e6b-5f58f82cb32c","SnowConvertCoreVersion":"8.00.019","SnowparkVersion":"1.27.000","ElementPackage":"","CellId":"5","ExecutionId":"a1cbc006-17c0-4db1-a282-bccf0e51f12f","Origin":"BuiltIn","Technology":"Python","FullName":""},{"Element":"pyspark.sql.types.DateType","ProjectId":"notebook","FileId":"Sample_1. Pipeline Periodically - Usual Environment with Entropy.ipynb","Count":"1","Alias":"DateType","Kind":"","Line":"9","PackageName":"pyspark.sql.types","IsSnowparkAnacondaSupported":"True","Automated":"","Status":"Transformation","Statement":"from pyspark.sql.types import StructType, StructField, DoubleType, IntegerType, TimestampType, StringType, DateType","SessionId":"0f552bec-ad97-4d62-8e6b-5f58f82cb32c","SnowConvertCoreVersion":"8.00.019","SnowparkVersion":"1.27.000","ElementPackage":"pyspark.sql.types","CellId":"4","ExecutionId":"a1cbc006-17c0-4db1-a282-bccf0e51f12f","Origin":"ThirdPartyLib","Technology":"Python","FullName":"pyspark.sql.types.DateType"},{"Element":"pyspark.sql.functions.col","ProjectId":"notebook","FileId":"Sample_3a. Pipeline Periodically - Tourism.ipynb","Count":"1","Alias":"col","Kind":"","Line":"7","PackageName":"pyspark.sql.functions","IsSnowparkAnacondaSupported":"True","Automated":"","Status":"Transformation","Statement":"from pyspark.sql.functions import col, lag, lead","SessionId":"0f552bec-ad97-4d62-8e6b-5f58f82cb32c","SnowConvertCoreVersion":"8.00.019","SnowparkVersion":"1.27.000","ElementPackage":"pyspark.sql.functions","CellId":"4","ExecutionId":"a1cbc006-17c0-4db1-a282-bccf0e51f12f","Origin":"ThirdPartyLib","Technology":"Python","FullName":"pyspark.sql.functions.col"},{"Element":"pyproj","ProjectId":"notebook","FileId":"Sample_2. Pipeline Periodically - Mobility Trip.ipynb","Count":"1","Alias":"pyproj","Kind":"","Line":"3","PackageName":"","IsSnowparkAnacondaSupported":"True","Automated":"","Status":"Direct","Statement":"import pyproj","SessionId":"0f552bec-ad97-4d62-8e6b-5f58f82cb32c","SnowConvertCoreVersion":"8.00.019","SnowparkVersion":"1.27.000","ElementPackage":"","CellId":"2","ExecutionId":"a1cbc006-17c0-4db1-a282-bccf0e51f12f","Origin":"ThirdPartyLib","Technology":"Python","FullName":""},{"Element":"math","ProjectId":"notebook","FileId":"Sample_1. Pipeline Periodically - Usual Environment with Entropy.ipynb","Count":"1","Alias":"math","Kind":"","Line":"1","PackageName":"","IsSnowparkAnacondaSupported":"True","Automated":"","Status":"Direct","Statement":"import math","SessionId":"0f552bec-ad97-4d62-8e6b-5f58f82cb32c","SnowConvertCoreVersion":"8.00.019","SnowparkVersion":"1.27.000","ElementPackage":"","CellId":"5","ExecutionId":"a1cbc006-17c0-4db1-a282-bccf0e51f12f","Origin":"BuiltIn","Technology":"Python","FullName":""},{"Element":"logging","ProjectId":"notebook","FileId":"Sample_1. Pipeline Periodically - Usual Environment with Entropy.ipynb","Count":"1","Alias":"logging","Kind":"","Line":"1","PackageName":"","IsSnowparkAnacondaSupported":"True","Automated":"","Status":"Direct","Statement":"import logging","SessionId":"0f552bec-ad97-4d62-8e6b-5f58f82cb32c","SnowConvertCoreVersion":"8.00.019","SnowparkVersion":"1.27.000","ElementPackage":"","CellId":"14","ExecutionId":"a1cbc006-17c0-4db1-a282-bccf0e51f12f","Origin":"BuiltIn","Technology":"Python","FullName":""},{"Element":"pandas","ProjectId":"notebook","FileId":"Sample_3a. Pipeline Periodically - Tourism.ipynb","Count":"1","Alias":"pd","Kind":"","Line":"4","PackageName":"","IsSnowparkAnacondaSupported":"True","Automated":"","Status":"Transformation","Statement":"import pandas as pd","SessionId":"0f552bec-ad97-4d62-8e6b-5f58f82cb32c","SnowConvertCoreVersion":"8.00.019","SnowparkVersion":"1.27.000","ElementPackage":"pandas.__init__","CellId":"4","ExecutionId":"a1cbc006-17c0-4db1-a282-bccf0e51f12f","Origin":"ThirdPartyLib","Technology":"Python","FullName":"pandas"},{"Element":"pyspark.sql.SparkSession","ProjectId":"notebook","FileId":"Sample_1. Pipeline Periodically - Usual Environment with Entropy.ipynb","Count":"1","Alias":"SparkSession","Kind":"","Line":"16","PackageName":"pyspark.sql","IsSnowparkAnacondaSupported":"True","Automated":"","Status":"Transformation","Statement":"from pyspark.sql import DataFrame, SparkSession","SessionId":"0f552bec-ad97-4d62-8e6b-5f58f82cb32c","SnowConvertCoreVersion":"8.00.019","SnowparkVersion":"1.27.000","ElementPackage":"pyspark.sql.session","CellId":"5","ExecutionId":"a1cbc006-17c0-4db1-a282-bccf0e51f12f","Origin":"ThirdPartyLib","Technology":"Python","FullName":"pyspark.sql.session.SparkSession"},{"Element":"pandas","ProjectId":"notebook","FileId":"Sample_1. Pipeline Periodically - Usual Environment with Entropy.ipynb","Count":"1","Alias":"pandas","Kind":"","Line":"2","PackageName":"","IsSnowparkAnacondaSupported":"True","Automated":"","Status":"Transformation","Statement":"import pandas","SessionId":"0f552bec-ad97-4d62-8e6b-5f58f82cb32c","SnowConvertCoreVersion":"8.00.019","SnowparkVersion":"1.27.000","ElementPackage":"pandas.__init__","CellId":"2","ExecutionId":"a1cbc006-17c0-4db1-a282-bccf0e51f12f","Origin":"ThirdPartyLib","Technology":"Python","FullName":"pandas"},{"Element":"numpy","ProjectId":"notebook","FileId":"Sample_1. Pipeline Periodically - Usual Environment with Entropy.ipynb","Count":"1","Alias":"np","Kind":"","Line":"9","PackageName":"","IsSnowparkAnacondaSupported":"True","Automated":"","Status":"Direct","Statement":"import numpy as np","SessionId":"0f552bec-ad97-4d62-8e6b-5f58f82cb32c","SnowConvertCoreVersion":"8.00.019","SnowparkVersion":"1.27.000","ElementPackage":"numpy.__init__","CellId":"5","ExecutionId":"a1cbc006-17c0-4db1-a282-bccf0e51f12f","Origin":"ThirdPartyLib","Technology":"Python","FullName":"numpy"},{"Element":"pyspark.sql.functions.lag","ProjectId":"notebook","FileId":"Sample_1. Pipeline Periodically - Usual Environment with Entropy.ipynb","Count":"1","Alias":"lag","Kind":"","Line":"7","PackageName":"pyspark.sql.functions","IsSnowparkAnacondaSupported":"True","Automated":"","Status":"Transformation","Statement":"from pyspark.sql.functions import col, lag, lead","SessionId":"0f552bec-ad97-4d62-8e6b-5f58f82cb32c","SnowConvertCoreVersion":"8.00.019","SnowparkVersion":"1.27.000","ElementPackage":"pyspark.sql.functions","CellId":"4","ExecutionId":"a1cbc006-17c0-4db1-a282-bccf0e51f12f","Origin":"ThirdPartyLib","Technology":"Python","FullName":"pyspark.sql.functions.lag"},{"Element":"pyspark.sql.SparkSession","ProjectId":"notebook","FileId":"Sample_3a. Pipeline Periodically - Tourism.ipynb","Count":"1","Alias":"SparkSession","Kind":"","Line":"16","PackageName":"pyspark.sql","IsSnowparkAnacondaSupported":"True","Automated":"","Status":"Transformation","Statement":"from pyspark.sql import DataFrame, SparkSession","SessionId":"0f552bec-ad97-4d62-8e6b-5f58f82cb32c","SnowConvertCoreVersion":"8.00.019","SnowparkVersion":"1.27.000","ElementPackage":"pyspark.sql.session","CellId":"5","ExecutionId":"a1cbc006-17c0-4db1-a282-bccf0e51f12f","Origin":"ThirdPartyLib","Technology":"Python","FullName":"pyspark.sql.session.SparkSession"},{"Element":"pyspark.sql.window.Window","ProjectId":"notebook","FileId":"Sample_1. Pipeline Periodically - Usual Environment with Entropy.ipynb","Count":"1","Alias":"Window","Kind":"","Line":"8","PackageName":"pyspark.sql.window","IsSnowparkAnacondaSupported":"True","Automated":"","Status":"Transformation","Statement":"from pyspark.sql.window import Window","SessionId":"0f552bec-ad97-4d62-8e6b-5f58f82cb32c","SnowConvertCoreVersion":"8.00.019","SnowparkVersion":"1.27.000","ElementPackage":"pyspark.sql.window","CellId":"4","ExecutionId":"a1cbc006-17c0-4db1-a282-bccf0e51f12f","Origin":"ThirdPartyLib","Technology":"Python","FullName":"pyspark.sql.window.Window"},{"Element":"pyspark.sql.DataFrame","ProjectId":"notebook","FileId":"Sample_2. Pipeline Periodically - Mobility Trip.ipynb","Count":"1","Alias":"DataFrame","Kind":"","Line":"16","PackageName":"pyspark.sql","IsSnowparkAnacondaSupported":"True","Automated":"","Status":"Transformation","Statement":"from pyspark.sql import DataFrame, SparkSession","SessionId":"0f552bec-ad97-4d62-8e6b-5f58f82cb32c","SnowConvertCoreVersion":"8.00.019","SnowparkVersion":"1.27.000","ElementPackage":"pyspark.sql.dataframe","CellId":"5","ExecutionId":"a1cbc006-17c0-4db1-a282-bccf0e51f12f","Origin":"ThirdPartyLib","Technology":"Python","FullName":"pyspark.sql.dataframe.DataFrame"},{"Element":"numpy","ProjectId":"notebook","FileId":"Sample_3a. Pipeline Periodically - Tourism.ipynb","Count":"1","Alias":"numpy","Kind":"","Line":"1","PackageName":"","IsSnowparkAnacondaSupported":"True","Automated":"","Status":"Direct","Statement":"import numpy","SessionId":"0f552bec-ad97-4d62-8e6b-5f58f82cb32c","SnowConvertCoreVersion":"8.00.019","SnowparkVersion":"1.27.000","ElementPackage":"numpy.__init__","CellId":"2","ExecutionId":"a1cbc006-17c0-4db1-a282-bccf0e51f12f","Origin":"ThirdPartyLib","Technology":"Python","FullName":"numpy"},{"Element":"pyspark.sql.types.StructField","ProjectId":"notebook","FileId":"Sample_2. Pipeline Periodically - Mobility Trip.ipynb","Count":"1","Alias":"StructField","Kind":"","Line":"9","PackageName":"pyspark.sql.types","IsSnowparkAnacondaSupported":"True","Automated":"","Status":"Transformation","Statement":"from pyspark.sql.types import StructType, StructField, DoubleType, IntegerType, TimestampType, StringType, DateType","SessionId":"0f552bec-ad97-4d62-8e6b-5f58f82cb32c","SnowConvertCoreVersion":"8.00.019","SnowparkVersion":"1.27.000","ElementPackage":"pyspark.sql.types","CellId":"4","ExecutionId":"a1cbc006-17c0-4db1-a282-bccf0e51f12f","Origin":"ThirdPartyLib","Technology":"Python","FullName":"pyspark.sql.types.StructField"},{"Element":"math.radians","ProjectId":"notebook","FileId":"Sample_3a. Pipeline Periodically - Tourism.ipynb","Count":"1","Alias":"radians","Kind":"","Line":"4","PackageName":"math","IsSnowparkAnacondaSupported":"True","Automated":"","Status":"Direct","Statement":"from math import asin, atan2, cos, degrees, floor, radians, sin, sqrt","SessionId":"0f552bec-ad97-4d62-8e6b-5f58f82cb32c","SnowConvertCoreVersion":"8.00.019","SnowparkVersion":"1.27.000","ElementPackage":"","CellId":"5","ExecutionId":"a1cbc006-17c0-4db1-a282-bccf0e51f12f","Origin":"BuiltIn","Technology":"Python","FullName":""},{"Element":"h3","ProjectId":"notebook","FileId":"Sample_1. Pipeline Periodically - Usual Environment with Entropy.ipynb","Count":"1","Alias":"h3","Kind":"","Line":"8","PackageName":"","IsSnowparkAnacondaSupported":"False","Automated":"","Status":"Invalid","Statement":"import h3","SessionId":"0f552bec-ad97-4d62-8e6b-5f58f82cb32c","SnowConvertCoreVersion":"8.00.019","SnowparkVersion":"1.27.000","ElementPackage":"","CellId":"5","ExecutionId":"a1cbc006-17c0-4db1-a282-bccf0e51f12f","Origin":"Unknown","Technology":"Python","FullName":""},{"Element":"pyspark.SparkContext","ProjectId":"notebook","FileId":"Sample_2. Pipeline Periodically - Mobility Trip.ipynb","Count":"1","Alias":"SparkContext","Kind":"","Line":"14","PackageName":"pyspark","IsSnowparkAnacondaSupported":"True","Automated":"","Status":"Transformation","Statement":"from pyspark import SparkContext","SessionId":"0f552bec-ad97-4d62-8e6b-5f58f82cb32c","SnowConvertCoreVersion":"8.00.019","SnowparkVersion":"1.27.000","ElementPackage":"pyspark.context","CellId":"5","ExecutionId":"a1cbc006-17c0-4db1-a282-bccf0e51f12f","Origin":"ThirdPartyLib","Technology":"Python","FullName":"pyspark.context.SparkContext"},{"Element":"math.asin","ProjectId":"notebook","FileId":"Sample_2. Pipeline Periodically - Mobility Trip.ipynb","Count":"1","Alias":"asin","Kind":"","Line":"4","PackageName":"math","IsSnowparkAnacondaSupported":"True","Automated":"","Status":"Direct","Statement":"from math import asin, atan2, cos, degrees, floor, radians, sin, sqrt","SessionId":"0f552bec-ad97-4d62-8e6b-5f58f82cb32c","SnowConvertCoreVersion":"8.00.019","SnowparkVersion":"1.27.000","ElementPackage":"","CellId":"5","ExecutionId":"a1cbc006-17c0-4db1-a282-bccf0e51f12f","Origin":"BuiltIn","Technology":"Python","FullName":""},{"Element":"pyspark.sql.types.IntegerType","ProjectId":"notebook","FileId":"Sample_3a. Pipeline Periodically - Tourism.ipynb","Count":"1","Alias":"IntegerType","Kind":"","Line":"9","PackageName":"pyspark.sql.types","IsSnowparkAnacondaSupported":"True","Automated":"","Status":"Transformation","Statement":"from pyspark.sql.types import StructType, StructField, DoubleType, IntegerType, TimestampType, StringType, DateType","SessionId":"0f552bec-ad97-4d62-8e6b-5f58f82cb32c","SnowConvertCoreVersion":"8.00.019","SnowparkVersion":"1.27.000","ElementPackage":"pyspark.sql.types","CellId":"4","ExecutionId":"a1cbc006-17c0-4db1-a282-bccf0e51f12f","Origin":"ThirdPartyLib","Technology":"Python","FullName":"pyspark.sql.types.IntegerType"},{"Element":"shapely.wkt.loads","ProjectId":"notebook","FileId":"Sample_2. Pipeline Periodically - Mobility Trip.ipynb","Count":"1","Alias":"loads","Kind":"","Line":"21","PackageName":"shapely.wkt","IsSnowparkAnacondaSupported":"True","Automated":"","Status":"Direct","Statement":"from shapely.wkt import loads","SessionId":"0f552bec-ad97-4d62-8e6b-5f58f82cb32c","SnowConvertCoreVersion":"8.00.019","SnowparkVersion":"1.27.000","ElementPackage":"","CellId":"5","ExecutionId":"a1cbc006-17c0-4db1-a282-bccf0e51f12f","Origin":"ThirdPartyLib","Technology":"Python","FullName":""},{"Element":"math.atan2","ProjectId":"notebook","FileId":"Sample_1. Pipeline Periodically - Usual Environment with Entropy.ipynb","Count":"1","Alias":"atan2","Kind":"","Line":"4","PackageName":"math","IsSnowparkAnacondaSupported":"True","Automated":"","Status":"Direct","Statement":"from math import asin, atan2, cos, degrees, floor, radians, sin, sqrt","SessionId":"0f552bec-ad97-4d62-8e6b-5f58f82cb32c","SnowConvertCoreVersion":"8.00.019","SnowparkVersion":"1.27.000","ElementPackage":"","CellId":"5","ExecutionId":"a1cbc006-17c0-4db1-a282-bccf0e51f12f","Origin":"BuiltIn","Technology":"Python","FullName":""},{"Element":"functools.reduce","ProjectId":"notebook","FileId":"Sample_2. Pipeline Periodically - Mobility Trip.ipynb","Count":"1","Alias":"reduce","Kind":"","Line":"3","PackageName":"functools","IsSnowparkAnacondaSupported":"True","Automated":"","Status":"Direct","Statement":"from functools import reduce","SessionId":"0f552bec-ad97-4d62-8e6b-5f58f82cb32c","SnowConvertCoreVersion":"8.00.019","SnowparkVersion":"1.27.000","ElementPackage":"","CellId":"5","ExecutionId":"a1cbc006-17c0-4db1-a282-bccf0e51f12f","Origin":"BuiltIn","Technology":"Python","FullName":""},{"Element":"pyspark.sql.functions","ProjectId":"notebook","FileId":"Sample_2. Pipeline Periodically - Mobility Trip.ipynb","Count":"1","Alias":"f","Kind":"","Line":"5","PackageName":"pyspark.sql","IsSnowparkAnacondaSupported":"True","Automated":"","Status":"Transformation","Statement":"import pyspark.sql.functions as f","SessionId":"0f552bec-ad97-4d62-8e6b-5f58f82cb32c","SnowConvertCoreVersion":"8.00.019","SnowparkVersion":"1.27.000","ElementPackage":"pyspark.sql.functions","CellId":"4","ExecutionId":"a1cbc006-17c0-4db1-a282-bccf0e51f12f","Origin":"ThirdPartyLib","Technology":"Python","FullName":"pyspark.sql.functions"},{"Element":"pyspark.sql.types.StringType","ProjectId":"notebook","FileId":"Sample_2. Pipeline Periodically - Mobility Trip.ipynb","Count":"1","Alias":"StringType","Kind":"","Line":"9","PackageName":"pyspark.sql.types","IsSnowparkAnacondaSupported":"True","Automated":"","Status":"Transformation","Statement":"from pyspark.sql.types import StructType, StructField, DoubleType, IntegerType, TimestampType, StringType, DateType","SessionId":"0f552bec-ad97-4d62-8e6b-5f58f82cb32c","SnowConvertCoreVersion":"8.00.019","SnowparkVersion":"1.27.000","ElementPackage":"pyspark.sql.types","CellId":"4","ExecutionId":"a1cbc006-17c0-4db1-a282-bccf0e51f12f","Origin":"ThirdPartyLib","Technology":"Python","FullName":"pyspark.sql.types.StringType"},{"Element":"pandas","ProjectId":"notebook","FileId":"Sample_2. Pipeline Periodically - Mobility Trip.ipynb","Count":"1","Alias":"pd","Kind":"","Line":"10","PackageName":"","IsSnowparkAnacondaSupported":"True","Automated":"","Status":"Transformation","Statement":"import pandas as pd","SessionId":"0f552bec-ad97-4d62-8e6b-5f58f82cb32c","SnowConvertCoreVersion":"8.00.019","SnowparkVersion":"1.27.000","ElementPackage":"pandas.__init__","CellId":"5","ExecutionId":"a1cbc006-17c0-4db1-a282-bccf0e51f12f","Origin":"ThirdPartyLib","Technology":"Python","FullName":"pandas"},{"Element":"pyspark.sql.types.DoubleType","ProjectId":"notebook","FileId":"Sample_1. Pipeline Periodically - Usual Environment with Entropy.ipynb","Count":"1","Alias":"DoubleType","Kind":"","Line":"9","PackageName":"pyspark.sql.types","IsSnowparkAnacondaSupported":"True","Automated":"","Status":"Transformation","Statement":"from pyspark.sql.types import StructType, StructField, DoubleType, IntegerType, TimestampType, StringType, DateType","SessionId":"0f552bec-ad97-4d62-8e6b-5f58f82cb32c","SnowConvertCoreVersion":"8.00.019","SnowparkVersion":"1.27.000","ElementPackage":"pyspark.sql.types","CellId":"4","ExecutionId":"a1cbc006-17c0-4db1-a282-bccf0e51f12f","Origin":"ThirdPartyLib","Technology":"Python","FullName":"pyspark.sql.types.DoubleType"},{"Element":"datetime.timedelta","ProjectId":"notebook","FileId":"Sample_3a. Pipeline Periodically - Tourism.ipynb","Count":"1","Alias":"timedelta","Kind":"","Line":"10","PackageName":"datetime","IsSnowparkAnacondaSupported":"True","Automated":"","Status":"Direct","Statement":"from datetime import datetime, timedelta","SessionId":"0f552bec-ad97-4d62-8e6b-5f58f82cb32c","SnowConvertCoreVersion":"8.00.019","SnowparkVersion":"1.27.000","ElementPackage":"","CellId":"4","ExecutionId":"a1cbc006-17c0-4db1-a282-bccf0e51f12f","Origin":"BuiltIn","Technology":"Python","FullName":"datetime.timedelta"},{"Element":"pyspark.sql.types.StructType","ProjectId":"notebook","FileId":"Sample_1. Pipeline Periodically - Usual Environment with Entropy.ipynb","Count":"1","Alias":"StructType","Kind":"","Line":"9","PackageName":"pyspark.sql.types","IsSnowparkAnacondaSupported":"True","Automated":"","Status":"Transformation","Statement":"from pyspark.sql.types import StructType, StructField, DoubleType, IntegerType, TimestampType, StringType, DateType","SessionId":"0f552bec-ad97-4d62-8e6b-5f58f82cb32c","SnowConvertCoreVersion":"8.00.019","SnowparkVersion":"1.27.000","ElementPackage":"pyspark.sql.types","CellId":"4","ExecutionId":"a1cbc006-17c0-4db1-a282-bccf0e51f12f","Origin":"ThirdPartyLib","Technology":"Python","FullName":"pyspark.sql.types.StructType"},{"Element":"math.cos","ProjectId":"notebook","FileId":"Sample_2. Pipeline Periodically - Mobility Trip.ipynb","Count":"1","Alias":"cos","Kind":"","Line":"4","PackageName":"math","IsSnowparkAnacondaSupported":"True","Automated":"","Status":"Direct","Statement":"from math import asin, atan2, cos, degrees, floor, radians, sin, sqrt","SessionId":"0f552bec-ad97-4d62-8e6b-5f58f82cb32c","SnowConvertCoreVersion":"8.00.019","SnowparkVersion":"1.27.000","ElementPackage":"","CellId":"5","ExecutionId":"a1cbc006-17c0-4db1-a282-bccf0e51f12f","Origin":"BuiltIn","Technology":"Python","FullName":""},{"Element":"pyspark.sql.types.DoubleType","ProjectId":"notebook","FileId":"Sample_3a. Pipeline Periodically - Tourism.ipynb","Count":"1","Alias":"DoubleType","Kind":"","Line":"9","PackageName":"pyspark.sql.types","IsSnowparkAnacondaSupported":"True","Automated":"","Status":"Transformation","Statement":"from pyspark.sql.types import StructType, StructField, DoubleType, IntegerType, TimestampType, StringType, DateType","SessionId":"0f552bec-ad97-4d62-8e6b-5f58f82cb32c","SnowConvertCoreVersion":"8.00.019","SnowparkVersion":"1.27.000","ElementPackage":"pyspark.sql.types","CellId":"4","ExecutionId":"a1cbc006-17c0-4db1-a282-bccf0e51f12f","Origin":"ThirdPartyLib","Technology":"Python","FullName":"pyspark.sql.types.DoubleType"},{"Element":"h3","ProjectId":"notebook","FileId":"Sample_1. Pipeline Periodically - Usual Environment with Entropy.ipynb","Count":"1","Alias":"h3","Kind":"","Line":"2","PackageName":"","IsSnowparkAnacondaSupported":"False","Automated":"","Status":"Invalid","Statement":"import h3","SessionId":"0f552bec-ad97-4d62-8e6b-5f58f82cb32c","SnowConvertCoreVersion":"8.00.019","SnowparkVersion":"1.27.000","ElementPackage":"","CellId":"4","ExecutionId":"a1cbc006-17c0-4db1-a282-bccf0e51f12f","Origin":"Unknown","Technology":"Python","FullName":""},{"Element":"sedona","ProjectId":"notebook","FileId":"Sample_2. Pipeline Periodically - Mobility Trip.ipynb","Count":"1","Alias":"sedona","Kind":"","Line":"12","PackageName":"","IsSnowparkAnacondaSupported":"False","Automated":"","Status":"Invalid","Statement":"import sedona","SessionId":"0f552bec-ad97-4d62-8e6b-5f58f82cb32c","SnowConvertCoreVersion":"8.00.019","SnowparkVersion":"1.27.000","ElementPackage":"","CellId":"5","ExecutionId":"a1cbc006-17c0-4db1-a282-bccf0e51f12f","Origin":"Unknown","Technology":"Python","FullName":""},{"Element":"math.floor","ProjectId":"notebook","FileId":"Sample_2. Pipeline Periodically - Mobility Trip.ipynb","Count":"1","Alias":"floor","Kind":"","Line":"4","PackageName":"math","IsSnowparkAnacondaSupported":"True","Automated":"","Status":"Direct","Statement":"from math import asin, atan2, cos, degrees, floor, radians, sin, sqrt","SessionId":"0f552bec-ad97-4d62-8e6b-5f58f82cb32c","SnowConvertCoreVersion":"8.00.019","SnowparkVersion":"1.27.000","ElementPackage":"","CellId":"5","ExecutionId":"a1cbc006-17c0-4db1-a282-bccf0e51f12f","Origin":"BuiltIn","Technology":"Python","FullName":""},{"Element":"geopandas","ProjectId":"notebook","FileId":"Sample_2. Pipeline Periodically - Mobility Trip.ipynb","Count":"1","Alias":"gpd","Kind":"","Line":"6","PackageName":"","IsSnowparkAnacondaSupported":"True","Automated":"","Status":"Direct","Statement":"import geopandas as gpd","SessionId":"0f552bec-ad97-4d62-8e6b-5f58f82cb32c","SnowConvertCoreVersion":"8.00.019","SnowparkVersion":"1.27.000","ElementPackage":"","CellId":"5","ExecutionId":"a1cbc006-17c0-4db1-a282-bccf0e51f12f","Origin":"ThirdPartyLib","Technology":"Python","FullName":""},{"Element":"pyspark.sql.functions","ProjectId":"notebook","FileId":"Sample_1. Pipeline Periodically - Usual Environment with Entropy.ipynb","Count":"1","Alias":"F","Kind":"","Line":"17","PackageName":"pyspark.sql","IsSnowparkAnacondaSupported":"True","Automated":"","Status":"Transformation","Statement":"from pyspark.sql import functions as F","SessionId":"0f552bec-ad97-4d62-8e6b-5f58f82cb32c","SnowConvertCoreVersion":"8.00.019","SnowparkVersion":"1.27.000","ElementPackage":"pyspark.sql.functions","CellId":"5","ExecutionId":"a1cbc006-17c0-4db1-a282-bccf0e51f12f","Origin":"ThirdPartyLib","Technology":"Python","FullName":"pyspark.sql.functions"},{"Element":"pyspark.sql.SparkSession","ProjectId":"notebook","FileId":"Sample_3a. Pipeline Periodically - Tourism.ipynb","Count":"1","Alias":"SparkSession","Kind":"","Line":"6","PackageName":"pyspark.sql","IsSnowparkAnacondaSupported":"True","Automated":"","Status":"Transformation","Statement":"from pyspark.sql import SparkSession","SessionId":"0f552bec-ad97-4d62-8e6b-5f58f82cb32c","SnowConvertCoreVersion":"8.00.019","SnowparkVersion":"1.27.000","ElementPackage":"pyspark.sql.session","CellId":"4","ExecutionId":"a1cbc006-17c0-4db1-a282-bccf0e51f12f","Origin":"ThirdPartyLib","Technology":"Python","FullName":"pyspark.sql.session.SparkSession"},{"Element":"math.sin","ProjectId":"notebook","FileId":"Sample_2. Pipeline Periodically - Mobility Trip.ipynb","Count":"1","Alias":"sin","Kind":"","Line":"4","PackageName":"math","IsSnowparkAnacondaSupported":"True","Automated":"","Status":"Direct","Statement":"from math import asin, atan2, cos, degrees, floor, radians, sin, sqrt","SessionId":"0f552bec-ad97-4d62-8e6b-5f58f82cb32c","SnowConvertCoreVersion":"8.00.019","SnowparkVersion":"1.27.000","ElementPackage":"","CellId":"5","ExecutionId":"a1cbc006-17c0-4db1-a282-bccf0e51f12f","Origin":"BuiltIn","Technology":"Python","FullName":""},{"Element":"pyspark.sql.functions","ProjectId":"notebook","FileId":"Sample_3a. Pipeline Periodically - Tourism.ipynb","Count":"1","Alias":"f","Kind":"","Line":"5","PackageName":"pyspark.sql","IsSnowparkAnacondaSupported":"True","Automated":"","Status":"Transformation","Statement":"import pyspark.sql.functions as f","SessionId":"0f552bec-ad97-4d62-8e6b-5f58f82cb32c","SnowConvertCoreVersion":"8.00.019","SnowparkVersion":"1.27.000","ElementPackage":"pyspark.sql.functions","CellId":"4","ExecutionId":"a1cbc006-17c0-4db1-a282-bccf0e51f12f","Origin":"ThirdPartyLib","Technology":"Python","FullName":"pyspark.sql.functions"},{"Element":"math.sqrt","ProjectId":"notebook","FileId":"Sample_2. Pipeline Periodically - Mobility Trip.ipynb","Count":"1","Alias":"sqrt","Kind":"","Line":"4","PackageName":"math","IsSnowparkAnacondaSupported":"True","Automated":"","Status":"Direct","Statement":"from math import asin, atan2, cos, degrees, floor, radians, sin, sqrt","SessionId":"0f552bec-ad97-4d62-8e6b-5f58f82cb32c","SnowConvertCoreVersion":"8.00.019","SnowparkVersion":"1.27.000","ElementPackage":"","CellId":"5","ExecutionId":"a1cbc006-17c0-4db1-a282-bccf0e51f12f","Origin":"BuiltIn","Technology":"Python","FullName":""},{"Element":"pyspark.sql.functions.col","ProjectId":"notebook","FileId":"Sample_2. Pipeline Periodically - Mobility Trip.ipynb","Count":"1","Alias":"col","Kind":"","Line":"7","PackageName":"pyspark.sql.functions","IsSnowparkAnacondaSupported":"True","Automated":"","Status":"Transformation","Statement":"from pyspark.sql.functions import col, lag, lead","SessionId":"0f552bec-ad97-4d62-8e6b-5f58f82cb32c","SnowConvertCoreVersion":"8.00.019","SnowparkVersion":"1.27.000","ElementPackage":"pyspark.sql.functions","CellId":"4","ExecutionId":"a1cbc006-17c0-4db1-a282-bccf0e51f12f","Origin":"ThirdPartyLib","Technology":"Python","FullName":"pyspark.sql.functions.col"},{"Element":"pyspark.sql.window.Window","ProjectId":"notebook","FileId":"Sample_3a. Pipeline Periodically - Tourism.ipynb","Count":"1","Alias":"Window","Kind":"","Line":"19","PackageName":"pyspark.sql.window","IsSnowparkAnacondaSupported":"True","Automated":"","Status":"Transformation","Statement":"from pyspark.sql.window import Window","SessionId":"0f552bec-ad97-4d62-8e6b-5f58f82cb32c","SnowConvertCoreVersion":"8.00.019","SnowparkVersion":"1.27.000","ElementPackage":"pyspark.sql.window","CellId":"5","ExecutionId":"a1cbc006-17c0-4db1-a282-bccf0e51f12f","Origin":"ThirdPartyLib","Technology":"Python","FullName":"pyspark.sql.window.Window"},{"Element":"math","ProjectId":"notebook","FileId":"Sample_2. Pipeline Periodically - Mobility Trip.ipynb","Count":"1","Alias":"math","Kind":"","Line":"1","PackageName":"","IsSnowparkAnacondaSupported":"True","Automated":"","Status":"Direct","Statement":"import math","SessionId":"0f552bec-ad97-4d62-8e6b-5f58f82cb32c","SnowConvertCoreVersion":"8.00.019","SnowparkVersion":"1.27.000","ElementPackage":"","CellId":"5","ExecutionId":"a1cbc006-17c0-4db1-a282-bccf0e51f12f","Origin":"BuiltIn","Technology":"Python","FullName":""},{"Element":"pyspark.sql.SparkSession","ProjectId":"notebook","FileId":"Sample_2. Pipeline Periodically - Mobility Trip.ipynb","Count":"1","Alias":"SparkSession","Kind":"","Line":"16","PackageName":"pyspark.sql","IsSnowparkAnacondaSupported":"True","Automated":"","Status":"Transformation","Statement":"from pyspark.sql import DataFrame, SparkSession","SessionId":"0f552bec-ad97-4d62-8e6b-5f58f82cb32c","SnowConvertCoreVersion":"8.00.019","SnowparkVersion":"1.27.000","ElementPackage":"pyspark.sql.session","CellId":"5","ExecutionId":"a1cbc006-17c0-4db1-a282-bccf0e51f12f","Origin":"ThirdPartyLib","Technology":"Python","FullName":"pyspark.sql.session.SparkSession"},{"Element":"pandas","ProjectId":"notebook","FileId":"Sample_2. Pipeline Periodically - Mobility Trip.ipynb","Count":"1","Alias":"pandas","Kind":"","Line":"2","PackageName":"","IsSnowparkAnacondaSupported":"True","Automated":"","Status":"Transformation","Statement":"import pandas","SessionId":"0f552bec-ad97-4d62-8e6b-5f58f82cb32c","SnowConvertCoreVersion":"8.00.019","SnowparkVersion":"1.27.000","ElementPackage":"pandas.__init__","CellId":"2","ExecutionId":"a1cbc006-17c0-4db1-a282-bccf0e51f12f","Origin":"ThirdPartyLib","Technology":"Python","FullName":"pandas"},{"Element":"geopy","ProjectId":"notebook","FileId":"Sample_3a. Pipeline Periodically - Tourism.ipynb","Count":"1","Alias":"geopy","Kind":"","Line":"7","PackageName":"","IsSnowparkAnacondaSupported":"True","Automated":"","Status":"Direct","Statement":"import geopy","SessionId":"0f552bec-ad97-4d62-8e6b-5f58f82cb32c","SnowConvertCoreVersion":"8.00.019","SnowparkVersion":"1.27.000","ElementPackage":"","CellId":"5","ExecutionId":"a1cbc006-17c0-4db1-a282-bccf0e51f12f","Origin":"ThirdPartyLib","Technology":"Python","FullName":""},{"Element":"math.floor","ProjectId":"notebook","FileId":"Sample_3a. Pipeline Periodically - Tourism.ipynb","Count":"1","Alias":"floor","Kind":"","Line":"4","PackageName":"math","IsSnowparkAnacondaSupported":"True","Automated":"","Status":"Direct","Statement":"from math import asin, atan2, cos, degrees, floor, radians, sin, sqrt","SessionId":"0f552bec-ad97-4d62-8e6b-5f58f82cb32c","SnowConvertCoreVersion":"8.00.019","SnowparkVersion":"1.27.000","ElementPackage":"","CellId":"5","ExecutionId":"a1cbc006-17c0-4db1-a282-bccf0e51f12f","Origin":"BuiltIn","Technology":"Python","FullName":""},{"Element":"pyproj","ProjectId":"notebook","FileId":"Sample_1. Pipeline Periodically - Usual Environment with Entropy.ipynb","Count":"1","Alias":"pyproj","Kind":"","Line":"3","PackageName":"","IsSnowparkAnacondaSupported":"True","Automated":"","Status":"Direct","Statement":"import pyproj","SessionId":"0f552bec-ad97-4d62-8e6b-5f58f82cb32c","SnowConvertCoreVersion":"8.00.019","SnowparkVersion":"1.27.000","ElementPackage":"","CellId":"2","ExecutionId":"a1cbc006-17c0-4db1-a282-bccf0e51f12f","Origin":"ThirdPartyLib","Technology":"Python","FullName":""},{"Element":"pyspark.sql.functions.lag","ProjectId":"notebook","FileId":"Sample_2. Pipeline Periodically - Mobility Trip.ipynb","Count":"1","Alias":"lag","Kind":"","Line":"7","PackageName":"pyspark.sql.functions","IsSnowparkAnacondaSupported":"True","Automated":"","Status":"Transformation","Statement":"from pyspark.sql.functions import col, lag, lead","SessionId":"0f552bec-ad97-4d62-8e6b-5f58f82cb32c","SnowConvertCoreVersion":"8.00.019","SnowparkVersion":"1.27.000","ElementPackage":"pyspark.sql.functions","CellId":"4","ExecutionId":"a1cbc006-17c0-4db1-a282-bccf0e51f12f","Origin":"ThirdPartyLib","Technology":"Python","FullName":"pyspark.sql.functions.lag"},{"Element":"pyspark.sql.window.Window","ProjectId":"notebook","FileId":"Sample_2. Pipeline Periodically - Mobility Trip.ipynb","Count":"1","Alias":"Window","Kind":"","Line":"8","PackageName":"pyspark.sql.window","IsSnowparkAnacondaSupported":"True","Automated":"","Status":"Transformation","Statement":"from pyspark.sql.window import Window","SessionId":"0f552bec-ad97-4d62-8e6b-5f58f82cb32c","SnowConvertCoreVersion":"8.00.019","SnowparkVersion":"1.27.000","ElementPackage":"pyspark.sql.window","CellId":"4","ExecutionId":"a1cbc006-17c0-4db1-a282-bccf0e51f12f","Origin":"ThirdPartyLib","Technology":"Python","FullName":"pyspark.sql.window.Window"},{"Element":"math.radians","ProjectId":"notebook","FileId":"Sample_2. Pipeline Periodically - Mobility Trip.ipynb","Count":"1","Alias":"radians","Kind":"","Line":"4","PackageName":"math","IsSnowparkAnacondaSupported":"True","Automated":"","Status":"Direct","Statement":"from math import asin, atan2, cos, degrees, floor, radians, sin, sqrt","SessionId":"0f552bec-ad97-4d62-8e6b-5f58f82cb32c","SnowConvertCoreVersion":"8.00.019","SnowparkVersion":"1.27.000","ElementPackage":"","CellId":"5","ExecutionId":"a1cbc006-17c0-4db1-a282-bccf0e51f12f","Origin":"BuiltIn","Technology":"Python","FullName":""},{"Element":"math.sqrt","ProjectId":"notebook","FileId":"Sample_3a. Pipeline Periodically - Tourism.ipynb","Count":"1","Alias":"sqrt","Kind":"","Line":"4","PackageName":"math","IsSnowparkAnacondaSupported":"True","Automated":"","Status":"Direct","Statement":"from math import asin, atan2, cos, degrees, floor, radians, sin, sqrt","SessionId":"0f552bec-ad97-4d62-8e6b-5f58f82cb32c","SnowConvertCoreVersion":"8.00.019","SnowparkVersion":"1.27.000","ElementPackage":"","CellId":"5","ExecutionId":"a1cbc006-17c0-4db1-a282-bccf0e51f12f","Origin":"BuiltIn","Technology":"Python","FullName":""},{"Element":"h3","ProjectId":"notebook","FileId":"Sample_2. Pipeline Periodically - Mobility Trip.ipynb","Count":"1","Alias":"h3","Kind":"","Line":"8","PackageName":"","IsSnowparkAnacondaSupported":"False","Automated":"","Status":"Invalid","Statement":"import h3","SessionId":"0f552bec-ad97-4d62-8e6b-5f58f82cb32c","SnowConvertCoreVersion":"8.00.019","SnowparkVersion":"1.27.000","ElementPackage":"","CellId":"5","ExecutionId":"a1cbc006-17c0-4db1-a282-bccf0e51f12f","Origin":"Unknown","Technology":"Python","FullName":""},{"Element":"h3_pyspark","ProjectId":"notebook","FileId":"Sample_3a. Pipeline Periodically - Tourism.ipynb","Count":"1","Alias":"h3_pyspark","Kind":"","Line":"3","PackageName":"","IsSnowparkAnacondaSupported":"False","Automated":"","Status":"Invalid","Statement":"import h3_pyspark","SessionId":"0f552bec-ad97-4d62-8e6b-5f58f82cb32c","SnowConvertCoreVersion":"8.00.019","SnowparkVersion":"1.27.000","ElementPackage":"","CellId":"4","ExecutionId":"a1cbc006-17c0-4db1-a282-bccf0e51f12f","Origin":"Unknown","Technology":"Python","FullName":""},{"Element":"pyspark.sql.types.IntegerType","ProjectId":"notebook","FileId":"Sample_2. Pipeline Periodically - Mobility Trip.ipynb","Count":"1","Alias":"IntegerType","Kind":"","Line":"9","PackageName":"pyspark.sql.types","IsSnowparkAnacondaSupported":"True","Automated":"","Status":"Transformation","Statement":"from pyspark.sql.types import StructType, StructField, DoubleType, IntegerType, TimestampType, StringType, DateType","SessionId":"0f552bec-ad97-4d62-8e6b-5f58f82cb32c","SnowConvertCoreVersion":"8.00.019","SnowparkVersion":"1.27.000","ElementPackage":"pyspark.sql.types","CellId":"4","ExecutionId":"a1cbc006-17c0-4db1-a282-bccf0e51f12f","Origin":"ThirdPartyLib","Technology":"Python","FullName":"pyspark.sql.types.IntegerType"},{"Element":"datetime.datetime","ProjectId":"notebook","FileId":"Sample_1. Pipeline Periodically - Usual Environment with Entropy.ipynb","Count":"1","Alias":"datetime","Kind":"","Line":"10","PackageName":"datetime","IsSnowparkAnacondaSupported":"True","Automated":"","Status":"Direct","Statement":"from datetime import datetime, timedelta","SessionId":"0f552bec-ad97-4d62-8e6b-5f58f82cb32c","SnowConvertCoreVersion":"8.00.019","SnowparkVersion":"1.27.000","ElementPackage":"","CellId":"4","ExecutionId":"a1cbc006-17c0-4db1-a282-bccf0e51f12f","Origin":"BuiltIn","Technology":"Python","FullName":"datetime.datetime"},{"Element":"pyspark","ProjectId":"notebook","FileId":"Sample_1. Pipeline Periodically - Usual Environment with Entropy.ipynb","Count":"1","Alias":"pyspark","Kind":"","Line":"11","PackageName":"","IsSnowparkAnacondaSupported":"True","Automated":"","Status":"Transformation","Statement":"import pyspark","SessionId":"0f552bec-ad97-4d62-8e6b-5f58f82cb32c","SnowConvertCoreVersion":"8.00.019","SnowparkVersion":"1.27.000","ElementPackage":"pyspark.__init__","CellId":"5","ExecutionId":"a1cbc006-17c0-4db1-a282-bccf0e51f12f","Origin":"ThirdPartyLib","Technology":"Python","FullName":"pyspark"},{"Element":"pyspark.sql.types.DateType","ProjectId":"notebook","FileId":"Sample_3a. Pipeline Periodically - Tourism.ipynb","Count":"1","Alias":"DateType","Kind":"","Line":"9","PackageName":"pyspark.sql.types","IsSnowparkAnacondaSupported":"True","Automated":"","Status":"Transformation","Statement":"from pyspark.sql.types import StructType, StructField, DoubleType, IntegerType, TimestampType, StringType, DateType","SessionId":"0f552bec-ad97-4d62-8e6b-5f58f82cb32c","SnowConvertCoreVersion":"8.00.019","SnowparkVersion":"1.27.000","ElementPackage":"pyspark.sql.types","CellId":"4","ExecutionId":"a1cbc006-17c0-4db1-a282-bccf0e51f12f","Origin":"ThirdPartyLib","Technology":"Python","FullName":"pyspark.sql.types.DateType"},{"Element":"pyspark.sql.DataFrame","ProjectId":"notebook","FileId":"Sample_1. Pipeline Periodically - Usual Environment with Entropy.ipynb","Count":"1","Alias":"DataFrame","Kind":"","Line":"16","PackageName":"pyspark.sql","IsSnowparkAnacondaSupported":"True","Automated":"","Status":"Transformation","Statement":"from pyspark.sql import DataFrame, SparkSession","SessionId":"0f552bec-ad97-4d62-8e6b-5f58f82cb32c","SnowConvertCoreVersion":"8.00.019","SnowparkVersion":"1.27.000","ElementPackage":"pyspark.sql.dataframe","CellId":"5","ExecutionId":"a1cbc006-17c0-4db1-a282-bccf0e51f12f","Origin":"ThirdPartyLib","Technology":"Python","FullName":"pyspark.sql.dataframe.DataFrame"},{"Element":"math","ProjectId":"notebook","FileId":"Sample_3a. Pipeline Periodically - Tourism.ipynb","Count":"1","Alias":"math","Kind":"","Line":"1","PackageName":"","IsSnowparkAnacondaSupported":"True","Automated":"","Status":"Direct","Statement":"import math","SessionId":"0f552bec-ad97-4d62-8e6b-5f58f82cb32c","SnowConvertCoreVersion":"8.00.019","SnowparkVersion":"1.27.000","ElementPackage":"","CellId":"5","ExecutionId":"a1cbc006-17c0-4db1-a282-bccf0e51f12f","Origin":"BuiltIn","Technology":"Python","FullName":""},{"Element":"sklearn","ProjectId":"notebook","FileId":"Sample_1. Pipeline Periodically - Usual Environment with Entropy.ipynb","Count":"1","Alias":"sklearn","Kind":"","Line":"5","PackageName":"","IsSnowparkAnacondaSupported":"False","Automated":"","Status":"Invalid","Statement":"import sklearn","SessionId":"0f552bec-ad97-4d62-8e6b-5f58f82cb32c","SnowConvertCoreVersion":"8.00.019","SnowparkVersion":"1.27.000","ElementPackage":"","CellId":"2","ExecutionId":"a1cbc006-17c0-4db1-a282-bccf0e51f12f","Origin":"Unknown","Technology":"Python","FullName":""},{"Element":"pyspark.SparkContext","ProjectId":"notebook","FileId":"Sample_1. Pipeline Periodically - Usual Environment with Entropy.ipynb","Count":"1","Alias":"SparkContext","Kind":"","Line":"14","PackageName":"pyspark","IsSnowparkAnacondaSupported":"True","Automated":"","Status":"Transformation","Statement":"from pyspark import SparkContext","SessionId":"0f552bec-ad97-4d62-8e6b-5f58f82cb32c","SnowConvertCoreVersion":"8.00.019","SnowparkVersion":"1.27.000","ElementPackage":"pyspark.context","CellId":"5","ExecutionId":"a1cbc006-17c0-4db1-a282-bccf0e51f12f","Origin":"ThirdPartyLib","Technology":"Python","FullName":"pyspark.context.SparkContext"},{"Element":"pandas","ProjectId":"notebook","FileId":"Sample_3a. Pipeline Periodically - Tourism.ipynb","Count":"1","Alias":"pandas","Kind":"","Line":"2","PackageName":"","IsSnowparkAnacondaSupported":"True","Automated":"","Status":"Transformation","Statement":"import pandas","SessionId":"0f552bec-ad97-4d62-8e6b-5f58f82cb32c","SnowConvertCoreVersion":"8.00.019","SnowparkVersion":"1.27.000","ElementPackage":"pandas.__init__","CellId":"2","ExecutionId":"a1cbc006-17c0-4db1-a282-bccf0e51f12f","Origin":"ThirdPartyLib","Technology":"Python","FullName":"pandas"},{"Element":"numpy","ProjectId":"notebook","FileId":"Sample_3a. Pipeline Periodically - Tourism.ipynb","Count":"1","Alias":"np","Kind":"","Line":"9","PackageName":"","IsSnowparkAnacondaSupported":"True","Automated":"","Status":"Direct","Statement":"import numpy as np","SessionId":"0f552bec-ad97-4d62-8e6b-5f58f82cb32c","SnowConvertCoreVersion":"8.00.019","SnowparkVersion":"1.27.000","ElementPackage":"numpy.__init__","CellId":"5","ExecutionId":"a1cbc006-17c0-4db1-a282-bccf0e51f12f","Origin":"ThirdPartyLib","Technology":"Python","FullName":"numpy"},{"Element":"pyspark.sql.types.TimestampType","ProjectId":"notebook","FileId":"Sample_1. Pipeline Periodically - Usual Environment with Entropy.ipynb","Count":"1","Alias":"TimestampType","Kind":"","Line":"9","PackageName":"pyspark.sql.types","IsSnowparkAnacondaSupported":"True","Automated":"","Status":"Transformation","Statement":"from pyspark.sql.types import StructType, StructField, DoubleType, IntegerType, TimestampType, StringType, DateType","SessionId":"0f552bec-ad97-4d62-8e6b-5f58f82cb32c","SnowConvertCoreVersion":"8.00.019","SnowparkVersion":"1.27.000","ElementPackage":"pyspark.sql.types","CellId":"4","ExecutionId":"a1cbc006-17c0-4db1-a282-bccf0e51f12f","Origin":"ThirdPartyLib","Technology":"Python","FullName":"pyspark.sql.types.TimestampType"},{"Element":"pyspark.sql.functions.lag","ProjectId":"notebook","FileId":"Sample_3a. Pipeline Periodically - Tourism.ipynb","Count":"1","Alias":"lag","Kind":"","Line":"7","PackageName":"pyspark.sql.functions","IsSnowparkAnacondaSupported":"True","Automated":"","Status":"Transformation","Statement":"from pyspark.sql.functions import col, lag, lead","SessionId":"0f552bec-ad97-4d62-8e6b-5f58f82cb32c","SnowConvertCoreVersion":"8.00.019","SnowparkVersion":"1.27.000","ElementPackage":"pyspark.sql.functions","CellId":"4","ExecutionId":"a1cbc006-17c0-4db1-a282-bccf0e51f12f","Origin":"ThirdPartyLib","Technology":"Python","FullName":"pyspark.sql.functions.lag"},{"Element":"math.degrees","ProjectId":"notebook","FileId":"Sample_1. Pipeline Periodically - Usual Environment with Entropy.ipynb","Count":"1","Alias":"degrees","Kind":"","Line":"4","PackageName":"math","IsSnowparkAnacondaSupported":"True","Automated":"","Status":"Direct","Statement":"from math import asin, atan2, cos, degrees, floor, radians, sin, sqrt","SessionId":"0f552bec-ad97-4d62-8e6b-5f58f82cb32c","SnowConvertCoreVersion":"8.00.019","SnowparkVersion":"1.27.000","ElementPackage":"","CellId":"5","ExecutionId":"a1cbc006-17c0-4db1-a282-bccf0e51f12f","Origin":"BuiltIn","Technology":"Python","FullName":""},{"Element":"pyspark.sql.window.Window","ProjectId":"notebook","FileId":"Sample_3a. Pipeline Periodically - Tourism.ipynb","Count":"1","Alias":"Window","Kind":"","Line":"8","PackageName":"pyspark.sql.window","IsSnowparkAnacondaSupported":"True","Automated":"","Status":"Transformation","Statement":"from pyspark.sql.window import Window","SessionId":"0f552bec-ad97-4d62-8e6b-5f58f82cb32c","SnowConvertCoreVersion":"8.00.019","SnowparkVersion":"1.27.000","ElementPackage":"pyspark.sql.window","CellId":"4","ExecutionId":"a1cbc006-17c0-4db1-a282-bccf0e51f12f","Origin":"ThirdPartyLib","Technology":"Python","FullName":"pyspark.sql.window.Window"},{"Element":"pyspark.sql.functions.lead","ProjectId":"notebook","FileId":"Sample_1. Pipeline Periodically - Usual Environment with Entropy.ipynb","Count":"1","Alias":"lead","Kind":"","Line":"7","PackageName":"pyspark.sql.functions","IsSnowparkAnacondaSupported":"True","Automated":"","Status":"Transformation","Statement":"from pyspark.sql.functions import col, lag, lead","SessionId":"0f552bec-ad97-4d62-8e6b-5f58f82cb32c","SnowConvertCoreVersion":"8.00.019","SnowparkVersion":"1.27.000","ElementPackage":"pyspark.sql.functions","CellId":"4","ExecutionId":"a1cbc006-17c0-4db1-a282-bccf0e51f12f","Origin":"ThirdPartyLib","Technology":"Python","FullName":"pyspark.sql.functions.lead"},{"Element":"pyspark.sql.types","ProjectId":"notebook","FileId":"Sample_1. Pipeline Periodically - Usual Environment with Entropy.ipynb","Count":"1","Alias":"T","Kind":"","Line":"18","PackageName":"pyspark.sql","IsSnowparkAnacondaSupported":"True","Automated":"","Status":"Transformation","Statement":"from pyspark.sql import types as T","SessionId":"0f552bec-ad97-4d62-8e6b-5f58f82cb32c","SnowConvertCoreVersion":"8.00.019","SnowparkVersion":"1.27.000","ElementPackage":"pyspark.sql.types","CellId":"5","ExecutionId":"a1cbc006-17c0-4db1-a282-bccf0e51f12f","Origin":"ThirdPartyLib","Technology":"Python","FullName":"pyspark.sql.types"},{"Element":"h3","ProjectId":"notebook","FileId":"Sample_3a. Pipeline Periodically - Tourism.ipynb","Count":"1","Alias":"h3","Kind":"","Line":"8","PackageName":"","IsSnowparkAnacondaSupported":"False","Automated":"","Status":"Invalid","Statement":"import h3","SessionId":"0f552bec-ad97-4d62-8e6b-5f58f82cb32c","SnowConvertCoreVersion":"8.00.019","SnowparkVersion":"1.27.000","ElementPackage":"","CellId":"5","ExecutionId":"a1cbc006-17c0-4db1-a282-bccf0e51f12f","Origin":"Unknown","Technology":"Python","FullName":""},{"Element":"datetime.timedelta","ProjectId":"notebook","FileId":"Sample_2. Pipeline Periodically - Mobility Trip.ipynb","Count":"1","Alias":"timedelta","Kind":"","Line":"10","PackageName":"datetime","IsSnowparkAnacondaSupported":"True","Automated":"","Status":"Direct","Statement":"from datetime import datetime, timedelta","SessionId":"0f552bec-ad97-4d62-8e6b-5f58f82cb32c","SnowConvertCoreVersion":"8.00.019","SnowparkVersion":"1.27.000","ElementPackage":"","CellId":"4","ExecutionId":"a1cbc006-17c0-4db1-a282-bccf0e51f12f","Origin":"BuiltIn","Technology":"Python","FullName":"datetime.timedelta"},{"Element":"shapely.wkt.loads","ProjectId":"notebook","FileId":"Sample_1. Pipeline Periodically - Usual Environment with Entropy.ipynb","Count":"1","Alias":"loads","Kind":"","Line":"21","PackageName":"shapely.wkt","IsSnowparkAnacondaSupported":"True","Automated":"","Status":"Direct","Statement":"from shapely.wkt import loads","SessionId":"0f552bec-ad97-4d62-8e6b-5f58f82cb32c","SnowConvertCoreVersion":"8.00.019","SnowparkVersion":"1.27.000","ElementPackage":"","CellId":"5","ExecutionId":"a1cbc006-17c0-4db1-a282-bccf0e51f12f","Origin":"ThirdPartyLib","Technology":"Python","FullName":""},{"Element":"pyspark.sql.types.DoubleType","ProjectId":"notebook","FileId":"Sample_2. Pipeline Periodically - Mobility Trip.ipynb","Count":"1","Alias":"DoubleType","Kind":"","Line":"9","PackageName":"pyspark.sql.types","IsSnowparkAnacondaSupported":"True","Automated":"","Status":"Transformation","Statement":"from pyspark.sql.types import StructType, StructField, DoubleType, IntegerType, TimestampType, StringType, DateType","SessionId":"0f552bec-ad97-4d62-8e6b-5f58f82cb32c","SnowConvertCoreVersion":"8.00.019","SnowparkVersion":"1.27.000","ElementPackage":"pyspark.sql.types","CellId":"4","ExecutionId":"a1cbc006-17c0-4db1-a282-bccf0e51f12f","Origin":"ThirdPartyLib","Technology":"Python","FullName":"pyspark.sql.types.DoubleType"},{"Element":"pyspark.sql.types.StructType","ProjectId":"notebook","FileId":"Sample_2. Pipeline Periodically - Mobility Trip.ipynb","Count":"1","Alias":"StructType","Kind":"","Line":"9","PackageName":"pyspark.sql.types","IsSnowparkAnacondaSupported":"True","Automated":"","Status":"Transformation","Statement":"from pyspark.sql.types import StructType, StructField, DoubleType, IntegerType, TimestampType, StringType, DateType","SessionId":"0f552bec-ad97-4d62-8e6b-5f58f82cb32c","SnowConvertCoreVersion":"8.00.019","SnowparkVersion":"1.27.000","ElementPackage":"pyspark.sql.types","CellId":"4","ExecutionId":"a1cbc006-17c0-4db1-a282-bccf0e51f12f","Origin":"ThirdPartyLib","Technology":"Python","FullName":"pyspark.sql.types.StructType"},{"Element":"h3","ProjectId":"notebook","FileId":"Sample_2. Pipeline Periodically - Mobility Trip.ipynb","Count":"1","Alias":"h3","Kind":"","Line":"2","PackageName":"","IsSnowparkAnacondaSupported":"False","Automated":"","Status":"Invalid","Statement":"import h3","SessionId":"0f552bec-ad97-4d62-8e6b-5f58f82cb32c","SnowConvertCoreVersion":"8.00.019","SnowparkVersion":"1.27.000","ElementPackage":"","CellId":"4","ExecutionId":"a1cbc006-17c0-4db1-a282-bccf0e51f12f","Origin":"Unknown","Technology":"Python","FullName":""},{"Element":"functools.reduce","ProjectId":"notebook","FileId":"Sample_1. Pipeline Periodically - Usual Environment with Entropy.ipynb","Count":"1","Alias":"reduce","Kind":"","Line":"3","PackageName":"functools","IsSnowparkAnacondaSupported":"True","Automated":"","Status":"Direct","Statement":"from functools import reduce","SessionId":"0f552bec-ad97-4d62-8e6b-5f58f82cb32c","SnowConvertCoreVersion":"8.00.019","SnowparkVersion":"1.27.000","ElementPackage":"","CellId":"5","ExecutionId":"a1cbc006-17c0-4db1-a282-bccf0e51f12f","Origin":"BuiltIn","Technology":"Python","FullName":""},{"Element":"pyspark.sql.types.StringType","ProjectId":"notebook","FileId":"Sample_1. Pipeline Periodically - Usual Environment with Entropy.ipynb","Count":"1","Alias":"StringType","Kind":"","Line":"9","PackageName":"pyspark.sql.types","IsSnowparkAnacondaSupported":"True","Automated":"","Status":"Transformation","Statement":"from pyspark.sql.types import StructType, StructField, DoubleType, IntegerType, TimestampType, StringType, DateType","SessionId":"0f552bec-ad97-4d62-8e6b-5f58f82cb32c","SnowConvertCoreVersion":"8.00.019","SnowparkVersion":"1.27.000","ElementPackage":"pyspark.sql.types","CellId":"4","ExecutionId":"a1cbc006-17c0-4db1-a282-bccf0e51f12f","Origin":"ThirdPartyLib","Technology":"Python","FullName":"pyspark.sql.types.StringType"},{"Element":"pandas","ProjectId":"notebook","FileId":"Sample_1. Pipeline Periodically - Usual Environment with Entropy.ipynb","Count":"1","Alias":"pd","Kind":"","Line":"10","PackageName":"","IsSnowparkAnacondaSupported":"True","Automated":"","Status":"Transformation","Statement":"import pandas as pd","SessionId":"0f552bec-ad97-4d62-8e6b-5f58f82cb32c","SnowConvertCoreVersion":"8.00.019","SnowparkVersion":"1.27.000","ElementPackage":"pandas.__init__","CellId":"5","ExecutionId":"a1cbc006-17c0-4db1-a282-bccf0e51f12f","Origin":"ThirdPartyLib","Technology":"Python","FullName":"pandas"},{"Element":"pyspark.sql.SparkSession","ProjectId":"notebook","FileId":"Sample_2. Pipeline Periodically - Mobility Trip.ipynb","Count":"1","Alias":"SparkSession","Kind":"","Line":"6","PackageName":"pyspark.sql","IsSnowparkAnacondaSupported":"True","Automated":"","Status":"Transformation","Statement":"from pyspark.sql import SparkSession","SessionId":"0f552bec-ad97-4d62-8e6b-5f58f82cb32c","SnowConvertCoreVersion":"8.00.019","SnowparkVersion":"1.27.000","ElementPackage":"pyspark.sql.session","CellId":"4","ExecutionId":"a1cbc006-17c0-4db1-a282-bccf0e51f12f","Origin":"ThirdPartyLib","Technology":"Python","FullName":"pyspark.sql.session.SparkSession"},{"Element":"logging","ProjectId":"notebook","FileId":"Sample_2. Pipeline Periodically - Mobility Trip.ipynb","Count":"1","Alias":"logging","Kind":"","Line":"1","PackageName":"","IsSnowparkAnacondaSupported":"True","Automated":"","Status":"Direct","Statement":"import logging","SessionId":"0f552bec-ad97-4d62-8e6b-5f58f82cb32c","SnowConvertCoreVersion":"8.00.019","SnowparkVersion":"1.27.000","ElementPackage":"","CellId":"19","ExecutionId":"a1cbc006-17c0-4db1-a282-bccf0e51f12f","Origin":"BuiltIn","Technology":"Python","FullName":""},{"Element":"sedona","ProjectId":"notebook","FileId":"Sample_1. Pipeline Periodically - Usual Environment with Entropy.ipynb","Count":"1","Alias":"sedona","Kind":"","Line":"12","PackageName":"","IsSnowparkAnacondaSupported":"False","Automated":"","Status":"Invalid","Statement":"import sedona","SessionId":"0f552bec-ad97-4d62-8e6b-5f58f82cb32c","SnowConvertCoreVersion":"8.00.019","SnowparkVersion":"1.27.000","ElementPackage":"","CellId":"5","ExecutionId":"a1cbc006-17c0-4db1-a282-bccf0e51f12f","Origin":"Unknown","Technology":"Python","FullName":""},{"Element":"math.atan2","ProjectId":"notebook","FileId":"Sample_3a. Pipeline Periodically - Tourism.ipynb","Count":"1","Alias":"atan2","Kind":"","Line":"4","PackageName":"math","IsSnowparkAnacondaSupported":"True","Automated":"","Status":"Direct","Statement":"from math import asin, atan2, cos, degrees, floor, radians, sin, sqrt","SessionId":"0f552bec-ad97-4d62-8e6b-5f58f82cb32c","SnowConvertCoreVersion":"8.00.019","SnowparkVersion":"1.27.000","ElementPackage":"","CellId":"5","ExecutionId":"a1cbc006-17c0-4db1-a282-bccf0e51f12f","Origin":"BuiltIn","Technology":"Python","FullName":""},{"Element":"pyspark.sql.window.Window","ProjectId":"notebook","FileId":"Sample_2. Pipeline Periodically - Mobility Trip.ipynb","Count":"1","Alias":"Window","Kind":"","Line":"19","PackageName":"pyspark.sql.window","IsSnowparkAnacondaSupported":"True","Automated":"","Status":"Transformation","Statement":"from pyspark.sql.window import Window","SessionId":"0f552bec-ad97-4d62-8e6b-5f58f82cb32c","SnowConvertCoreVersion":"8.00.019","SnowparkVersion":"1.27.000","ElementPackage":"pyspark.sql.window","CellId":"5","ExecutionId":"a1cbc006-17c0-4db1-a282-bccf0e51f12f","Origin":"ThirdPartyLib","Technology":"Python","FullName":"pyspark.sql.window.Window"},{"Element":"geopandas","ProjectId":"notebook","FileId":"Sample_1. Pipeline Periodically - Usual Environment with Entropy.ipynb","Count":"1","Alias":"gpd","Kind":"","Line":"6","PackageName":"","IsSnowparkAnacondaSupported":"True","Automated":"","Status":"Direct","Statement":"import geopandas as gpd","SessionId":"0f552bec-ad97-4d62-8e6b-5f58f82cb32c","SnowConvertCoreVersion":"8.00.019","SnowparkVersion":"1.27.000","ElementPackage":"","CellId":"5","ExecutionId":"a1cbc006-17c0-4db1-a282-bccf0e51f12f","Origin":"ThirdPartyLib","Technology":"Python","FullName":""},{"Element":"shapely","ProjectId":"notebook","FileId":"Sample_1. Pipeline Periodically - Usual Environment with Entropy.ipynb","Count":"1","Alias":"shapely","Kind":"","Line":"4","PackageName":"","IsSnowparkAnacondaSupported":"True","Automated":"","Status":"Direct","Statement":"import shapely","SessionId":"0f552bec-ad97-4d62-8e6b-5f58f82cb32c","SnowConvertCoreVersion":"8.00.019","SnowparkVersion":"1.27.000","ElementPackage":"","CellId":"2","ExecutionId":"a1cbc006-17c0-4db1-a282-bccf0e51f12f","Origin":"ThirdPartyLib","Technology":"Python","FullName":""},{"Element":"pyspark.sql.types.StructType","ProjectId":"notebook","FileId":"Sample_3a. Pipeline Periodically - Tourism.ipynb","Count":"1","Alias":"StructType","Kind":"","Line":"9","PackageName":"pyspark.sql.types","IsSnowparkAnacondaSupported":"True","Automated":"","Status":"Transformation","Statement":"from pyspark.sql.types import StructType, StructField, DoubleType, IntegerType, TimestampType, StringType, DateType","SessionId":"0f552bec-ad97-4d62-8e6b-5f58f82cb32c","SnowConvertCoreVersion":"8.00.019","SnowparkVersion":"1.27.000","ElementPackage":"pyspark.sql.types","CellId":"4","ExecutionId":"a1cbc006-17c0-4db1-a282-bccf0e51f12f","Origin":"ThirdPartyLib","Technology":"Python","FullName":"pyspark.sql.types.StructType"},{"Element":"h3","ProjectId":"notebook","FileId":"Sample_3a. Pipeline Periodically - Tourism.ipynb","Count":"1","Alias":"h3","Kind":"","Line":"2","PackageName":"","IsSnowparkAnacondaSupported":"False","Automated":"","Status":"Invalid","Statement":"import h3","SessionId":"0f552bec-ad97-4d62-8e6b-5f58f82cb32c","SnowConvertCoreVersion":"8.00.019","SnowparkVersion":"1.27.000","ElementPackage":"","CellId":"4","ExecutionId":"a1cbc006-17c0-4db1-a282-bccf0e51f12f","Origin":"Unknown","Technology":"Python","FullName":""},{"Element":"shapely","ProjectId":"notebook","FileId":"Sample_3a. Pipeline Periodically - Tourism.ipynb","Count":"1","Alias":"shapely","Kind":"","Line":"4","PackageName":"","IsSnowparkAnacondaSupported":"True","Automated":"","Status":"Direct","Statement":"import shapely","SessionId":"0f552bec-ad97-4d62-8e6b-5f58f82cb32c","SnowConvertCoreVersion":"8.00.019","SnowparkVersion":"1.27.000","ElementPackage":"","CellId":"2","ExecutionId":"a1cbc006-17c0-4db1-a282-bccf0e51f12f","Origin":"ThirdPartyLib","Technology":"Python","FullName":""},{"Element":"math.sin","ProjectId":"notebook","FileId":"Sample_1. Pipeline Periodically - Usual Environment with Entropy.ipynb","Count":"1","Alias":"sin","Kind":"","Line":"4","PackageName":"math","IsSnowparkAnacondaSupported":"True","Automated":"","Status":"Direct","Statement":"from math import asin, atan2, cos, degrees, floor, radians, sin, sqrt","SessionId":"0f552bec-ad97-4d62-8e6b-5f58f82cb32c","SnowConvertCoreVersion":"8.00.019","SnowparkVersion":"1.27.000","ElementPackage":"","CellId":"5","ExecutionId":"a1cbc006-17c0-4db1-a282-bccf0e51f12f","Origin":"BuiltIn","Technology":"Python","FullName":""},{"Element":"geopy","ProjectId":"notebook","FileId":"Sample_2. Pipeline Periodically - Mobility Trip.ipynb","Count":"1","Alias":"geopy","Kind":"","Line":"7","PackageName":"","IsSnowparkAnacondaSupported":"True","Automated":"","Status":"Direct","Statement":"import geopy","SessionId":"0f552bec-ad97-4d62-8e6b-5f58f82cb32c","SnowConvertCoreVersion":"8.00.019","SnowparkVersion":"1.27.000","ElementPackage":"","CellId":"5","ExecutionId":"a1cbc006-17c0-4db1-a282-bccf0e51f12f","Origin":"ThirdPartyLib","Technology":"Python","FullName":""},{"Element":"os","ProjectId":"notebook","FileId":"Sample_1. Pipeline Periodically - Usual Environment with Entropy.ipynb","Count":"1","Alias":"os","Kind":"","Line":"2","PackageName":"","IsSnowparkAnacondaSupported":"True","Automated":"","Status":"Direct","Statement":"import os","SessionId":"0f552bec-ad97-4d62-8e6b-5f58f82cb32c","SnowConvertCoreVersion":"8.00.019","SnowparkVersion":"1.27.000","ElementPackage":"os.__init__","CellId":"5","ExecutionId":"a1cbc006-17c0-4db1-a282-bccf0e51f12f","Origin":"BuiltIn","Technology":"Python","FullName":"os"},{"Element":"pyspark.conf.SparkConf","ProjectId":"notebook","FileId":"Sample_1. Pipeline Periodically - Usual Environment with Entropy.ipynb","Count":"1","Alias":"SparkConf","Kind":"","Line":"15","PackageName":"pyspark.conf","IsSnowparkAnacondaSupported":"True","Automated":"","Status":"Transformation","Statement":"from pyspark.conf import SparkConf","SessionId":"0f552bec-ad97-4d62-8e6b-5f58f82cb32c","SnowConvertCoreVersion":"8.00.019","SnowparkVersion":"1.27.000","ElementPackage":"pyspark.conf","CellId":"5","ExecutionId":"a1cbc006-17c0-4db1-a282-bccf0e51f12f","Origin":"ThirdPartyLib","Technology":"Python","FullName":"pyspark.conf.SparkConf"},{"Element":"pyspark.sql.functions","ProjectId":"notebook","FileId":"Sample_3a. Pipeline Periodically - Tourism.ipynb","Count":"1","Alias":"F","Kind":"","Line":"17","PackageName":"pyspark.sql","IsSnowparkAnacondaSupported":"True","Automated":"","Status":"Transformation","Statement":"from pyspark.sql import functions as F","SessionId":"0f552bec-ad97-4d62-8e6b-5f58f82cb32c","SnowConvertCoreVersion":"8.00.019","SnowparkVersion":"1.27.000","ElementPackage":"pyspark.sql.functions","CellId":"5","ExecutionId":"a1cbc006-17c0-4db1-a282-bccf0e51f12f","Origin":"ThirdPartyLib","Technology":"Python","FullName":"pyspark.sql.functions"},{"Element":"os","ProjectId":"notebook","FileId":"Sample_3a. Pipeline Periodically - Tourism.ipynb","Count":"1","Alias":"os","Kind":"","Line":"2","PackageName":"","IsSnowparkAnacondaSupported":"True","Automated":"","Status":"Direct","Statement":"import os","SessionId":"0f552bec-ad97-4d62-8e6b-5f58f82cb32c","SnowConvertCoreVersion":"8.00.019","SnowparkVersion":"1.27.000","ElementPackage":"os.__init__","CellId":"5","ExecutionId":"a1cbc006-17c0-4db1-a282-bccf0e51f12f","Origin":"BuiltIn","Technology":"Python","FullName":"os"},{"Element":"pandas","ProjectId":"notebook","FileId":"Sample_1. Pipeline Periodically - Usual Environment with Entropy.ipynb","Count":"1","Alias":"pd","Kind":"","Line":"4","PackageName":"","IsSnowparkAnacondaSupported":"True","Automated":"","Status":"Transformation","Statement":"import pandas as pd","SessionId":"0f552bec-ad97-4d62-8e6b-5f58f82cb32c","SnowConvertCoreVersion":"8.00.019","SnowparkVersion":"1.27.000","ElementPackage":"pandas.__init__","CellId":"4","ExecutionId":"a1cbc006-17c0-4db1-a282-bccf0e51f12f","Origin":"ThirdPartyLib","Technology":"Python","FullName":"pandas"},{"Element":"pyspark.conf.SparkConf","ProjectId":"notebook","FileId":"Sample_3a. Pipeline Periodically - Tourism.ipynb","Count":"1","Alias":"SparkConf","Kind":"","Line":"15","PackageName":"pyspark.conf","IsSnowparkAnacondaSupported":"True","Automated":"","Status":"Transformation","Statement":"from pyspark.conf import SparkConf","SessionId":"0f552bec-ad97-4d62-8e6b-5f58f82cb32c","SnowConvertCoreVersion":"8.00.019","SnowparkVersion":"1.27.000","ElementPackage":"pyspark.conf","CellId":"5","ExecutionId":"a1cbc006-17c0-4db1-a282-bccf0e51f12f","Origin":"ThirdPartyLib","Technology":"Python","FullName":"pyspark.conf.SparkConf"},{"Element":"h3_pyspark","ProjectId":"notebook","FileId":"Sample_2. Pipeline Periodically - Mobility Trip.ipynb","Count":"1","Alias":"h3_pyspark","Kind":"","Line":"3","PackageName":"","IsSnowparkAnacondaSupported":"False","Automated":"","Status":"Invalid","Statement":"import h3_pyspark","SessionId":"0f552bec-ad97-4d62-8e6b-5f58f82cb32c","SnowConvertCoreVersion":"8.00.019","SnowparkVersion":"1.27.000","ElementPackage":"","CellId":"4","ExecutionId":"a1cbc006-17c0-4db1-a282-bccf0e51f12f","Origin":"Unknown","Technology":"Python","FullName":""},{"Element":"pyspark.sql.types.DateType","ProjectId":"notebook","FileId":"Sample_2. Pipeline Periodically - Mobility Trip.ipynb","Count":"1","Alias":"DateType","Kind":"","Line":"9","PackageName":"pyspark.sql.types","IsSnowparkAnacondaSupported":"True","Automated":"","Status":"Transformation","Statement":"from pyspark.sql.types import StructType, StructField, DoubleType, IntegerType, TimestampType, StringType, DateType","SessionId":"0f552bec-ad97-4d62-8e6b-5f58f82cb32c","SnowConvertCoreVersion":"8.00.019","SnowparkVersion":"1.27.000","ElementPackage":"pyspark.sql.types","CellId":"4","ExecutionId":"a1cbc006-17c0-4db1-a282-bccf0e51f12f","Origin":"ThirdPartyLib","Technology":"Python","FullName":"pyspark.sql.types.DateType"},{"Element":"datetime.datetime","ProjectId":"notebook","FileId":"Sample_2. Pipeline Periodically - Mobility Trip.ipynb","Count":"1","Alias":"datetime","Kind":"","Line":"10","PackageName":"datetime","IsSnowparkAnacondaSupported":"True","Automated":"","Status":"Direct","Statement":"from datetime import datetime, timedelta","SessionId":"0f552bec-ad97-4d62-8e6b-5f58f82cb32c","SnowConvertCoreVersion":"8.00.019","SnowparkVersion":"1.27.000","ElementPackage":"","CellId":"4","ExecutionId":"a1cbc006-17c0-4db1-a282-bccf0e51f12f","Origin":"BuiltIn","Technology":"Python","FullName":"datetime.datetime"},{"Element":"pyspark","ProjectId":"notebook","FileId":"Sample_2. Pipeline Periodically - Mobility Trip.ipynb","Count":"1","Alias":"pyspark","Kind":"","Line":"11","PackageName":"","IsSnowparkAnacondaSupported":"True","Automated":"","Status":"Transformation","Statement":"import pyspark","SessionId":"0f552bec-ad97-4d62-8e6b-5f58f82cb32c","SnowConvertCoreVersion":"8.00.019","SnowparkVersion":"1.27.000","ElementPackage":"pyspark.__init__","CellId":"5","ExecutionId":"a1cbc006-17c0-4db1-a282-bccf0e51f12f","Origin":"ThirdPartyLib","Technology":"Python","FullName":"pyspark"},{"Element":"numpy","ProjectId":"notebook","FileId":"Sample_1. Pipeline Periodically - Usual Environment with Entropy.ipynb","Count":"1","Alias":"numpy","Kind":"","Line":"1","PackageName":"","IsSnowparkAnacondaSupported":"True","Automated":"","Status":"Direct","Statement":"import numpy","SessionId":"0f552bec-ad97-4d62-8e6b-5f58f82cb32c","SnowConvertCoreVersion":"8.00.019","SnowparkVersion":"1.27.000","ElementPackage":"numpy.__init__","CellId":"2","ExecutionId":"a1cbc006-17c0-4db1-a282-bccf0e51f12f","Origin":"ThirdPartyLib","Technology":"Python","FullName":"numpy"},{"Element":"math.radians","ProjectId":"notebook","FileId":"Sample_1. Pipeline Periodically - Usual Environment with Entropy.ipynb","Count":"1","Alias":"radians","Kind":"","Line":"4","PackageName":"math","IsSnowparkAnacondaSupported":"True","Automated":"","Status":"Direct","Statement":"from math import asin, atan2, cos, degrees, floor, radians, sin, sqrt","SessionId":"0f552bec-ad97-4d62-8e6b-5f58f82cb32c","SnowConvertCoreVersion":"8.00.019","SnowparkVersion":"1.27.000","ElementPackage":"","CellId":"5","ExecutionId":"a1cbc006-17c0-4db1-a282-bccf0e51f12f","Origin":"BuiltIn","Technology":"Python","FullName":""},{"Element":"numpy","ProjectId":"notebook","FileId":"Sample_2. Pipeline Periodically - Mobility Trip.ipynb","Count":"1","Alias":"np","Kind":"","Line":"9","PackageName":"","IsSnowparkAnacondaSupported":"True","Automated":"","Status":"Direct","Statement":"import numpy as np","SessionId":"0f552bec-ad97-4d62-8e6b-5f58f82cb32c","SnowConvertCoreVersion":"8.00.019","SnowparkVersion":"1.27.000","ElementPackage":"numpy.__init__","CellId":"5","ExecutionId":"a1cbc006-17c0-4db1-a282-bccf0e51f12f","Origin":"ThirdPartyLib","Technology":"Python","FullName":"numpy"},{"Element":"sklearn","ProjectId":"notebook","FileId":"Sample_2. Pipeline Periodically - Mobility Trip.ipynb","Count":"1","Alias":"sklearn","Kind":"","Line":"5","PackageName":"","IsSnowparkAnacondaSupported":"False","Automated":"","Status":"Invalid","Statement":"import sklearn","SessionId":"0f552bec-ad97-4d62-8e6b-5f58f82cb32c","SnowConvertCoreVersion":"8.00.019","SnowparkVersion":"1.27.000","ElementPackage":"","CellId":"2","ExecutionId":"a1cbc006-17c0-4db1-a282-bccf0e51f12f","Origin":"Unknown","Technology":"Python","FullName":""},{"Element":"pyspark.sql.types.IntegerType","ProjectId":"notebook","FileId":"Sample_1. Pipeline Periodically - Usual Environment with Entropy.ipynb","Count":"1","Alias":"IntegerType","Kind":"","Line":"9","PackageName":"pyspark.sql.types","IsSnowparkAnacondaSupported":"True","Automated":"","Status":"Transformation","Statement":"from pyspark.sql.types import StructType, StructField, DoubleType, IntegerType, TimestampType, StringType, DateType","SessionId":"0f552bec-ad97-4d62-8e6b-5f58f82cb32c","SnowConvertCoreVersion":"8.00.019","SnowparkVersion":"1.27.000","ElementPackage":"pyspark.sql.types","CellId":"4","ExecutionId":"a1cbc006-17c0-4db1-a282-bccf0e51f12f","Origin":"ThirdPartyLib","Technology":"Python","FullName":"pyspark.sql.types.IntegerType"},{"Element":"pyproj","ProjectId":"notebook","FileId":"Sample_3a. Pipeline Periodically - Tourism.ipynb","Count":"1","Alias":"pyproj","Kind":"","Line":"3","PackageName":"","IsSnowparkAnacondaSupported":"True","Automated":"","Status":"Direct","Statement":"import pyproj","SessionId":"0f552bec-ad97-4d62-8e6b-5f58f82cb32c","SnowConvertCoreVersion":"8.00.019","SnowparkVersion":"1.27.000","ElementPackage":"","CellId":"2","ExecutionId":"a1cbc006-17c0-4db1-a282-bccf0e51f12f","Origin":"ThirdPartyLib","Technology":"Python","FullName":""},{"Element":"pyspark.sql.types.TimestampType","ProjectId":"notebook","FileId":"Sample_2. Pipeline Periodically - Mobility Trip.ipynb","Count":"1","Alias":"TimestampType","Kind":"","Line":"9","PackageName":"pyspark.sql.types","IsSnowparkAnacondaSupported":"True","Automated":"","Status":"Transformation","Statement":"from pyspark.sql.types import StructType, StructField, DoubleType, IntegerType, TimestampType, StringType, DateType","SessionId":"0f552bec-ad97-4d62-8e6b-5f58f82cb32c","SnowConvertCoreVersion":"8.00.019","SnowparkVersion":"1.27.000","ElementPackage":"pyspark.sql.types","CellId":"4","ExecutionId":"a1cbc006-17c0-4db1-a282-bccf0e51f12f","Origin":"ThirdPartyLib","Technology":"Python","FullName":"pyspark.sql.types.TimestampType"},{"Element":"math.degrees","ProjectId":"notebook","FileId":"Sample_2. Pipeline Periodically - Mobility Trip.ipynb","Count":"1","Alias":"degrees","Kind":"","Line":"4","PackageName":"math","IsSnowparkAnacondaSupported":"True","Automated":"","Status":"Direct","Statement":"from math import asin, atan2, cos, degrees, floor, radians, sin, sqrt","SessionId":"0f552bec-ad97-4d62-8e6b-5f58f82cb32c","SnowConvertCoreVersion":"8.00.019","SnowparkVersion":"1.27.000","ElementPackage":"","CellId":"5","ExecutionId":"a1cbc006-17c0-4db1-a282-bccf0e51f12f","Origin":"BuiltIn","Technology":"Python","FullName":""},{"Element":"logging","ProjectId":"notebook","FileId":"Sample_3a. Pipeline Periodically - Tourism.ipynb","Count":"1","Alias":"logging","Kind":"","Line":"1","PackageName":"","IsSnowparkAnacondaSupported":"True","Automated":"","Status":"Direct","Statement":"import logging","SessionId":"0f552bec-ad97-4d62-8e6b-5f58f82cb32c","SnowConvertCoreVersion":"8.00.019","SnowparkVersion":"1.27.000","ElementPackage":"","CellId":"16","ExecutionId":"a1cbc006-17c0-4db1-a282-bccf0e51f12f","Origin":"BuiltIn","Technology":"Python","FullName":""},{"Element":"pyspark.sql.functions.lead","ProjectId":"notebook","FileId":"Sample_2. Pipeline Periodically - Mobility Trip.ipynb","Count":"1","Alias":"lead","Kind":"","Line":"7","PackageName":"pyspark.sql.functions","IsSnowparkAnacondaSupported":"True","Automated":"","Status":"Transformation","Statement":"from pyspark.sql.functions import col, lag, lead","SessionId":"0f552bec-ad97-4d62-8e6b-5f58f82cb32c","SnowConvertCoreVersion":"8.00.019","SnowparkVersion":"1.27.000","ElementPackage":"pyspark.sql.functions","CellId":"4","ExecutionId":"a1cbc006-17c0-4db1-a282-bccf0e51f12f","Origin":"ThirdPartyLib","Technology":"Python","FullName":"pyspark.sql.functions.lead"},{"Element":"pyspark.sql.types","ProjectId":"notebook","FileId":"Sample_2. Pipeline Periodically - Mobility Trip.ipynb","Count":"1","Alias":"T","Kind":"","Line":"18","PackageName":"pyspark.sql","IsSnowparkAnacondaSupported":"True","Automated":"","Status":"Transformation","Statement":"from pyspark.sql import types as T","SessionId":"0f552bec-ad97-4d62-8e6b-5f58f82cb32c","SnowConvertCoreVersion":"8.00.019","SnowparkVersion":"1.27.000","ElementPackage":"pyspark.sql.types","CellId":"5","ExecutionId":"a1cbc006-17c0-4db1-a282-bccf0e51f12f","Origin":"ThirdPartyLib","Technology":"Python","FullName":"pyspark.sql.types"},{"Element":"datetime.datetime","ProjectId":"notebook","FileId":"Sample_3a. Pipeline Periodically - Tourism.ipynb","Count":"1","Alias":"datetime","Kind":"","Line":"10","PackageName":"datetime","IsSnowparkAnacondaSupported":"True","Automated":"","Status":"Direct","Statement":"from datetime import datetime, timedelta","SessionId":"0f552bec-ad97-4d62-8e6b-5f58f82cb32c","SnowConvertCoreVersion":"8.00.019","SnowparkVersion":"1.27.000","ElementPackage":"","CellId":"4","ExecutionId":"a1cbc006-17c0-4db1-a282-bccf0e51f12f","Origin":"BuiltIn","Technology":"Python","FullName":"datetime.datetime"},{"Element":"pyspark","ProjectId":"notebook","FileId":"Sample_3a. Pipeline Periodically - Tourism.ipynb","Count":"1","Alias":"pyspark","Kind":"","Line":"11","PackageName":"","IsSnowparkAnacondaSupported":"True","Automated":"","Status":"Transformation","Statement":"import pyspark","SessionId":"0f552bec-ad97-4d62-8e6b-5f58f82cb32c","SnowConvertCoreVersion":"8.00.019","SnowparkVersion":"1.27.000","ElementPackage":"pyspark.__init__","CellId":"5","ExecutionId":"a1cbc006-17c0-4db1-a282-bccf0e51f12f","Origin":"ThirdPartyLib","Technology":"Python","FullName":"pyspark"},{"Element":"pyspark.sql.types.StructField","ProjectId":"notebook","FileId":"Sample_1. Pipeline Periodically - Usual Environment with Entropy.ipynb","Count":"1","Alias":"StructField","Kind":"","Line":"9","PackageName":"pyspark.sql.types","IsSnowparkAnacondaSupported":"True","Automated":"","Status":"Transformation","Statement":"from pyspark.sql.types import StructType, StructField, DoubleType, IntegerType, TimestampType, StringType, DateType","SessionId":"0f552bec-ad97-4d62-8e6b-5f58f82cb32c","SnowConvertCoreVersion":"8.00.019","SnowparkVersion":"1.27.000","ElementPackage":"pyspark.sql.types","CellId":"4","ExecutionId":"a1cbc006-17c0-4db1-a282-bccf0e51f12f","Origin":"ThirdPartyLib","Technology":"Python","FullName":"pyspark.sql.types.StructField"},{"Element":"pyspark.sql.DataFrame","ProjectId":"notebook","FileId":"Sample_3a. Pipeline Periodically - Tourism.ipynb","Count":"1","Alias":"DataFrame","Kind":"","Line":"16","PackageName":"pyspark.sql","IsSnowparkAnacondaSupported":"True","Automated":"","Status":"Transformation","Statement":"from pyspark.sql import DataFrame, SparkSession","SessionId":"0f552bec-ad97-4d62-8e6b-5f58f82cb32c","SnowConvertCoreVersion":"8.00.019","SnowparkVersion":"1.27.000","ElementPackage":"pyspark.sql.dataframe","CellId":"5","ExecutionId":"a1cbc006-17c0-4db1-a282-bccf0e51f12f","Origin":"ThirdPartyLib","Technology":"Python","FullName":"pyspark.sql.dataframe.DataFrame"},{"Element":"pyspark.sql.types.StructField","ProjectId":"notebook","FileId":"Sample_3a. Pipeline Periodically - Tourism.ipynb","Count":"1","Alias":"StructField","Kind":"","Line":"9","PackageName":"pyspark.sql.types","IsSnowparkAnacondaSupported":"True","Automated":"","Status":"Transformation","Statement":"from pyspark.sql.types import StructType, StructField, DoubleType, IntegerType, TimestampType, StringType, DateType","SessionId":"0f552bec-ad97-4d62-8e6b-5f58f82cb32c","SnowConvertCoreVersion":"8.00.019","SnowparkVersion":"1.27.000","ElementPackage":"pyspark.sql.types","CellId":"4","ExecutionId":"a1cbc006-17c0-4db1-a282-bccf0e51f12f","Origin":"ThirdPartyLib","Technology":"Python","FullName":"pyspark.sql.types.StructField"},{"Element":"math.asin","ProjectId":"notebook","FileId":"Sample_1. Pipeline Periodically - Usual Environment with Entropy.ipynb","Count":"1","Alias":"asin","Kind":"","Line":"4","PackageName":"math","IsSnowparkAnacondaSupported":"True","Automated":"","Status":"Direct","Statement":"from math import asin, atan2, cos, degrees, floor, radians, sin, sqrt","SessionId":"0f552bec-ad97-4d62-8e6b-5f58f82cb32c","SnowConvertCoreVersion":"8.00.019","SnowparkVersion":"1.27.000","ElementPackage":"","CellId":"5","ExecutionId":"a1cbc006-17c0-4db1-a282-bccf0e51f12f","Origin":"BuiltIn","Technology":"Python","FullName":""},{"Element":"sklearn","ProjectId":"notebook","FileId":"Sample_3a. Pipeline Periodically - Tourism.ipynb","Count":"1","Alias":"sklearn","Kind":"","Line":"5","PackageName":"","IsSnowparkAnacondaSupported":"False","Automated":"","Status":"Invalid","Statement":"import sklearn","SessionId":"0f552bec-ad97-4d62-8e6b-5f58f82cb32c","SnowConvertCoreVersion":"8.00.019","SnowparkVersion":"1.27.000","ElementPackage":"","CellId":"2","ExecutionId":"a1cbc006-17c0-4db1-a282-bccf0e51f12f","Origin":"Unknown","Technology":"Python","FullName":""},{"Element":"pyspark.SparkContext","ProjectId":"notebook","FileId":"Sample_3a. Pipeline Periodically - Tourism.ipynb","Count":"1","Alias":"SparkContext","Kind":"","Line":"14","PackageName":"pyspark","IsSnowparkAnacondaSupported":"True","Automated":"","Status":"Transformation","Statement":"from pyspark import SparkContext","SessionId":"0f552bec-ad97-4d62-8e6b-5f58f82cb32c","SnowConvertCoreVersion":"8.00.019","SnowparkVersion":"1.27.000","ElementPackage":"pyspark.context","CellId":"5","ExecutionId":"a1cbc006-17c0-4db1-a282-bccf0e51f12f","Origin":"ThirdPartyLib","Technology":"Python","FullName":"pyspark.context.SparkContext"},{"Element":"math.asin","ProjectId":"notebook","FileId":"Sample_3a. Pipeline Periodically - Tourism.ipynb","Count":"1","Alias":"asin","Kind":"","Line":"4","PackageName":"math","IsSnowparkAnacondaSupported":"True","Automated":"","Status":"Direct","Statement":"from math import asin, atan2, cos, degrees, floor, radians, sin, sqrt","SessionId":"0f552bec-ad97-4d62-8e6b-5f58f82cb32c","SnowConvertCoreVersion":"8.00.019","SnowparkVersion":"1.27.000","ElementPackage":"","CellId":"5","ExecutionId":"a1cbc006-17c0-4db1-a282-bccf0e51f12f","Origin":"BuiltIn","Technology":"Python","FullName":""},{"Element":"pyspark.sql.types.TimestampType","ProjectId":"notebook","FileId":"Sample_3a. Pipeline Periodically - Tourism.ipynb","Count":"1","Alias":"TimestampType","Kind":"","Line":"9","PackageName":"pyspark.sql.types","IsSnowparkAnacondaSupported":"True","Automated":"","Status":"Transformation","Statement":"from pyspark.sql.types import StructType, StructField, DoubleType, IntegerType, TimestampType, StringType, DateType","SessionId":"0f552bec-ad97-4d62-8e6b-5f58f82cb32c","SnowConvertCoreVersion":"8.00.019","SnowparkVersion":"1.27.000","ElementPackage":"pyspark.sql.types","CellId":"4","ExecutionId":"a1cbc006-17c0-4db1-a282-bccf0e51f12f","Origin":"ThirdPartyLib","Technology":"Python","FullName":"pyspark.sql.types.TimestampType"},{"Element":"datetime.timedelta","ProjectId":"notebook","FileId":"Sample_1. Pipeline Periodically - Usual Environment with Entropy.ipynb","Count":"1","Alias":"timedelta","Kind":"","Line":"10","PackageName":"datetime","IsSnowparkAnacondaSupported":"True","Automated":"","Status":"Direct","Statement":"from datetime import datetime, timedelta","SessionId":"0f552bec-ad97-4d62-8e6b-5f58f82cb32c","SnowConvertCoreVersion":"8.00.019","SnowparkVersion":"1.27.000","ElementPackage":"","CellId":"4","ExecutionId":"a1cbc006-17c0-4db1-a282-bccf0e51f12f","Origin":"BuiltIn","Technology":"Python","FullName":"datetime.timedelta"},{"Element":"math.degrees","ProjectId":"notebook","FileId":"Sample_3a. Pipeline Periodically - Tourism.ipynb","Count":"1","Alias":"degrees","Kind":"","Line":"4","PackageName":"math","IsSnowparkAnacondaSupported":"True","Automated":"","Status":"Direct","Statement":"from math import asin, atan2, cos, degrees, floor, radians, sin, sqrt","SessionId":"0f552bec-ad97-4d62-8e6b-5f58f82cb32c","SnowConvertCoreVersion":"8.00.019","SnowparkVersion":"1.27.000","ElementPackage":"","CellId":"5","ExecutionId":"a1cbc006-17c0-4db1-a282-bccf0e51f12f","Origin":"BuiltIn","Technology":"Python","FullName":""}]