[{"Element":"Sample_1. Pipeline Periodically - Usual Environment with Entropy.ipynb","ProjectId":"notebook","FileId":"Sample_1. Pipeline Periodically - Usual Environment with Entropy.ipynb","Count":"1","SessionId":"0f552bec-ad97-4d62-8e6b-5f58f82cb32c","Extension":".ipynb","Technology":"JupyterNotebook","Bytes":"84008","CharacterLength":"84007","LinesOfCode":"222","ParseResult":"Success","Ignored":"False","OriginFilePath":""},{"Element":"Tsel Use Case 2 Conversion.snowma","ProjectId":"notebook","FileId":"Tsel Use Case 2 Conversion.snowma","Count":"1","SessionId":"0f552bec-ad97-4d62-8e6b-5f58f82cb32c","Extension":".snowma","Technology":"Other","Bytes":"3857","CharacterLength":"0","LinesOfCode":"0","ParseResult":"Error","Ignored":"True","OriginFilePath":""},{"Element":"Sample_3a. Pipeline Periodically - Tourism.ipynb","ProjectId":"notebook","FileId":"Sample_3a. Pipeline Periodically - Tourism.ipynb","Count":"1","SessionId":"0f552bec-ad97-4d62-8e6b-5f58f82cb32c","Extension":".ipynb","Technology":"JupyterNotebook","Bytes":"114007","CharacterLength":"114007","LinesOfCode":"271","ParseResult":"Success","Ignored":"False","OriginFilePath":""},{"Element":"Sample_2. Pipeline Periodically - Mobility Trip.ipynb","ProjectId":"notebook","FileId":"Sample_2. Pipeline Periodically - Mobility Trip.ipynb","Count":"1","SessionId":"0f552bec-ad97-4d62-8e6b-5f58f82cb32c","Extension":".ipynb","Technology":"JupyterNotebook","Bytes":"240273","CharacterLength":"240273","LinesOfCode":"340","ParseResult":"Success","Ignored":"False","OriginFilePath":""}]