[{"Element":"pnt_bps_int_stg.data_cerdas_mobility_trip_sample","ProjectId":"notebook","FileId":"Sample_2. Pipeline Periodically - Mobility Trip.ipynb","Count":"1","IsLiteral":"True","Format":"Undefined","FormatType":"Specific","Mode":"Read","Supported":"False","Line":"33","SessionId":"0f552bec-ad97-4d62-8e6b-5f58f82cb32c","OptionSettings":"","CellId":"24","ExecutionId":"a1cbc006-17c0-4db1-a282-bccf0e51f12f"},{"Element":"execute_month","ProjectId":"notebook","FileId":"Sample_2. Pipeline Periodically - Mobility Trip.ipynb","Count":"1","IsLiteral":"True","Format":"Undefined","FormatType":"Specific","Mode":"Write","Supported":"False","Line":"18","SessionId":"0f552bec-ad97-4d62-8e6b-5f58f82cb32c","OptionSettings":"","CellId":"20","ExecutionId":"a1cbc006-17c0-4db1-a282-bccf0e51f12f"},{"Element":"pnt_bps_int.data_cerdas_ue_monthly_sample","ProjectId":"notebook","FileId":"Sample_1. Pipeline Periodically - Usual Environment with Entropy.ipynb","Count":"1","IsLiteral":"True","Format":"Undefined","FormatType":"Specific","Mode":"Read","Supported":"False","Line":"1","SessionId":"0f552bec-ad97-4d62-8e6b-5f58f82cb32c","OptionSettings":"","CellId":"21","ExecutionId":"a1cbc006-17c0-4db1-a282-bccf0e51f12f"},{"Element":"pe_bps.wisnus_sample5_staypoint_2024","ProjectId":"notebook","FileId":"Sample_2. Pipeline Periodically - Mobility Trip.ipynb","Count":"1","IsLiteral":"True","Format":"Undefined","FormatType":"Specific","Mode":"Read","Supported":"False","Line":"2","SessionId":"0f552bec-ad97-4d62-8e6b-5f58f82cb32c","OptionSettings":"","CellId":"15","ExecutionId":"a1cbc006-17c0-4db1-a282-bccf0e51f12f"},{"Element":"pnt_bps_int.data_cerdas_ue_monthly_sample","ProjectId":"notebook","FileId":"Sample_1. Pipeline Periodically - Usual Environment with Entropy.ipynb","Count":"1","IsLiteral":"True","Format":"Undefined","FormatType":"Specific","Mode":"Read","Supported":"False","Line":"1","SessionId":"0f552bec-ad97-4d62-8e6b-5f58f82cb32c","OptionSettings":"","CellId":"30","ExecutionId":"a1cbc006-17c0-4db1-a282-bccf0e51f12f"},{"Element":"pnt_bps_int.data_cerdas_ue_sample","ProjectId":"notebook","FileId":"Sample_2. Pipeline Periodically - Mobility Trip.ipynb","Count":"1","IsLiteral":"True","Format":"Undefined","FormatType":"Specific","Mode":"Read","Supported":"False","Line":"6","SessionId":"0f552bec-ad97-4d62-8e6b-5f58f82cb32c","OptionSettings":"","CellId":"15","ExecutionId":"a1cbc006-17c0-4db1-a282-bccf0e51f12f"},{"Element":"pnt_bps_int_stg.data_cerdas_mobility_trip_sample","ProjectId":"notebook","FileId":"Sample_3a. Pipeline Periodically - Tourism.ipynb","Count":"1","IsLiteral":"True","Format":"Undefined","FormatType":"Specific","Mode":"Read","Supported":"False","Line":"1","SessionId":"0f552bec-ad97-4d62-8e6b-5f58f82cb32c","OptionSettings":"","CellId":"14","ExecutionId":"a1cbc006-17c0-4db1-a282-bccf0e51f12f"},{"Element":"append","ProjectId":"notebook","FileId":"Sample_2. Pipeline Periodically - Mobility Trip.ipynb","Count":"1","IsLiteral":"True","Format":"Undefined","FormatType":"Specific","Mode":"Write","Supported":"False","Line":"18","SessionId":"0f552bec-ad97-4d62-8e6b-5f58f82cb32c","OptionSettings":"","CellId":"20","ExecutionId":"a1cbc006-17c0-4db1-a282-bccf0e51f12f"},{"Element":"pnt_bps_int_stg.data_cerdas_tourism_sample","ProjectId":"notebook","FileId":"Sample_3a. Pipeline Periodically - Tourism.ipynb","Count":"1","IsLiteral":"True","Format":"Undefined","FormatType":"Specific","Mode":"Write","Supported":"False","Line":"5","SessionId":"0f552bec-ad97-4d62-8e6b-5f58f82cb32c","OptionSettings":"","CellId":"18","ExecutionId":"a1cbc006-17c0-4db1-a282-bccf0e51f12f"},{"Element":"pnt_bps_int_stg.data_cerdas_mobility_trip_sample","ProjectId":"notebook","FileId":"Sample_2. Pipeline Periodically - Mobility Trip.ipynb","Count":"1","IsLiteral":"True","Format":"Undefined","FormatType":"Specific","Mode":"Read","Supported":"False","Line":"1","SessionId":"0f552bec-ad97-4d62-8e6b-5f58f82cb32c","OptionSettings":"","CellId":"23","ExecutionId":"a1cbc006-17c0-4db1-a282-bccf0e51f12f"},{"Element":"pnt_bps_int.data_cerdas_ue_monthly_sample","ProjectId":"notebook","FileId":"Sample_1. Pipeline Periodically - Usual Environment with Entropy.ipynb","Count":"1","IsLiteral":"True","Format":"Undefined","FormatType":"Specific","Mode":"Write","Supported":"False","Line":"11","SessionId":"0f552bec-ad97-4d62-8e6b-5f58f82cb32c","OptionSettings":"","CellId":"16","ExecutionId":"a1cbc006-17c0-4db1-a282-bccf0e51f12f"},{"Element":"pnt_bps_int_stg.data_cerdas_tourism_sample","ProjectId":"notebook","FileId":"Sample_3a. Pipeline Periodically - Tourism.ipynb","Count":"1","IsLiteral":"True","Format":"Undefined","FormatType":"Specific","Mode":"Read","Supported":"False","Line":"1","SessionId":"0f552bec-ad97-4d62-8e6b-5f58f82cb32c","OptionSettings":"","CellId":"21","ExecutionId":"a1cbc006-17c0-4db1-a282-bccf0e51f12f"},{"Element":"append","ProjectId":"notebook","FileId":"Sample_1. Pipeline Periodically - Usual Environment with Entropy.ipynb","Count":"1","IsLiteral":"True","Format":"Undefined","FormatType":"Specific","Mode":"Write","Supported":"False","Line":"11","SessionId":"0f552bec-ad97-4d62-8e6b-5f58f82cb32c","OptionSettings":"","CellId":"16","ExecutionId":"a1cbc006-17c0-4db1-a282-bccf0e51f12f"},{"Element":"pnt_bps_int_stg.data_cerdas_mobility_trip_sample","ProjectId":"notebook","FileId":"Sample_2. Pipeline Periodically - Mobility Trip.ipynb","Count":"1","IsLiteral":"True","Format":"Undefined","FormatType":"Specific","Mode":"Write","Supported":"False","Line":"18","SessionId":"0f552bec-ad97-4d62-8e6b-5f58f82cb32c","OptionSettings":"","CellId":"20","ExecutionId":"a1cbc006-17c0-4db1-a282-bccf0e51f12f"},{"Element":"append","ProjectId":"notebook","FileId":"Sample_1. Pipeline Periodically - Usual Environment with Entropy.ipynb","Count":"1","IsLiteral":"True","Format":"Undefined","FormatType":"Specific","Mode":"Write","Supported":"False","Line":"16","SessionId":"0f552bec-ad97-4d62-8e6b-5f58f82cb32c","OptionSettings":"","CellId":"27","ExecutionId":"a1cbc006-17c0-4db1-a282-bccf0e51f12f"},{"Element":"pnt_bps_int.data_cerdas_ue_sample","ProjectId":"notebook","FileId":"Sample_1. Pipeline Periodically - Usual Environment with Entropy.ipynb","Count":"1","IsLiteral":"True","Format":"Undefined","FormatType":"Specific","Mode":"Read","Supported":"False","Line":"1","SessionId":"0f552bec-ad97-4d62-8e6b-5f58f82cb32c","OptionSettings":"","CellId":"35","ExecutionId":"a1cbc006-17c0-4db1-a282-bccf0e51f12f"},{"Element":"pnt_bps_int_stg.inbound_sample5_lbs_2024","ProjectId":"notebook","FileId":"Sample_2. Pipeline Periodically - Mobility Trip.ipynb","Count":"1","IsLiteral":"True","Format":"Undefined","FormatType":"Specific","Mode":"Read","Supported":"False","Line":"4","SessionId":"0f552bec-ad97-4d62-8e6b-5f58f82cb32c","OptionSettings":"","CellId":"15","ExecutionId":"a1cbc006-17c0-4db1-a282-bccf0e51f12f"},{"Element":"pnt_bps_int.data_cerdas_ue_sample","ProjectId":"notebook","FileId":"Sample_1. Pipeline Periodically - Usual Environment with Entropy.ipynb","Count":"1","IsLiteral":"True","Format":"Undefined","FormatType":"Specific","Mode":"Write","Supported":"False","Line":"16","SessionId":"0f552bec-ad97-4d62-8e6b-5f58f82cb32c","OptionSettings":"","CellId":"27","ExecutionId":"a1cbc006-17c0-4db1-a282-bccf0e51f12f"},{"Element":"event_month","ProjectId":"notebook","FileId":"Sample_1. Pipeline Periodically - Usual Environment with Entropy.ipynb","Count":"1","IsLiteral":"True","Format":"Undefined","FormatType":"Specific","Mode":"Write","Supported":"False","Line":"16","SessionId":"0f552bec-ad97-4d62-8e6b-5f58f82cb32c","OptionSettings":"","CellId":"27","ExecutionId":"a1cbc006-17c0-4db1-a282-bccf0e51f12f"},{"Element":"pnt_bps_int_stg.data_cerdas_mobility_trip_sample","ProjectId":"notebook","FileId":"Sample_3a. Pipeline Periodically - Tourism.ipynb","Count":"1","IsLiteral":"True","Format":"Undefined","FormatType":"Specific","Mode":"Read","Supported":"False","Line":"1","SessionId":"0f552bec-ad97-4d62-8e6b-5f58f82cb32c","OptionSettings":"","CellId":"24","ExecutionId":"a1cbc006-17c0-4db1-a282-bccf0e51f12f"},{"Element":"execute_month","ProjectId":"notebook","FileId":"Sample_3a. Pipeline Periodically - Tourism.ipynb","Count":"1","IsLiteral":"True","Format":"Undefined","FormatType":"Specific","Mode":"Write","Supported":"False","Line":"5","SessionId":"0f552bec-ad97-4d62-8e6b-5f58f82cb32c","OptionSettings":"","CellId":"18","ExecutionId":"a1cbc006-17c0-4db1-a282-bccf0e51f12f"},{"Element":"month","ProjectId":"notebook","FileId":"Sample_1. Pipeline Periodically - Usual Environment with Entropy.ipynb","Count":"1","IsLiteral":"True","Format":"Undefined","FormatType":"Specific","Mode":"Write","Supported":"False","Line":"11","SessionId":"0f552bec-ad97-4d62-8e6b-5f58f82cb32c","OptionSettings":"","CellId":"16","ExecutionId":"a1cbc006-17c0-4db1-a282-bccf0e51f12f"},{"Element":"pnt_bps_int.data_cerdas_ue_monthly_sample","ProjectId":"notebook","FileId":"Sample_1. Pipeline Periodically - Usual Environment with Entropy.ipynb","Count":"1","IsLiteral":"True","Format":"Undefined","FormatType":"Specific","Mode":"Read","Supported":"False","Line":"1","SessionId":"0f552bec-ad97-4d62-8e6b-5f58f82cb32c","OptionSettings":"","CellId":"18","ExecutionId":"a1cbc006-17c0-4db1-a282-bccf0e51f12f"},{"Element":"pe_bps.indonesia_h3_38prov","ProjectId":"notebook","FileId":"Sample_2. Pipeline Periodically - Mobility Trip.ipynb","Count":"1","IsLiteral":"True","Format":"Undefined","FormatType":"Specific","Mode":"Read","Supported":"False","Line":"23","SessionId":"0f552bec-ad97-4d62-8e6b-5f58f82cb32c","OptionSettings":"","CellId":"15","ExecutionId":"a1cbc006-17c0-4db1-a282-bccf0e51f12f"},{"Element":"pe_bps.indonesia_h3_38prov","ProjectId":"notebook","FileId":"Sample_1. Pipeline Periodically - Usual Environment with Entropy.ipynb","Count":"1","IsLiteral":"True","Format":"Undefined","FormatType":"Specific","Mode":"Read","Supported":"False","Line":"4","SessionId":"0f552bec-ad97-4d62-8e6b-5f58f82cb32c","OptionSettings":"","CellId":"11","ExecutionId":"a1cbc006-17c0-4db1-a282-bccf0e51f12f"},{"Element":"pe_bps.wisnus_sample5_lbs_2024","ProjectId":"notebook","FileId":"Sample_1. Pipeline Periodically - Usual Environment with Entropy.ipynb","Count":"1","IsLiteral":"True","Format":"Undefined","FormatType":"Specific","Mode":"Read","Supported":"False","Line":"6","SessionId":"0f552bec-ad97-4d62-8e6b-5f58f82cb32c","OptionSettings":"","CellId":"11","ExecutionId":"a1cbc006-17c0-4db1-a282-bccf0e51f12f"},{"Element":"append","ProjectId":"notebook","FileId":"Sample_3a. Pipeline Periodically - Tourism.ipynb","Count":"1","IsLiteral":"True","Format":"Undefined","FormatType":"Specific","Mode":"Write","Supported":"False","Line":"5","SessionId":"0f552bec-ad97-4d62-8e6b-5f58f82cb32c","OptionSettings":"","CellId":"18","ExecutionId":"a1cbc006-17c0-4db1-a282-bccf0e51f12f"}]