[{"Element":"Sample_1. Pipeline Periodically - Usual Environment with Entropy.ipynb","ProjectId":"notebook","FileId":"Sample_1. Pipeline Periodically - Usual Environment with Entropy.ipynb","Count":"1","PythonLOC":"222","ScalaLOC":"0","SqlLOC":"0","Line":"","SessionId":"0f552bec-ad97-4d62-8e6b-5f58f82cb32c","ExecutionId":"a1cbc006-17c0-4db1-a282-bccf0e51f12f"},{"Element":"Sample_3a. Pipeline Periodically - Tourism.ipynb","ProjectId":"notebook","FileId":"Sample_3a. Pipeline Periodically - Tourism.ipynb","Count":"1","PythonLOC":"271","ScalaLOC":"0","SqlLOC":"0","Line":"","SessionId":"0f552bec-ad97-4d62-8e6b-5f58f82cb32c","ExecutionId":"a1cbc006-17c0-4db1-a282-bccf0e51f12f"},{"Element":"Sample_2. Pipeline Periodically - Mobility Trip.ipynb","ProjectId":"notebook","FileId":"Sample_2. Pipeline Periodically - Mobility Trip.ipynb","Count":"1","PythonLOC":"340","ScalaLOC":"0","SqlLOC":"0","Line":"","SessionId":"0f552bec-ad97-4d62-8e6b-5f58f82cb32c","ExecutionId":"a1cbc006-17c0-4db1-a282-bccf0e51f12f"}]