[{"Code":"SPRKPY1032","NotificationArgs":"pandas.__version__ is not defined¢ConversionError¢NodeType: Snowflake.SnowConvert.Python.AST.PyTailDotName¢ParentFile: Sample_2. Pipeline Periodically - Mobility Trip.ipynb","FileId":"Sample_2. Pipeline Periodically - Mobility Trip.ipynb","ProjectId":"notebook","Line":"2","Column":"13"},{"Code":"SPRKPY1032","NotificationArgs":"pandas.__version__ is not defined¢ConversionError¢NodeType: Snowflake.SnowConvert.Python.AST.PyTailDotName¢ParentFile: Sample_1. Pipeline Periodically - Usual Environment with Entropy.ipynb","FileId":"Sample_1. Pipeline Periodically - Usual Environment with Entropy.ipynb","ProjectId":"notebook","Line":"2","Column":"13"},{"Code":"SPRKPY1032","NotificationArgs":"pandas.__version__ is not defined¢ConversionError¢NodeType: Snowflake.SnowConvert.Python.AST.PyTailDotName¢ParentFile: Sample_3a. Pipeline Periodically - Tourism.ipynb","FileId":"Sample_3a. Pipeline Periodically - Tourism.ipynb","ProjectId":"notebook","Line":"2","Column":"13"},{"Code":"PNDSPY1003","NotificationArgs":"pandas.set_option is not recognized, Pandas element is not recognized yet.¢ConversionError¢NodeType: Snowflake.SnowConvert.Python.AST.PyFuncCall¢ParentFile: Sample_3a. Pipeline Periodically - Tourism.ipynb","FileId":"Sample_3a. Pipeline Periodically - Tourism.ipynb","ProjectId":"notebook","Line":"14","Column":"4"},{"Code":"PNDSPY1003","NotificationArgs":"pandas.set_option is not recognized, Pandas element is not recognized yet.¢ConversionError¢NodeType: Snowflake.SnowConvert.Python.AST.PyFuncCall¢ParentFile: Sample_2. Pipeline Periodically - Mobility Trip.ipynb","FileId":"Sample_2. Pipeline Periodically - Mobility Trip.ipynb","ProjectId":"notebook","Line":"14","Column":"4"},{"Code":"PNDSPY1003","NotificationArgs":"pandas.set_option is not recognized, Pandas element is not recognized yet.¢ConversionError¢NodeType: Snowflake.SnowConvert.Python.AST.PyFuncCall¢ParentFile: Sample_1. Pipeline Periodically - Usual Environment with Entropy.ipynb","FileId":"Sample_1. Pipeline Periodically - Usual Environment with Entropy.ipynb","ProjectId":"notebook","Line":"14","Column":"4"},{"Code":"PNDSPY1003","NotificationArgs":"pandas.set_option is not recognized, Pandas element is not recognized yet.¢ConversionError¢NodeType: Snowflake.SnowConvert.Python.AST.PyFuncCall¢ParentFile: Sample_3a. Pipeline Periodically - Tourism.ipynb","FileId":"Sample_3a. Pipeline Periodically - Tourism.ipynb","ProjectId":"notebook","Line":"15","Column":"4"},{"Code":"PNDSPY1003","NotificationArgs":"pandas.set_option is not recognized, Pandas element is not recognized yet.¢ConversionError¢NodeType: Snowflake.SnowConvert.Python.AST.PyFuncCall¢ParentFile: Sample_2. Pipeline Periodically - Mobility Trip.ipynb","FileId":"Sample_2. Pipeline Periodically - Mobility Trip.ipynb","ProjectId":"notebook","Line":"15","Column":"4"},{"Code":"PNDSPY1003","NotificationArgs":"pandas.set_option is not recognized, Pandas element is not recognized yet.¢ConversionError¢NodeType: Snowflake.SnowConvert.Python.AST.PyFuncCall¢ParentFile: Sample_1. Pipeline Periodically - Usual Environment with Entropy.ipynb","FileId":"Sample_1. Pipeline Periodically - Usual Environment with Entropy.ipynb","ProjectId":"notebook","Line":"15","Column":"4"},{"Code":"SPRKPY1002","NotificationArgs":"pyspark.conf.SparkConf is not supported¢ConversionError¢NodeType: Snowflake.SnowConvert.Python.AST.PyImportFromDotName¢ParentFile: Sample_3a. Pipeline Periodically - Tourism.ipynb","FileId":"Sample_3a. Pipeline Periodically - Tourism.ipynb","ProjectId":"notebook","Line":"15","Column":"1"},{"Code":"SPRKPY1002","NotificationArgs":"pyspark.conf.SparkConf is not supported¢ConversionError¢NodeType: Snowflake.SnowConvert.Python.AST.PyImportFromDotName¢ParentFile: Sample_1. Pipeline Periodically - Usual Environment with Entropy.ipynb","FileId":"Sample_1. Pipeline Periodically - Usual Environment with Entropy.ipynb","ProjectId":"notebook","Line":"15","Column":"1"},{"Code":"SPRKPY1002","NotificationArgs":"pyspark.conf.SparkConf is not supported¢ConversionError¢NodeType: Snowflake.SnowConvert.Python.AST.PyImportFromDotName¢ParentFile: Sample_2. Pipeline Periodically - Mobility Trip.ipynb","FileId":"Sample_2. Pipeline Periodically - Mobility Trip.ipynb","ProjectId":"notebook","Line":"15","Column":"1"},{"Code":"SPRKPY1032","NotificationArgs":"pandas.__version__ is not defined¢ConversionError¢NodeType: Snowflake.SnowConvert.Python.AST.PyTailDotName¢ParentFile: Sample_3a. Pipeline Periodically - Tourism.ipynb","FileId":"Sample_3a. Pipeline Periodically - Tourism.ipynb","ProjectId":"notebook","Line":"23","Column":"22"},{"Code":"SPRKPY1032","NotificationArgs":"pandas.__version__ is not defined¢ConversionError¢NodeType: Snowflake.SnowConvert.Python.AST.PyTailDotName¢ParentFile: Sample_1. Pipeline Periodically - Usual Environment with Entropy.ipynb","FileId":"Sample_1. Pipeline Periodically - Usual Environment with Entropy.ipynb","ProjectId":"notebook","Line":"23","Column":"22"},{"Code":"SPRKPY1032","NotificationArgs":"pandas.__version__ is not defined¢ConversionError¢NodeType: Snowflake.SnowConvert.Python.AST.PyTailDotName¢ParentFile: Sample_2. Pipeline Periodically - Mobility Trip.ipynb","FileId":"Sample_2. Pipeline Periodically - Mobility Trip.ipynb","ProjectId":"notebook","Line":"23","Column":"22"},{"Code":"SPRKPY1032","NotificationArgs":"pyspark.version.__version__ is not defined¢ConversionError¢NodeType: Snowflake.SnowConvert.Python.AST.PyTailDotName¢ParentFile: Sample_1. Pipeline Periodically - Usual Environment with Entropy.ipynb","FileId":"Sample_1. Pipeline Periodically - Usual Environment with Entropy.ipynb","ProjectId":"notebook","Line":"25","Column":"28"},{"Code":"SPRKPY1032","NotificationArgs":"pyspark.version.__version__ is not defined¢ConversionError¢NodeType: Snowflake.SnowConvert.Python.AST.PyTailDotName¢ParentFile: Sample_2. Pipeline Periodically - Mobility Trip.ipynb","FileId":"Sample_2. Pipeline Periodically - Mobility Trip.ipynb","ProjectId":"notebook","Line":"25","Column":"28"},{"Code":"SPRKPY1032","NotificationArgs":"pyspark.version.__version__ is not defined¢ConversionError¢NodeType: Snowflake.SnowConvert.Python.AST.PyTailDotName¢ParentFile: Sample_3a. Pipeline Periodically - Tourism.ipynb","FileId":"Sample_3a. Pipeline Periodically - Tourism.ipynb","ProjectId":"notebook","Line":"25","Column":"28"},{"Code":"SPRKPY1002","NotificationArgs":"pyspark.conf.SparkConf is not supported¢ConversionError¢NodeType: Snowflake.SnowConvert.Python.AST.PyFuncCall¢ParentFile: Sample_3a. Pipeline Periodically - Tourism.ipynb","FileId":"Sample_3a. Pipeline Periodically - Tourism.ipynb","ProjectId":"notebook","Line":"8","Column":"5"},{"Code":"SPRKPY1002","NotificationArgs":"pyspark.conf.SparkConf is not supported¢ConversionError¢NodeType: Snowflake.SnowConvert.Python.AST.PyFuncCall¢ParentFile: Sample_1. Pipeline Periodically - Usual Environment with Entropy.ipynb","FileId":"Sample_1. Pipeline Periodically - Usual Environment with Entropy.ipynb","ProjectId":"notebook","Line":"8","Column":"5"},{"Code":"SPRKPY1002","NotificationArgs":"pyspark.conf.SparkConf is not supported¢ConversionError¢NodeType: Snowflake.SnowConvert.Python.AST.PyFuncCall¢ParentFile: Sample_2. Pipeline Periodically - Mobility Trip.ipynb","FileId":"Sample_2. Pipeline Periodically - Mobility Trip.ipynb","ProjectId":"notebook","Line":"8","Column":"5"},{"Code":"SPRKPY1002","NotificationArgs":"pyspark.conf.SparkConf.setMaster is not supported¢ConversionError¢NodeType: Snowflake.SnowConvert.Python.AST.PyFuncCall¢ParentFile: Sample_3a. Pipeline Periodically - Tourism.ipynb","FileId":"Sample_3a. Pipeline Periodically - Tourism.ipynb","ProjectId":"notebook","Line":"9","Column":"6"},{"Code":"SPRKPY1002","NotificationArgs":"pyspark.conf.SparkConf.setMaster is not supported¢ConversionError¢NodeType: Snowflake.SnowConvert.Python.AST.PyFuncCall¢ParentFile: Sample_1. Pipeline Periodically - Usual Environment with Entropy.ipynb","FileId":"Sample_1. Pipeline Periodically - Usual Environment with Entropy.ipynb","ProjectId":"notebook","Line":"9","Column":"6"},{"Code":"SPRKPY1002","NotificationArgs":"pyspark.conf.SparkConf.setMaster is not supported¢ConversionError¢NodeType: Snowflake.SnowConvert.Python.AST.PyFuncCall¢ParentFile: Sample_2. Pipeline Periodically - Mobility Trip.ipynb","FileId":"Sample_2. Pipeline Periodically - Mobility Trip.ipynb","ProjectId":"notebook","Line":"9","Column":"6"},{"Code":"SPRKPY1002","NotificationArgs":"pyspark.conf.SparkConf.setAppName is not supported¢ConversionError¢NodeType: Snowflake.SnowConvert.Python.AST.PyFuncCall¢ParentFile: Sample_3a. Pipeline Periodically - Tourism.ipynb","FileId":"Sample_3a. Pipeline Periodically - Tourism.ipynb","ProjectId":"notebook","Line":"10","Column":"6"},{"Code":"SPRKPY1002","NotificationArgs":"pyspark.conf.SparkConf.setAppName is not supported¢ConversionError¢NodeType: Snowflake.SnowConvert.Python.AST.PyFuncCall¢ParentFile: Sample_1. Pipeline Periodically - Usual Environment with Entropy.ipynb","FileId":"Sample_1. Pipeline Periodically - Usual Environment with Entropy.ipynb","ProjectId":"notebook","Line":"10","Column":"6"},{"Code":"SPRKPY1002","NotificationArgs":"pyspark.conf.SparkConf.setAppName is not supported¢ConversionError¢NodeType: Snowflake.SnowConvert.Python.AST.PyFuncCall¢ParentFile: Sample_2. Pipeline Periodically - Mobility Trip.ipynb","FileId":"Sample_2. Pipeline Periodically - Mobility Trip.ipynb","ProjectId":"notebook","Line":"10","Column":"6"},{"Code":"SPRKPY1002","NotificationArgs":"pyspark.conf.SparkConf.set is not supported¢ConversionError¢NodeType: Snowflake.SnowConvert.Python.AST.PyFuncCall¢ParentFile: Sample_3a. Pipeline Periodically - Tourism.ipynb","FileId":"Sample_3a. Pipeline Periodically - Tourism.ipynb","ProjectId":"notebook","Line":"11","Column":"6"},{"Code":"SPRKPY1002","NotificationArgs":"pyspark.conf.SparkConf.set is not supported¢ConversionError¢NodeType: Snowflake.SnowConvert.Python.AST.PyFuncCall¢ParentFile: Sample_1. Pipeline Periodically - Usual Environment with Entropy.ipynb","FileId":"Sample_1. Pipeline Periodically - Usual Environment with Entropy.ipynb","ProjectId":"notebook","Line":"11","Column":"6"},{"Code":"SPRKPY1002","NotificationArgs":"pyspark.conf.SparkConf.set is not supported¢ConversionError¢NodeType: Snowflake.SnowConvert.Python.AST.PyFuncCall¢ParentFile: Sample_2. Pipeline Periodically - Mobility Trip.ipynb","FileId":"Sample_2. Pipeline Periodically - Mobility Trip.ipynb","ProjectId":"notebook","Line":"11","Column":"6"},{"Code":"SPRKPY1002","NotificationArgs":"pyspark.conf.SparkConf.set is not supported¢ConversionError¢NodeType: Snowflake.SnowConvert.Python.AST.PyFuncCall¢ParentFile: Sample_3a. Pipeline Periodically - Tourism.ipynb","FileId":"Sample_3a. Pipeline Periodically - Tourism.ipynb","ProjectId":"notebook","Line":"12","Column":"6"},{"Code":"SPRKPY1002","NotificationArgs":"pyspark.conf.SparkConf.set is not supported¢ConversionError¢NodeType: Snowflake.SnowConvert.Python.AST.PyFuncCall¢ParentFile: Sample_1. Pipeline Periodically - Usual Environment with Entropy.ipynb","FileId":"Sample_1. Pipeline Periodically - Usual Environment with Entropy.ipynb","ProjectId":"notebook","Line":"12","Column":"6"},{"Code":"SPRKPY1002","NotificationArgs":"pyspark.conf.SparkConf.set is not supported¢ConversionError¢NodeType: Snowflake.SnowConvert.Python.AST.PyFuncCall¢ParentFile: Sample_2. Pipeline Periodically - Mobility Trip.ipynb","FileId":"Sample_2. Pipeline Periodically - Mobility Trip.ipynb","ProjectId":"notebook","Line":"12","Column":"6"},{"Code":"SPRKPY1002","NotificationArgs":"pyspark.conf.SparkConf.set is not supported¢ConversionError¢NodeType: Snowflake.SnowConvert.Python.AST.PyFuncCall¢ParentFile: Sample_3a. Pipeline Periodically - Tourism.ipynb","FileId":"Sample_3a. Pipeline Periodically - Tourism.ipynb","ProjectId":"notebook","Line":"13","Column":"6"},{"Code":"SPRKPY1002","NotificationArgs":"pyspark.conf.SparkConf.set is not supported¢ConversionError¢NodeType: Snowflake.SnowConvert.Python.AST.PyFuncCall¢ParentFile: Sample_1. Pipeline Periodically - Usual Environment with Entropy.ipynb","FileId":"Sample_1. Pipeline Periodically - Usual Environment with Entropy.ipynb","ProjectId":"notebook","Line":"13","Column":"6"},{"Code":"SPRKPY1002","NotificationArgs":"pyspark.conf.SparkConf.set is not supported¢ConversionError¢NodeType: Snowflake.SnowConvert.Python.AST.PyFuncCall¢ParentFile: Sample_2. Pipeline Periodically - Mobility Trip.ipynb","FileId":"Sample_2. Pipeline Periodically - Mobility Trip.ipynb","ProjectId":"notebook","Line":"13","Column":"6"},{"Code":"SPRKPY1002","NotificationArgs":"pyspark.conf.SparkConf.set is not supported¢ConversionError¢NodeType: Snowflake.SnowConvert.Python.AST.PyFuncCall¢ParentFile: Sample_3a. Pipeline Periodically - Tourism.ipynb","FileId":"Sample_3a. Pipeline Periodically - Tourism.ipynb","ProjectId":"notebook","Line":"14","Column":"6"},{"Code":"SPRKPY1002","NotificationArgs":"pyspark.conf.SparkConf.set is not supported¢ConversionError¢NodeType: Snowflake.SnowConvert.Python.AST.PyFuncCall¢ParentFile: Sample_1. Pipeline Periodically - Usual Environment with Entropy.ipynb","FileId":"Sample_1. Pipeline Periodically - Usual Environment with Entropy.ipynb","ProjectId":"notebook","Line":"14","Column":"6"},{"Code":"SPRKPY1002","NotificationArgs":"pyspark.conf.SparkConf.set is not supported¢ConversionError¢NodeType: Snowflake.SnowConvert.Python.AST.PyFuncCall¢ParentFile: Sample_2. Pipeline Periodically - Mobility Trip.ipynb","FileId":"Sample_2. Pipeline Periodically - Mobility Trip.ipynb","ProjectId":"notebook","Line":"14","Column":"6"},{"Code":"SPRKPY1002","NotificationArgs":"pyspark.conf.SparkConf.set is not supported¢ConversionError¢NodeType: Snowflake.SnowConvert.Python.AST.PyFuncCall¢ParentFile: Sample_3a. Pipeline Periodically - Tourism.ipynb","FileId":"Sample_3a. Pipeline Periodically - Tourism.ipynb","ProjectId":"notebook","Line":"15","Column":"6"},{"Code":"SPRKPY1002","NotificationArgs":"pyspark.conf.SparkConf.set is not supported¢ConversionError¢NodeType: Snowflake.SnowConvert.Python.AST.PyFuncCall¢ParentFile: Sample_2. Pipeline Periodically - Mobility Trip.ipynb","FileId":"Sample_2. Pipeline Periodically - Mobility Trip.ipynb","ProjectId":"notebook","Line":"15","Column":"6"},{"Code":"SPRKPY1002","NotificationArgs":"pyspark.conf.SparkConf.set is not supported¢ConversionError¢NodeType: Snowflake.SnowConvert.Python.AST.PyFuncCall¢ParentFile: Sample_1. Pipeline Periodically - Usual Environment with Entropy.ipynb","FileId":"Sample_1. Pipeline Periodically - Usual Environment with Entropy.ipynb","ProjectId":"notebook","Line":"15","Column":"6"},{"Code":"SPRKPY1002","NotificationArgs":"pyspark.conf.SparkConf.set is not supported¢ConversionError¢NodeType: Snowflake.SnowConvert.Python.AST.PyFuncCall¢ParentFile: Sample_3a. Pipeline Periodically - Tourism.ipynb","FileId":"Sample_3a. Pipeline Periodically - Tourism.ipynb","ProjectId":"notebook","Line":"16","Column":"6"},{"Code":"SPRKPY1002","NotificationArgs":"pyspark.conf.SparkConf.set is not supported¢ConversionError¢NodeType: Snowflake.SnowConvert.Python.AST.PyFuncCall¢ParentFile: Sample_2. Pipeline Periodically - Mobility Trip.ipynb","FileId":"Sample_2. Pipeline Periodically - Mobility Trip.ipynb","ProjectId":"notebook","Line":"16","Column":"6"},{"Code":"SPRKPY1002","NotificationArgs":"pyspark.conf.SparkConf.set is not supported¢ConversionError¢NodeType: Snowflake.SnowConvert.Python.AST.PyFuncCall¢ParentFile: Sample_1. Pipeline Periodically - Usual Environment with Entropy.ipynb","FileId":"Sample_1. Pipeline Periodically - Usual Environment with Entropy.ipynb","ProjectId":"notebook","Line":"16","Column":"6"},{"Code":"SPRKPY1002","NotificationArgs":"pyspark.conf.SparkConf.set is not supported¢ConversionError¢NodeType: Snowflake.SnowConvert.Python.AST.PyFuncCall¢ParentFile: Sample_3a. Pipeline Periodically - Tourism.ipynb","FileId":"Sample_3a. Pipeline Periodically - Tourism.ipynb","ProjectId":"notebook","Line":"17","Column":"6"},{"Code":"SPRKPY1002","NotificationArgs":"pyspark.conf.SparkConf.set is not supported¢ConversionError¢NodeType: Snowflake.SnowConvert.Python.AST.PyFuncCall¢ParentFile: Sample_2. Pipeline Periodically - Mobility Trip.ipynb","FileId":"Sample_2. Pipeline Periodically - Mobility Trip.ipynb","ProjectId":"notebook","Line":"17","Column":"6"},{"Code":"SPRKPY1002","NotificationArgs":"pyspark.conf.SparkConf.set is not supported¢ConversionError¢NodeType: Snowflake.SnowConvert.Python.AST.PyFuncCall¢ParentFile: Sample_3a. Pipeline Periodically - Tourism.ipynb","FileId":"Sample_3a. Pipeline Periodically - Tourism.ipynb","ProjectId":"notebook","Line":"21","Column":"6"},{"Code":"SPRKPY1002","NotificationArgs":"pyspark.conf.SparkConf.set is not supported¢ConversionError¢NodeType: Snowflake.SnowConvert.Python.AST.PyFuncCall¢ParentFile: Sample_1. Pipeline Periodically - Usual Environment with Entropy.ipynb","FileId":"Sample_1. Pipeline Periodically - Usual Environment with Entropy.ipynb","ProjectId":"notebook","Line":"17","Column":"6"},{"Code":"SPRKPY1060","NotificationArgs":"The authentication mechanism is connection.json (template provided).¢Warning¢NodeType: Snowflake.SnowConvert.Python.AST.PyPrimaryAtomElem¢ParentFile: Sample_3a. Pipeline Periodically - Tourism.ipynb","FileId":"Sample_3a. Pipeline Periodically - Tourism.ipynb","ProjectId":"notebook","Line":"0","Column":"0"},{"Code":"SPRKPY1002","NotificationArgs":"pyspark.conf.SparkConf.set is not supported¢ConversionError¢NodeType: Snowflake.SnowConvert.Python.AST.PyFuncCall¢ParentFile: Sample_2. Pipeline Periodically - Mobility Trip.ipynb","FileId":"Sample_2. Pipeline Periodically - Mobility Trip.ipynb","ProjectId":"notebook","Line":"18","Column":"6"},{"Code":"SPRKPY1002","NotificationArgs":"pyspark.conf.SparkConf.set is not supported¢ConversionError¢NodeType: Snowflake.SnowConvert.Python.AST.PyFuncCall¢ParentFile: Sample_1. Pipeline Periodically - Usual Environment with Entropy.ipynb","FileId":"Sample_1. Pipeline Periodically - Usual Environment with Entropy.ipynb","ProjectId":"notebook","Line":"18","Column":"6"},{"Code":"SPRKPY1002","NotificationArgs":"pyspark.conf.SparkConf.set is not supported¢ConversionError¢NodeType: Snowflake.SnowConvert.Python.AST.PyFuncCall¢ParentFile: Sample_2. Pipeline Periodically - Mobility Trip.ipynb","FileId":"Sample_2. Pipeline Periodically - Mobility Trip.ipynb","ProjectId":"notebook","Line":"22","Column":"6"},{"Code":"SPRKPY1060","NotificationArgs":"The authentication mechanism is connection.json (template provided).¢Warning¢NodeType: Snowflake.SnowConvert.Python.AST.PyPrimaryAtomElem¢ParentFile: Sample_2. Pipeline Periodically - Mobility Trip.ipynb","FileId":"Sample_2. Pipeline Periodically - Mobility Trip.ipynb","ProjectId":"notebook","Line":"0","Column":"0"},{"Code":"SPRKPY1002","NotificationArgs":"pyspark.conf.SparkConf.set is not supported¢ConversionError¢NodeType: Snowflake.SnowConvert.Python.AST.PyFuncCall¢ParentFile: Sample_1. Pipeline Periodically - Usual Environment with Entropy.ipynb","FileId":"Sample_1. Pipeline Periodically - Usual Environment with Entropy.ipynb","ProjectId":"notebook","Line":"22","Column":"6"},{"Code":"SPRKPY1060","NotificationArgs":"The authentication mechanism is connection.json (template provided).¢Warning¢NodeType: Snowflake.SnowConvert.Python.AST.PyPrimaryAtomElem¢ParentFile: Sample_1. Pipeline Periodically - Usual Environment with Entropy.ipynb","FileId":"Sample_1. Pipeline Periodically - Usual Environment with Entropy.ipynb","ProjectId":"notebook","Line":"0","Column":"0"},{"Code":"SPRKPY1080","NotificationArgs":"The value of SparkContext is replaced with 'session' variable.¢Warning¢NodeType: Snowflake.SnowConvert.Python.AST.PyAtomName¢ParentFile: Sample_3a. Pipeline Periodically - Tourism.ipynb","FileId":"Sample_3a. Pipeline Periodically - Tourism.ipynb","ProjectId":"notebook","Line":"1","Column":"6"},{"Code":"SPRKPY1080","NotificationArgs":"The value of SparkContext is replaced with 'session' variable.¢Warning¢NodeType: Snowflake.SnowConvert.Python.AST.PyAtomName¢ParentFile: Sample_1. Pipeline Periodically - Usual Environment with Entropy.ipynb","FileId":"Sample_1. Pipeline Periodically - Usual Environment with Entropy.ipynb","ProjectId":"notebook","Line":"1","Column":"6"},{"Code":"SPRKPY1080","NotificationArgs":"The value of SparkContext is replaced with 'session' variable.¢Warning¢NodeType: Snowflake.SnowConvert.Python.AST.PyAtomName¢ParentFile: Sample_2. Pipeline Periodically - Mobility Trip.ipynb","FileId":"Sample_2. Pipeline Periodically - Mobility Trip.ipynb","ProjectId":"notebook","Line":"1","Column":"6"},{"Code":"SPRKPY1080","NotificationArgs":"The value of SparkContext is replaced with 'session' variable.¢Warning¢NodeType: Snowflake.SnowConvert.Python.AST.PyFuncCall¢ParentFile: Sample_1. Pipeline Periodically - Usual Environment with Entropy.ipynb","FileId":"Sample_1. Pipeline Periodically - Usual Environment with Entropy.ipynb","ProjectId":"notebook","Line":"1","Column":"19"},{"Code":"SPRKPY1080","NotificationArgs":"The value of SparkContext is replaced with 'session' variable.¢Warning¢NodeType: Snowflake.SnowConvert.Python.AST.PyFuncCall¢ParentFile: Sample_3a. Pipeline Periodically - Tourism.ipynb","FileId":"Sample_3a. Pipeline Periodically - Tourism.ipynb","ProjectId":"notebook","Line":"1","Column":"19"},{"Code":"SPRKPY1080","NotificationArgs":"The value of SparkContext is replaced with 'session' variable.¢Warning¢NodeType: Snowflake.SnowConvert.Python.AST.PyFuncCall¢ParentFile: Sample_2. Pipeline Periodically - Mobility Trip.ipynb","FileId":"Sample_2. Pipeline Periodically - Mobility Trip.ipynb","ProjectId":"notebook","Line":"1","Column":"19"},{"Code":"SPRKPY1073","NotificationArgs":"pyspark.sql.functions.udf function without the return type parameter is not supported. See documentation for more info.¢Warning¢NodeType: Snowflake.SnowConvert.Python.AST.PyFuncCall¢ParentFile: Sample_2. Pipeline Periodically - Mobility Trip.ipynb","FileId":"Sample_2. Pipeline Periodically - Mobility Trip.ipynb","ProjectId":"notebook","Line":"25","Column":"15"},{"Code":"SPRKPY1073","NotificationArgs":"pyspark.sql.functions.udf function without the return type parameter is not supported. See documentation for more info.¢Warning¢NodeType: Snowflake.SnowConvert.Python.AST.PyFuncCall¢ParentFile: Sample_3a. Pipeline Periodically - Tourism.ipynb","FileId":"Sample_3a. Pipeline Periodically - Tourism.ipynb","ProjectId":"notebook","Line":"25","Column":"15"},{"Code":"SPRKPY1002","NotificationArgs":"pyspark.sql.functions.format_string is not supported¢ConversionError¢NodeType: Snowflake.SnowConvert.Python.AST.PyFuncCall¢ParentFile: Sample_2. Pipeline Periodically - Mobility Trip.ipynb","FileId":"Sample_2. Pipeline Periodically - Mobility Trip.ipynb","ProjectId":"notebook","Line":"40","Column":"46"},{"Code":"SPRKPY1002","NotificationArgs":"pyspark.sql.functions.format_string is not supported¢ConversionError¢NodeType: Snowflake.SnowConvert.Python.AST.PyFuncCall¢ParentFile: Sample_1. Pipeline Periodically - Usual Environment with Entropy.ipynb","FileId":"Sample_1. Pipeline Periodically - Usual Environment with Entropy.ipynb","ProjectId":"notebook","Line":"52","Column":"48"},{"Code":"SPRKPY1091","NotificationArgs":"The _concat_ws_ignore_nulls function converts column aliases to uppercase and encloses them in double quotes.¢Warning¢NodeType: Snowflake.SnowConvert.Python.AST.PyFuncCall¢ParentFile: Sample_1. Pipeline Periodically - Usual Environment with Entropy.ipynb","FileId":"Sample_1. Pipeline Periodically - Usual Environment with Entropy.ipynb","ProjectId":"notebook","Line":"95","Column":"51"},{"Code":"SPRKPY1073","NotificationArgs":"pyspark.sql.functions.udf function without the return type parameter is not supported. See documentation for more info.¢Warning¢NodeType: Snowflake.SnowConvert.Python.AST.PyFuncCall¢ParentFile: Sample_1. Pipeline Periodically - Usual Environment with Entropy.ipynb","FileId":"Sample_1. Pipeline Periodically - Usual Environment with Entropy.ipynb","ProjectId":"notebook","Line":"2","Column":"15"},{"Code":"PNDSPY1002","NotificationArgs":"pandas.core.indexes.datetimes.date_range has a partial mapping, with few scenarios not supported in Snowpark. Check Snowpark Pandas documentation for more detail.¢Warning¢NodeType: Snowflake.SnowConvert.Python.AST.PyFuncCall¢ParentFile: Sample_1. Pipeline Periodically - Usual Environment with Entropy.ipynb","FileId":"Sample_1. Pipeline Periodically - Usual Environment with Entropy.ipynb","ProjectId":"notebook","Line":"1","Column":"16"},{"Code":"SPRKPY1077","NotificationArgs":"SQL embedded code cannot be processed.¢Warning¢NodeType: Snowflake.SnowConvert.Python.AST.PyFuncCall¢ParentFile: Sample_1. Pipeline Periodically - Usual Environment with Entropy.ipynb","FileId":"Sample_1. Pipeline Periodically - Usual Environment with Entropy.ipynb","ProjectId":"notebook","Line":"2","Column":"7"},{"Code":"SPRKPY1068","NotificationArgs":"\"pyspark.sql.dataframe.DataFrame.toPandas is not supported if there are columns of type ArrayType, but it has a workaround. See documentation for more info.\"¢Warning¢NodeType: Snowflake.SnowConvert.Python.AST.PyFuncCall¢ParentFile: Sample_1. Pipeline Periodically - Usual Environment with Entropy.ipynb","FileId":"Sample_1. Pipeline Periodically - Usual Environment with Entropy.ipynb","ProjectId":"notebook","Line":"2","Column":"14"},{"Code":"SPRKPY1068","NotificationArgs":"\"pyspark.sql.dataframe.DataFrame.toPandas is not supported if there are columns of type ArrayType, but it has a workaround. See documentation for more info.\"¢Warning¢NodeType: Snowflake.SnowConvert.Python.AST.PyFuncCall¢ParentFile: Sample_1. Pipeline Periodically - Usual Environment with Entropy.ipynb","FileId":"Sample_1. Pipeline Periodically - Usual Environment with Entropy.ipynb","ProjectId":"notebook","Line":"1","Column":"73"},{"Code":"PNDSPY1002","NotificationArgs":"pandas.core.indexes.datetimes.date_range has a partial mapping, with few scenarios not supported in Snowpark. Check Snowpark Pandas documentation for more detail.¢Warning¢NodeType: Snowflake.SnowConvert.Python.AST.PyFuncCall¢ParentFile: Sample_1. Pipeline Periodically - Usual Environment with Entropy.ipynb","FileId":"Sample_1. Pipeline Periodically - Usual Environment with Entropy.ipynb","ProjectId":"notebook","Line":"1","Column":"17"},{"Code":"PNDSPY1003","NotificationArgs":"pandas.core.indexes.datetimes.DatetimeIndex.days_in_month is not recognized, Pandas element is not recognized yet.¢ConversionError¢NodeType: Snowflake.SnowConvert.Python.AST.PyTailDotName¢ParentFile: Sample_1. Pipeline Periodically - Usual Environment with Entropy.ipynb","FileId":"Sample_1. Pipeline Periodically - Usual Environment with Entropy.ipynb","ProjectId":"notebook","Line":"7","Column":"52"},{"Code":"SPRKPY1068","NotificationArgs":"\"pyspark.sql.dataframe.DataFrame.toPandas is not supported if there are columns of type ArrayType, but it has a workaround. See documentation for more info.\"¢Warning¢NodeType: Snowflake.SnowConvert.Python.AST.PyFuncCall¢ParentFile: Sample_1. Pipeline Periodically - Usual Environment with Entropy.ipynb","FileId":"Sample_1. Pipeline Periodically - Usual Environment with Entropy.ipynb","ProjectId":"notebook","Line":"1","Column":"22"},{"Code":"SPRKPY1077","NotificationArgs":"SQL embedded code cannot be processed.¢Warning¢NodeType: Snowflake.SnowConvert.Python.AST.PyFuncCall¢ParentFile: Sample_1. Pipeline Periodically - Usual Environment with Entropy.ipynb","FileId":"Sample_1. Pipeline Periodically - Usual Environment with Entropy.ipynb","ProjectId":"notebook","Line":"2","Column":"7"},{"Code":"SPRKPY1068","NotificationArgs":"\"pyspark.sql.dataframe.DataFrame.toPandas is not supported if there are columns of type ArrayType, but it has a workaround. See documentation for more info.\"¢Warning¢NodeType: Snowflake.SnowConvert.Python.AST.PyFuncCall¢ParentFile: Sample_1. Pipeline Periodically - Usual Environment with Entropy.ipynb","FileId":"Sample_1. Pipeline Periodically - Usual Environment with Entropy.ipynb","ProjectId":"notebook","Line":"2","Column":"14"},{"Code":"SPRKPY1068","NotificationArgs":"\"pyspark.sql.dataframe.DataFrame.toPandas is not supported if there are columns of type ArrayType, but it has a workaround. See documentation for more info.\"¢Warning¢NodeType: Snowflake.SnowConvert.Python.AST.PyFuncCall¢ParentFile: Sample_1. Pipeline Periodically - Usual Environment with Entropy.ipynb","FileId":"Sample_1. Pipeline Periodically - Usual Environment with Entropy.ipynb","ProjectId":"notebook","Line":"4","Column":"3"},{"Code":"PNDSPY1002","NotificationArgs":"pandas.core.frame.DataFrame.sort_values has a partial mapping, with few scenarios not supported in Snowpark. Check Snowpark Pandas documentation for more detail.¢Warning¢NodeType: Snowflake.SnowConvert.Python.AST.PyFuncCall¢ParentFile: Sample_1. Pipeline Periodically - Usual Environment with Entropy.ipynb","FileId":"Sample_1. Pipeline Periodically - Usual Environment with Entropy.ipynb","ProjectId":"notebook","Line":"4","Column":"14"},{"Code":"SPRKPY1068","NotificationArgs":"\"pyspark.sql.dataframe.DataFrame.toPandas is not supported if there are columns of type ArrayType, but it has a workaround. See documentation for more info.\"¢Warning¢NodeType: Snowflake.SnowConvert.Python.AST.PyFuncCall¢ParentFile: Sample_1. Pipeline Periodically - Usual Environment with Entropy.ipynb","FileId":"Sample_1. Pipeline Periodically - Usual Environment with Entropy.ipynb","ProjectId":"notebook","Line":"1","Column":"25"},{"Code":"SPRKPY1068","NotificationArgs":"\"pyspark.sql.dataframe.DataFrame.toPandas is not supported if there are columns of type ArrayType, but it has a workaround. See documentation for more info.\"¢Warning¢NodeType: Snowflake.SnowConvert.Python.AST.PyFuncCall¢ParentFile: Sample_1. Pipeline Periodically - Usual Environment with Entropy.ipynb","FileId":"Sample_1. Pipeline Periodically - Usual Environment with Entropy.ipynb","ProjectId":"notebook","Line":"4","Column":"3"},{"Code":"PNDSPY1003","NotificationArgs":"pandas.io.parsers.readers.TextFileReader.select is not recognized, Pandas element is not recognized yet.¢ConversionError¢NodeType: Snowflake.SnowConvert.Python.AST.PyFuncCall¢ParentFile: Sample_3a. Pipeline Periodically - Tourism.ipynb","FileId":"Sample_3a. Pipeline Periodically - Tourism.ipynb","ProjectId":"notebook","Line":"196","Column":"40"},{"Code":"PNDSPY1002","NotificationArgs":"pandas.core.frame.DataFrame.sort_values has a partial mapping, with few scenarios not supported in Snowpark. Check Snowpark Pandas documentation for more detail.¢Warning¢NodeType: Snowflake.SnowConvert.Python.AST.PyFuncCall¢ParentFile: Sample_1. Pipeline Periodically - Usual Environment with Entropy.ipynb","FileId":"Sample_1. Pipeline Periodically - Usual Environment with Entropy.ipynb","ProjectId":"notebook","Line":"4","Column":"14"},{"Code":"PNDSPY1003","NotificationArgs":"pandas.io.parsers.readers.TextFileReader.select is not recognized, Pandas element is not recognized yet.¢ConversionError¢NodeType: Snowflake.SnowConvert.Python.AST.PyFuncCall¢ParentFile: Sample_3a. Pipeline Periodically - Tourism.ipynb","FileId":"Sample_3a. Pipeline Periodically - Tourism.ipynb","ProjectId":"notebook","Line":"200","Column":"42"},{"Code":"SPRKPY1002","NotificationArgs":"pyspark.sql.functions.format_string is not supported¢ConversionError¢NodeType: Snowflake.SnowConvert.Python.AST.PyFuncCall¢ParentFile: Sample_3a. Pipeline Periodically - Tourism.ipynb","FileId":"Sample_3a. Pipeline Periodically - Tourism.ipynb","ProjectId":"notebook","Line":"233","Column":"56"},{"Code":"SPRKPY1077","NotificationArgs":"SQL embedded code cannot be processed.¢Warning¢NodeType: Snowflake.SnowConvert.Python.AST.PyFuncCall¢ParentFile: Sample_3a. Pipeline Periodically - Tourism.ipynb","FileId":"Sample_3a. Pipeline Periodically - Tourism.ipynb","ProjectId":"notebook","Line":"2","Column":"7"},{"Code":"SPRKPY1068","NotificationArgs":"\"pyspark.sql.dataframe.DataFrame.toPandas is not supported if there are columns of type ArrayType, but it has a workaround. See documentation for more info.\"¢Warning¢NodeType: Snowflake.SnowConvert.Python.AST.PyFuncCall¢ParentFile: Sample_3a. Pipeline Periodically - Tourism.ipynb","FileId":"Sample_3a. Pipeline Periodically - Tourism.ipynb","ProjectId":"notebook","Line":"2","Column":"14"},{"Code":"SPRKPY1068","NotificationArgs":"\"pyspark.sql.dataframe.DataFrame.toPandas is not supported if there are columns of type ArrayType, but it has a workaround. See documentation for more info.\"¢Warning¢NodeType: Snowflake.SnowConvert.Python.AST.PyFuncCall¢ParentFile: Sample_3a. Pipeline Periodically - Tourism.ipynb","FileId":"Sample_3a. Pipeline Periodically - Tourism.ipynb","ProjectId":"notebook","Line":"6","Column":"3"},{"Code":"PNDSPY1002","NotificationArgs":"pandas.core.frame.DataFrame.sort_values has a partial mapping, with few scenarios not supported in Snowpark. Check Snowpark Pandas documentation for more detail.¢Warning¢NodeType: Snowflake.SnowConvert.Python.AST.PyFuncCall¢ParentFile: Sample_3a. Pipeline Periodically - Tourism.ipynb","FileId":"Sample_3a. Pipeline Periodically - Tourism.ipynb","ProjectId":"notebook","Line":"1","Column":"5"},{"Code":"SPRKPY1068","NotificationArgs":"\"pyspark.sql.dataframe.DataFrame.toPandas is not supported if there are columns of type ArrayType, but it has a workaround. See documentation for more info.\"¢Warning¢NodeType: Snowflake.SnowConvert.Python.AST.PyFuncCall¢ParentFile: Sample_3a. Pipeline Periodically - Tourism.ipynb","FileId":"Sample_3a. Pipeline Periodically - Tourism.ipynb","ProjectId":"notebook","Line":"5","Column":"3"},{"Code":"PNDSPY1002","NotificationArgs":"pandas.core.frame.DataFrame.sort_values has a partial mapping, with few scenarios not supported in Snowpark. Check Snowpark Pandas documentation for more detail.¢Warning¢NodeType: Snowflake.SnowConvert.Python.AST.PyFuncCall¢ParentFile: Sample_3a. Pipeline Periodically - Tourism.ipynb","FileId":"Sample_3a. Pipeline Periodically - Tourism.ipynb","ProjectId":"notebook","Line":"1","Column":"5"},{"Code":"SPRKPY1002","NotificationArgs":"pyspark.sql.functions.format_string is not supported¢ConversionError¢NodeType: Snowflake.SnowConvert.Python.AST.PyFuncCall¢ParentFile: Sample_2. Pipeline Periodically - Mobility Trip.ipynb","FileId":"Sample_2. Pipeline Periodically - Mobility Trip.ipynb","ProjectId":"notebook","Line":"94","Column":"46"},{"Code":"PNDSPY1003","NotificationArgs":"pandas.io.parsers.readers.TextFileReader.withColumnRenamed is not recognized, Pandas element is not recognized yet.¢ConversionError¢NodeType: Snowflake.SnowConvert.Python.AST.PyFuncCall¢ParentFile: Sample_2. Pipeline Periodically - Mobility Trip.ipynb","FileId":"Sample_2. Pipeline Periodically - Mobility Trip.ipynb","ProjectId":"notebook","Line":"103","Column":"12"},{"Code":"PNDSPY1003","NotificationArgs":"pandas.io.parsers.readers.TextFileReader.withColumnRenamed.select is not recognized, Pandas element is not recognized yet.¢ConversionError¢NodeType: Snowflake.SnowConvert.Python.AST.PyFuncCall¢ParentFile: Sample_2. Pipeline Periodically - Mobility Trip.ipynb","FileId":"Sample_2. Pipeline Periodically - Mobility Trip.ipynb","ProjectId":"notebook","Line":"104","Column":"12"},{"Code":"PNDSPY1003","NotificationArgs":"pandas.io.parsers.readers.TextFileReader.withColumn is not recognized, Pandas element is not recognized yet.¢ConversionError¢NodeType: Snowflake.SnowConvert.Python.AST.PyFuncCall¢ParentFile: Sample_2. Pipeline Periodically - Mobility Trip.ipynb","FileId":"Sample_2. Pipeline Periodically - Mobility Trip.ipynb","ProjectId":"notebook","Line":"106","Column":"19"},{"Code":"PNDSPY1003","NotificationArgs":"pandas.io.parsers.readers.TextFileReader.withColumn is not recognized, Pandas element is not recognized yet.¢ConversionError¢NodeType: Snowflake.SnowConvert.Python.AST.PyFuncCall¢ParentFile: Sample_2. Pipeline Periodically - Mobility Trip.ipynb","FileId":"Sample_2. Pipeline Periodically - Mobility Trip.ipynb","ProjectId":"notebook","Line":"109","Column":"15"},{"Code":"PNDSPY1003","NotificationArgs":"pandas.io.parsers.readers.TextFileReader.withColumn is not recognized, Pandas element is not recognized yet.¢ConversionError¢NodeType: Snowflake.SnowConvert.Python.AST.PyFuncCall¢ParentFile: Sample_2. Pipeline Periodically - Mobility Trip.ipynb","FileId":"Sample_2. Pipeline Periodically - Mobility Trip.ipynb","ProjectId":"notebook","Line":"116","Column":"18"},{"Code":"PNDSPY1003","NotificationArgs":"pandas.io.parsers.readers.TextFileReader.withColumn.withColumn is not recognized, Pandas element is not recognized yet.¢ConversionError¢NodeType: Snowflake.SnowConvert.Python.AST.PyFuncCall¢ParentFile: Sample_2. Pipeline Periodically - Mobility Trip.ipynb","FileId":"Sample_2. Pipeline Periodically - Mobility Trip.ipynb","ProjectId":"notebook","Line":"117","Column":"18"},{"Code":"SPRKPY1091","NotificationArgs":"The _concat_ws_ignore_nulls function converts column aliases to uppercase and encloses them in double quotes.¢Warning¢NodeType: Snowflake.SnowConvert.Python.AST.PyFuncCall¢ParentFile: Sample_2. Pipeline Periodically - Mobility Trip.ipynb","FileId":"Sample_2. Pipeline Periodically - Mobility Trip.ipynb","ProjectId":"notebook","Line":"118","Column":"40"},{"Code":"PNDSPY1003","NotificationArgs":"pandas.io.parsers.readers.TextFileReader.withColumn.withColumn.withColumn is not recognized, Pandas element is not recognized yet.¢ConversionError¢NodeType: Snowflake.SnowConvert.Python.AST.PyFuncCall¢ParentFile: Sample_2. Pipeline Periodically - Mobility Trip.ipynb","FileId":"Sample_2. Pipeline Periodically - Mobility Trip.ipynb","ProjectId":"notebook","Line":"118","Column":"18"},{"Code":"SPRKPY1091","NotificationArgs":"The _concat_ws_ignore_nulls function converts column aliases to uppercase and encloses them in double quotes.¢Warning¢NodeType: Snowflake.SnowConvert.Python.AST.PyFuncCall¢ParentFile: Sample_2. Pipeline Periodically - Mobility Trip.ipynb","FileId":"Sample_2. Pipeline Periodically - Mobility Trip.ipynb","ProjectId":"notebook","Line":"119","Column":"40"},{"Code":"PNDSPY1003","NotificationArgs":"pandas.io.parsers.readers.TextFileReader.withColumn.withColumn.withColumn.withColumn is not recognized, Pandas element is not recognized yet.¢ConversionError¢NodeType: Snowflake.SnowConvert.Python.AST.PyFuncCall¢ParentFile: Sample_2. Pipeline Periodically - Mobility Trip.ipynb","FileId":"Sample_2. Pipeline Periodically - Mobility Trip.ipynb","ProjectId":"notebook","Line":"119","Column":"18"},{"Code":"PNDSPY1003","NotificationArgs":"pandas.io.parsers.readers.TextFileReader.select is not recognized, Pandas element is not recognized yet.¢ConversionError¢NodeType: Snowflake.SnowConvert.Python.AST.PyFuncCall¢ParentFile: Sample_2. Pipeline Periodically - Mobility Trip.ipynb","FileId":"Sample_2. Pipeline Periodically - Mobility Trip.ipynb","ProjectId":"notebook","Line":"142","Column":"27"},{"Code":"PNDSPY1003","NotificationArgs":"pandas.io.parsers.readers.TextFileReader.idkec is not recognized, Pandas element is not recognized yet.¢ConversionError¢NodeType: Snowflake.SnowConvert.Python.AST.PyTailDotName¢ParentFile: Sample_2. Pipeline Periodically - Mobility Trip.ipynb","FileId":"Sample_2. Pipeline Periodically - Mobility Trip.ipynb","ProjectId":"notebook","Line":"143","Column":"48"},{"Code":"SPRKPY1077","NotificationArgs":"SQL embedded code cannot be processed.¢Warning¢NodeType: Snowflake.SnowConvert.Python.AST.PyFuncCall¢ParentFile: Sample_2. Pipeline Periodically - Mobility Trip.ipynb","FileId":"Sample_2. Pipeline Periodically - Mobility Trip.ipynb","ProjectId":"notebook","Line":"2","Column":"7"},{"Code":"SPRKPY1068","NotificationArgs":"\"pyspark.sql.dataframe.DataFrame.toPandas is not supported if there are columns of type ArrayType, but it has a workaround. See documentation for more info.\"¢Warning¢NodeType: Snowflake.SnowConvert.Python.AST.PyFuncCall¢ParentFile: Sample_2. Pipeline Periodically - Mobility Trip.ipynb","FileId":"Sample_2. Pipeline Periodically - Mobility Trip.ipynb","ProjectId":"notebook","Line":"2","Column":"14"},{"Code":"SPRKPY1068","NotificationArgs":"\"pyspark.sql.dataframe.DataFrame.toPandas is not supported if there are columns of type ArrayType, but it has a workaround. See documentation for more info.\"¢Warning¢NodeType: Snowflake.SnowConvert.Python.AST.PyFuncCall¢ParentFile: Sample_2. Pipeline Periodically - Mobility Trip.ipynb","FileId":"Sample_2. Pipeline Periodically - Mobility Trip.ipynb","ProjectId":"notebook","Line":"3","Column":"14"}]