[{"Element":"pandas","ProjectId":"notebook","FileId":"Sample_3a. Pipeline Periodically - Tourism.ipynb","Count":"1","Alias":"pandas","Kind":"Module","Line":"2","PackageName":"notebook.Sample_3a. Pipeline Periodically - Tourism","Supported":"True","Automated":"True","Status":"Direct","Statement":"import pandas","SessionId":"0f552bec-ad97-4d62-8e6b-5f58f82cb32c","SnowConvertCoreVersion":"8.00.019","PandasVersion":"2.01.004","CellId":"2","ExecutionId":"a1cbc006-17c0-4db1-a282-bccf0e51f12f","ParametersInfo":"","Technology":"Python"},{"Element":"pandas","ProjectId":"notebook","FileId":"Sample_1. Pipeline Periodically - Usual Environment with Entropy.ipynb","Count":"1","Alias":"","Kind":"Module","Line":"15","PackageName":"notebook.Sample_1. Pipeline Periodically - Usual Environment with Entropy","Supported":"True","Automated":"True","Status":"Direct","Statement":"pd.set_option('display.max_columns', 50)","SessionId":"0f552bec-ad97-4d62-8e6b-5f58f82cb32c","SnowConvertCoreVersion":"8.00.019","PandasVersion":"2.01.004","CellId":"4","ExecutionId":"a1cbc006-17c0-4db1-a282-bccf0e51f12f","ParametersInfo":"","Technology":"Python"},{"Element":"pandas","ProjectId":"notebook","FileId":"Sample_2. Pipeline Periodically - Mobility Trip.ipynb","Count":"1","Alias":"","Kind":"Module","Line":"15","PackageName":"notebook.Sample_2. Pipeline Periodically - Mobility Trip","Supported":"True","Automated":"True","Status":"Direct","Statement":"pd.set_option('display.max_columns', 50)","SessionId":"0f552bec-ad97-4d62-8e6b-5f58f82cb32c","SnowConvertCoreVersion":"8.00.019","PandasVersion":"2.01.004","CellId":"4","ExecutionId":"a1cbc006-17c0-4db1-a282-bccf0e51f12f","ParametersInfo":"","Technology":"Python"},{"Element":"pandas.core.indexes.datetimes.date_range","ProjectId":"notebook","FileId":"Sample_1. Pipeline Periodically - Usual Environment with Entropy.ipynb","Count":"1","Alias":"","Kind":"Function","Line":"1","PackageName":"notebook.Sample_1. Pipeline Periodically - Usual Environment with Entropy","Supported":"True","Automated":"True","Status":"Partial","Statement":"pd.date_range('2024-05', '2024-11', freq = 'MS')","SessionId":"0f552bec-ad97-4d62-8e6b-5f58f82cb32c","SnowConvertCoreVersion":"8.00.019","PandasVersion":"2.01.004","CellId":"27","ExecutionId":"a1cbc006-17c0-4db1-a282-bccf0e51f12f","ParametersInfo":"[{\"ParamName\":\"str\",\"ParamType\":\"str\",\"IsRegex\":\"True\"},{\"ParamName\":\"str\",\"ParamType\":\"str\",\"IsRegex\":\"True\"},{\"ParamName\":\"freq\",\"ParamType\":\"str\",\"IsRegex\":\"False\"}]","Technology":"Python"},{"Element":"pandas.io.parsers.readers.read_csv","ProjectId":"notebook","FileId":"Sample_2. Pipeline Periodically - Mobility Trip.ipynb","Count":"1","Alias":"","Kind":"Function","Line":"14","PackageName":"notebook.Sample_2. Pipeline Periodically - Mobility Trip","Supported":"True","Automated":"True","Status":"Direct","Statement":"pd.read_csv('data/lau_ref.csv')","SessionId":"0f552bec-ad97-4d62-8e6b-5f58f82cb32c","SnowConvertCoreVersion":"8.00.019","PandasVersion":"2.01.004","CellId":"15","ExecutionId":"a1cbc006-17c0-4db1-a282-bccf0e51f12f","ParametersInfo":"[{\"ParamName\":\"str\",\"ParamType\":\"str\",\"IsRegex\":\"True\"}]","Technology":"Python"},{"Element":"pandas","ProjectId":"notebook","FileId":"Sample_1. Pipeline Periodically - Usual Environment with Entropy.ipynb","Count":"1","Alias":"","Kind":"Module","Line":"1","PackageName":"notebook.Sample_1. Pipeline Periodically - Usual Environment with Entropy","Supported":"True","Automated":"True","Status":"Direct","Statement":"pd.date_range('2024-05', '2024-11', freq = 'MS')","SessionId":"0f552bec-ad97-4d62-8e6b-5f58f82cb32c","SnowConvertCoreVersion":"8.00.019","PandasVersion":"2.01.004","CellId":"27","ExecutionId":"a1cbc006-17c0-4db1-a282-bccf0e51f12f","ParametersInfo":"","Technology":"Python"},{"Element":"pandas.__version__","ProjectId":"notebook","FileId":"Sample_3a. Pipeline Periodically - Tourism.ipynb","Count":"1","Alias":"","Kind":"Variable","Line":"23","PackageName":"notebook.Sample_3a. Pipeline Periodically - Tourism","Supported":"False","Automated":"False","Status":"NotDefined","Statement":"pd.__version__","SessionId":"0f552bec-ad97-4d62-8e6b-5f58f82cb32c","SnowConvertCoreVersion":"8.00.019","PandasVersion":"2.01.004","CellId":"5","ExecutionId":"a1cbc006-17c0-4db1-a282-bccf0e51f12f","ParametersInfo":"","Technology":"Python"},{"Element":"pandas","ProjectId":"notebook","FileId":"Sample_3a. Pipeline Periodically - Tourism.ipynb","Count":"1","Alias":"","Kind":"Module","Line":"14","PackageName":"notebook.Sample_3a. Pipeline Periodically - Tourism","Supported":"True","Automated":"True","Status":"Direct","Statement":"pd.set_option('display.max_rows', 100)","SessionId":"0f552bec-ad97-4d62-8e6b-5f58f82cb32c","SnowConvertCoreVersion":"8.00.019","PandasVersion":"2.01.004","CellId":"4","ExecutionId":"a1cbc006-17c0-4db1-a282-bccf0e51f12f","ParametersInfo":"","Technology":"Python"},{"Element":"pandas","ProjectId":"notebook","FileId":"Sample_2. Pipeline Periodically - Mobility Trip.ipynb","Count":"1","Alias":"","Kind":"Module","Line":"11","PackageName":"notebook.Sample_2. Pipeline Periodically - Mobility Trip","Supported":"True","Automated":"True","Status":"Direct","Statement":"pd.read_csv('data/jak_poi.csv')","SessionId":"0f552bec-ad97-4d62-8e6b-5f58f82cb32c","SnowConvertCoreVersion":"8.00.019","PandasVersion":"2.01.004","CellId":"15","ExecutionId":"a1cbc006-17c0-4db1-a282-bccf0e51f12f","ParametersInfo":"","Technology":"Python"},{"Element":"pandas.io.parsers.readers.read_csv","ProjectId":"notebook","FileId":"Sample_2. Pipeline Periodically - Mobility Trip.ipynb","Count":"1","Alias":"","Kind":"Function","Line":"8","PackageName":"notebook.Sample_2. Pipeline Periodically - Mobility Trip","Supported":"True","Automated":"True","Status":"Direct","Statement":"pd.read_csv('data/jak_zone.csv')","SessionId":"0f552bec-ad97-4d62-8e6b-5f58f82cb32c","SnowConvertCoreVersion":"8.00.019","PandasVersion":"2.01.004","CellId":"15","ExecutionId":"a1cbc006-17c0-4db1-a282-bccf0e51f12f","ParametersInfo":"[{\"ParamName\":\"str\",\"ParamType\":\"str\",\"IsRegex\":\"True\"}]","Technology":"Python"},{"Element":"pandas.__version__","ProjectId":"notebook","FileId":"Sample_3a. Pipeline Periodically - Tourism.ipynb","Count":"1","Alias":"","Kind":"Variable","Line":"2","PackageName":"notebook.Sample_3a. Pipeline Periodically - Tourism","Supported":"False","Automated":"False","Status":"NotDefined","Statement":"pandas.__version__","SessionId":"0f552bec-ad97-4d62-8e6b-5f58f82cb32c","SnowConvertCoreVersion":"8.00.019","PandasVersion":"2.01.004","CellId":"3","ExecutionId":"a1cbc006-17c0-4db1-a282-bccf0e51f12f","ParametersInfo":"","Technology":"Python"},{"Element":"pandas","ProjectId":"notebook","FileId":"Sample_1. Pipeline Periodically - Usual Environment with Entropy.ipynb","Count":"1","Alias":"pandas","Kind":"Module","Line":"2","PackageName":"notebook.Sample_1. Pipeline Periodically - Usual Environment with Entropy","Supported":"True","Automated":"True","Status":"Direct","Statement":"import pandas","SessionId":"0f552bec-ad97-4d62-8e6b-5f58f82cb32c","SnowConvertCoreVersion":"8.00.019","PandasVersion":"2.01.004","CellId":"2","ExecutionId":"a1cbc006-17c0-4db1-a282-bccf0e51f12f","ParametersInfo":"","Technology":"Python"},{"Element":"pandas","ProjectId":"notebook","FileId":"Sample_1. Pipeline Periodically - Usual Environment with Entropy.ipynb","Count":"1","Alias":"","Kind":"Module","Line":"1","PackageName":"notebook.Sample_1. Pipeline Periodically - Usual Environment with Entropy","Supported":"True","Automated":"True","Status":"Direct","Statement":"pd.date_range('2024-04', '2024-11', freq = 'MS')","SessionId":"0f552bec-ad97-4d62-8e6b-5f58f82cb32c","SnowConvertCoreVersion":"8.00.019","PandasVersion":"2.01.004","CellId":"16","ExecutionId":"a1cbc006-17c0-4db1-a282-bccf0e51f12f","ParametersInfo":"","Technology":"Python"},{"Element":"pandas","ProjectId":"notebook","FileId":"Sample_2. Pipeline Periodically - Mobility Trip.ipynb","Count":"1","Alias":"pandas","Kind":"Module","Line":"2","PackageName":"notebook.Sample_2. Pipeline Periodically - Mobility Trip","Supported":"True","Automated":"True","Status":"Direct","Statement":"import pandas","SessionId":"0f552bec-ad97-4d62-8e6b-5f58f82cb32c","SnowConvertCoreVersion":"8.00.019","PandasVersion":"2.01.004","CellId":"2","ExecutionId":"a1cbc006-17c0-4db1-a282-bccf0e51f12f","ParametersInfo":"","Technology":"Python"},{"Element":"pandas","ProjectId":"notebook","FileId":"Sample_3a. Pipeline Periodically - Tourism.ipynb","Count":"1","Alias":"","Kind":"Module","Line":"23","PackageName":"notebook.Sample_3a. Pipeline Periodically - Tourism","Supported":"True","Automated":"True","Status":"Direct","Statement":"pd.__version__","SessionId":"0f552bec-ad97-4d62-8e6b-5f58f82cb32c","SnowConvertCoreVersion":"8.00.019","PandasVersion":"2.01.004","CellId":"5","ExecutionId":"a1cbc006-17c0-4db1-a282-bccf0e51f12f","ParametersInfo":"","Technology":"Python"},{"Element":"pandas.io.parsers.readers.read_csv","ProjectId":"notebook","FileId":"Sample_2. Pipeline Periodically - Mobility Trip.ipynb","Count":"1","Alias":"","Kind":"Function","Line":"17","PackageName":"notebook.Sample_2. Pipeline Periodically - Mobility Trip","Supported":"True","Automated":"True","Status":"Direct","Statement":"pd.read_csv('data/event.csv')","SessionId":"0f552bec-ad97-4d62-8e6b-5f58f82cb32c","SnowConvertCoreVersion":"8.00.019","PandasVersion":"2.01.004","CellId":"15","ExecutionId":"a1cbc006-17c0-4db1-a282-bccf0e51f12f","ParametersInfo":"[{\"ParamName\":\"str\",\"ParamType\":\"str\",\"IsRegex\":\"True\"}]","Technology":"Python"},{"Element":"pandas","ProjectId":"notebook","FileId":"Sample_1. Pipeline Periodically - Usual Environment with Entropy.ipynb","Count":"1","Alias":"pd","Kind":"Module","Line":"10","PackageName":"notebook.Sample_1. Pipeline Periodically - Usual Environment with Entropy","Supported":"True","Automated":"True","Status":"Direct","Statement":"import pandas as pd","SessionId":"0f552bec-ad97-4d62-8e6b-5f58f82cb32c","SnowConvertCoreVersion":"8.00.019","PandasVersion":"2.01.004","CellId":"5","ExecutionId":"a1cbc006-17c0-4db1-a282-bccf0e51f12f","ParametersInfo":"","Technology":"Python"},{"Element":"pandas","ProjectId":"notebook","FileId":"Sample_2. Pipeline Periodically - Mobility Trip.ipynb","Count":"1","Alias":"pd","Kind":"Module","Line":"10","PackageName":"notebook.Sample_2. Pipeline Periodically - Mobility Trip","Supported":"True","Automated":"True","Status":"Direct","Statement":"import pandas as pd","SessionId":"0f552bec-ad97-4d62-8e6b-5f58f82cb32c","SnowConvertCoreVersion":"8.00.019","PandasVersion":"2.01.004","CellId":"5","ExecutionId":"a1cbc006-17c0-4db1-a282-bccf0e51f12f","ParametersInfo":"","Technology":"Python"},{"Element":"pandas","ProjectId":"notebook","FileId":"Sample_3a. Pipeline Periodically - Tourism.ipynb","Count":"1","Alias":"","Kind":"Module","Line":"2","PackageName":"notebook.Sample_3a. Pipeline Periodically - Tourism","Supported":"True","Automated":"True","Status":"Direct","Statement":"pandas.__version__","SessionId":"0f552bec-ad97-4d62-8e6b-5f58f82cb32c","SnowConvertCoreVersion":"8.00.019","PandasVersion":"2.01.004","CellId":"3","ExecutionId":"a1cbc006-17c0-4db1-a282-bccf0e51f12f","ParametersInfo":"","Technology":"Python"},{"Element":"pandas.core.frame.DataFrame.tail","ProjectId":"notebook","FileId":"Sample_3a. Pipeline Periodically - Tourism.ipynb","Count":"1","Alias":"","Kind":"Function","Line":"2","PackageName":"notebook.Sample_3a. Pipeline Periodically - Tourism","Supported":"True","Automated":"True","Status":"Direct","Statement":"spark.sql(q).toPandas().tail(11)","SessionId":"0f552bec-ad97-4d62-8e6b-5f58f82cb32c","SnowConvertCoreVersion":"8.00.019","PandasVersion":"2.01.004","CellId":"20","ExecutionId":"a1cbc006-17c0-4db1-a282-bccf0e51f12f","ParametersInfo":"[{\"ParamName\":\"int\",\"ParamType\":\"int\"}]","Technology":"Python"},{"Element":"pandas.__version__","ProjectId":"notebook","FileId":"Sample_1. Pipeline Periodically - Usual Environment with Entropy.ipynb","Count":"1","Alias":"","Kind":"Variable","Line":"23","PackageName":"notebook.Sample_1. Pipeline Periodically - Usual Environment with Entropy","Supported":"False","Automated":"False","Status":"NotDefined","Statement":"pd.__version__","SessionId":"0f552bec-ad97-4d62-8e6b-5f58f82cb32c","SnowConvertCoreVersion":"8.00.019","PandasVersion":"2.01.004","CellId":"5","ExecutionId":"a1cbc006-17c0-4db1-a282-bccf0e51f12f","ParametersInfo":"","Technology":"Python"},{"Element":"pandas.io.parsers.readers.read_csv","ProjectId":"notebook","FileId":"Sample_2. Pipeline Periodically - Mobility Trip.ipynb","Count":"1","Alias":"","Kind":"Function","Line":"20","PackageName":"notebook.Sample_2. Pipeline Periodically - Mobility Trip","Supported":"True","Automated":"True","Status":"Direct","Statement":"pd.read_csv('data/cfd.csv')","SessionId":"0f552bec-ad97-4d62-8e6b-5f58f82cb32c","SnowConvertCoreVersion":"8.00.019","PandasVersion":"2.01.004","CellId":"15","ExecutionId":"a1cbc006-17c0-4db1-a282-bccf0e51f12f","ParametersInfo":"[{\"ParamName\":\"str\",\"ParamType\":\"str\",\"IsRegex\":\"True\"}]","Technology":"Python"},{"Element":"pandas.__version__","ProjectId":"notebook","FileId":"Sample_2. Pipeline Periodically - Mobility Trip.ipynb","Count":"1","Alias":"","Kind":"Variable","Line":"23","PackageName":"notebook.Sample_2. Pipeline Periodically - Mobility Trip","Supported":"False","Automated":"False","Status":"NotDefined","Statement":"pd.__version__","SessionId":"0f552bec-ad97-4d62-8e6b-5f58f82cb32c","SnowConvertCoreVersion":"8.00.019","PandasVersion":"2.01.004","CellId":"5","ExecutionId":"a1cbc006-17c0-4db1-a282-bccf0e51f12f","ParametersInfo":"","Technology":"Python"},{"Element":"pandas.io.parsers.readers.read_csv","ProjectId":"notebook","FileId":"Sample_3a. Pipeline Periodically - Tourism.ipynb","Count":"1","Alias":"","Kind":"Function","Line":"5","PackageName":"notebook.Sample_3a. Pipeline Periodically - Tourism","Supported":"True","Automated":"True","Status":"Direct","Statement":"pd.read_csv('data/jak_zone.csv')","SessionId":"0f552bec-ad97-4d62-8e6b-5f58f82cb32c","SnowConvertCoreVersion":"8.00.019","PandasVersion":"2.01.004","CellId":"14","ExecutionId":"a1cbc006-17c0-4db1-a282-bccf0e51f12f","ParametersInfo":"[{\"ParamName\":\"str\",\"ParamType\":\"str\",\"IsRegex\":\"True\"}]","Technology":"Python"},{"Element":"pandas","ProjectId":"notebook","FileId":"Sample_1. Pipeline Periodically - Usual Environment with Entropy.ipynb","Count":"1","Alias":"","Kind":"Module","Line":"14","PackageName":"notebook.Sample_1. Pipeline Periodically - Usual Environment with Entropy","Supported":"True","Automated":"True","Status":"Direct","Statement":"pd.set_option('display.max_rows', 100)","SessionId":"0f552bec-ad97-4d62-8e6b-5f58f82cb32c","SnowConvertCoreVersion":"8.00.019","PandasVersion":"2.01.004","CellId":"4","ExecutionId":"a1cbc006-17c0-4db1-a282-bccf0e51f12f","ParametersInfo":"","Technology":"Python"},{"Element":"pandas.__version__","ProjectId":"notebook","FileId":"Sample_1. Pipeline Periodically - Usual Environment with Entropy.ipynb","Count":"1","Alias":"","Kind":"Variable","Line":"2","PackageName":"notebook.Sample_1. Pipeline Periodically - Usual Environment with Entropy","Supported":"False","Automated":"False","Status":"NotDefined","Statement":"pandas.__version__","SessionId":"0f552bec-ad97-4d62-8e6b-5f58f82cb32c","SnowConvertCoreVersion":"8.00.019","PandasVersion":"2.01.004","CellId":"3","ExecutionId":"a1cbc006-17c0-4db1-a282-bccf0e51f12f","ParametersInfo":"","Technology":"Python"},{"Element":"pandas","ProjectId":"notebook","FileId":"Sample_3a. Pipeline Periodically - Tourism.ipynb","Count":"1","Alias":"pd","Kind":"Module","Line":"4","PackageName":"notebook.Sample_3a. Pipeline Periodically - Tourism","Supported":"True","Automated":"True","Status":"Direct","Statement":"import pandas as pd","SessionId":"0f552bec-ad97-4d62-8e6b-5f58f82cb32c","SnowConvertCoreVersion":"8.00.019","PandasVersion":"2.01.004","CellId":"4","ExecutionId":"a1cbc006-17c0-4db1-a282-bccf0e51f12f","ParametersInfo":"","Technology":"Python"},{"Element":"pandas","ProjectId":"notebook","FileId":"Sample_2. Pipeline Periodically - Mobility Trip.ipynb","Count":"1","Alias":"","Kind":"Module","Line":"14","PackageName":"notebook.Sample_2. Pipeline Periodically - Mobility Trip","Supported":"True","Automated":"True","Status":"Direct","Statement":"pd.set_option('display.max_rows', 100)","SessionId":"0f552bec-ad97-4d62-8e6b-5f58f82cb32c","SnowConvertCoreVersion":"8.00.019","PandasVersion":"2.01.004","CellId":"4","ExecutionId":"a1cbc006-17c0-4db1-a282-bccf0e51f12f","ParametersInfo":"","Technology":"Python"},{"Element":"pandas.__version__","ProjectId":"notebook","FileId":"Sample_2. Pipeline Periodically - Mobility Trip.ipynb","Count":"1","Alias":"","Kind":"Variable","Line":"2","PackageName":"notebook.Sample_2. Pipeline Periodically - Mobility Trip","Supported":"False","Automated":"False","Status":"NotDefined","Statement":"pandas.__version__","SessionId":"0f552bec-ad97-4d62-8e6b-5f58f82cb32c","SnowConvertCoreVersion":"8.00.019","PandasVersion":"2.01.004","CellId":"3","ExecutionId":"a1cbc006-17c0-4db1-a282-bccf0e51f12f","ParametersInfo":"","Technology":"Python"},{"Element":"pandas.core.frame.DataFrame.sort_values","ProjectId":"notebook","FileId":"Sample_1. Pipeline Periodically - Usual Environment with Entropy.ipynb","Count":"1","Alias":"","Kind":"Function","Line":"4","PackageName":"notebook.Sample_1. Pipeline Periodically - Usual Environment with Entropy","Supported":"True","Automated":"True","Status":"Partial","Statement":"ue_monthly.groupBy('month').agg(F.count('msisdn').alias('num_row'), F.countDistinct('msisdn').alias('num_msisdn')).toPandas().sort_values('month')","SessionId":"0f552bec-ad97-4d62-8e6b-5f58f82cb32c","SnowConvertCoreVersion":"8.00.019","PandasVersion":"2.01.004","CellId":"33","ExecutionId":"a1cbc006-17c0-4db1-a282-bccf0e51f12f","ParametersInfo":"[{\"ParamName\":\"str\",\"ParamType\":\"str\",\"IsRegex\":\"False\"}]","Technology":"Python"},{"Element":"pandas","ProjectId":"notebook","FileId":"Sample_3a. Pipeline Periodically - Tourism.ipynb","Count":"1","Alias":"pd","Kind":"Module","Line":"10","PackageName":"notebook.Sample_3a. Pipeline Periodically - Tourism","Supported":"True","Automated":"True","Status":"Direct","Statement":"import pandas as pd","SessionId":"0f552bec-ad97-4d62-8e6b-5f58f82cb32c","SnowConvertCoreVersion":"8.00.019","PandasVersion":"2.01.004","CellId":"5","ExecutionId":"a1cbc006-17c0-4db1-a282-bccf0e51f12f","ParametersInfo":"","Technology":"Python"},{"Element":"pandas.core.frame.DataFrame.sort_values","ProjectId":"notebook","FileId":"Sample_1. Pipeline Periodically - Usual Environment with Entropy.ipynb","Count":"1","Alias":"","Kind":"Function","Line":"4","PackageName":"notebook.Sample_1. Pipeline Periodically - Usual Environment with Entropy","Supported":"True","Automated":"True","Status":"Partial","Statement":"ue_semesterly.groupBy('event_month').agg(F.count('msisdn').alias('num_row'), F.countDistinct('msisdn').alias('num_msisdn')).toPandas().sort_values('event_month')","SessionId":"0f552bec-ad97-4d62-8e6b-5f58f82cb32c","SnowConvertCoreVersion":"8.00.019","PandasVersion":"2.01.004","CellId":"38","ExecutionId":"a1cbc006-17c0-4db1-a282-bccf0e51f12f","ParametersInfo":"[{\"ParamName\":\"str\",\"ParamType\":\"str\",\"IsRegex\":\"True\"}]","Technology":"Python"},{"Element":"pandas","ProjectId":"notebook","FileId":"Sample_2. Pipeline Periodically - Mobility Trip.ipynb","Count":"1","Alias":"","Kind":"Module","Line":"14","PackageName":"notebook.Sample_2. Pipeline Periodically - Mobility Trip","Supported":"True","Automated":"True","Status":"Direct","Statement":"pd.read_csv('data/lau_ref.csv')","SessionId":"0f552bec-ad97-4d62-8e6b-5f58f82cb32c","SnowConvertCoreVersion":"8.00.019","PandasVersion":"2.01.004","CellId":"15","ExecutionId":"a1cbc006-17c0-4db1-a282-bccf0e51f12f","ParametersInfo":"","Technology":"Python"},{"Element":"pandas","ProjectId":"notebook","FileId":"Sample_1. Pipeline Periodically - Usual Environment with Entropy.ipynb","Count":"1","Alias":"","Kind":"Module","Line":"23","PackageName":"notebook.Sample_1. Pipeline Periodically - Usual Environment with Entropy","Supported":"True","Automated":"True","Status":"Direct","Statement":"pd.__version__","SessionId":"0f552bec-ad97-4d62-8e6b-5f58f82cb32c","SnowConvertCoreVersion":"8.00.019","PandasVersion":"2.01.004","CellId":"5","ExecutionId":"a1cbc006-17c0-4db1-a282-bccf0e51f12f","ParametersInfo":"","Technology":"Python"},{"Element":"pandas","ProjectId":"notebook","FileId":"Sample_2. Pipeline Periodically - Mobility Trip.ipynb","Count":"1","Alias":"","Kind":"Module","Line":"23","PackageName":"notebook.Sample_2. Pipeline Periodically - Mobility Trip","Supported":"True","Automated":"True","Status":"Direct","Statement":"pd.__version__","SessionId":"0f552bec-ad97-4d62-8e6b-5f58f82cb32c","SnowConvertCoreVersion":"8.00.019","PandasVersion":"2.01.004","CellId":"5","ExecutionId":"a1cbc006-17c0-4db1-a282-bccf0e51f12f","ParametersInfo":"","Technology":"Python"},{"Element":"pandas","ProjectId":"notebook","FileId":"Sample_1. Pipeline Periodically - Usual Environment with Entropy.ipynb","Count":"1","Alias":"","Kind":"Module","Line":"2","PackageName":"notebook.Sample_1. Pipeline Periodically - Usual Environment with Entropy","Supported":"True","Automated":"True","Status":"Direct","Statement":"pandas.__version__","SessionId":"0f552bec-ad97-4d62-8e6b-5f58f82cb32c","SnowConvertCoreVersion":"8.00.019","PandasVersion":"2.01.004","CellId":"3","ExecutionId":"a1cbc006-17c0-4db1-a282-bccf0e51f12f","ParametersInfo":"","Technology":"Python"},{"Element":"pandas","ProjectId":"notebook","FileId":"Sample_2. Pipeline Periodically - Mobility Trip.ipynb","Count":"1","Alias":"","Kind":"Module","Line":"8","PackageName":"notebook.Sample_2. Pipeline Periodically - Mobility Trip","Supported":"True","Automated":"True","Status":"Direct","Statement":"pd.read_csv('data/jak_zone.csv')","SessionId":"0f552bec-ad97-4d62-8e6b-5f58f82cb32c","SnowConvertCoreVersion":"8.00.019","PandasVersion":"2.01.004","CellId":"15","ExecutionId":"a1cbc006-17c0-4db1-a282-bccf0e51f12f","ParametersInfo":"","Technology":"Python"},{"Element":"pandas","ProjectId":"notebook","FileId":"Sample_2. Pipeline Periodically - Mobility Trip.ipynb","Count":"1","Alias":"","Kind":"Module","Line":"2","PackageName":"notebook.Sample_2. Pipeline Periodically - Mobility Trip","Supported":"True","Automated":"True","Status":"Direct","Statement":"pandas.__version__","SessionId":"0f552bec-ad97-4d62-8e6b-5f58f82cb32c","SnowConvertCoreVersion":"8.00.019","PandasVersion":"2.01.004","CellId":"3","ExecutionId":"a1cbc006-17c0-4db1-a282-bccf0e51f12f","ParametersInfo":"","Technology":"Python"},{"Element":"pandas.core.frame.DataFrame.sort_values","ProjectId":"notebook","FileId":"Sample_3a. Pipeline Periodically - Tourism.ipynb","Count":"1","Alias":"","Kind":"Function","Line":"1","PackageName":"notebook.Sample_3a. Pipeline Periodically - Tourism","Supported":"True","Automated":"True","Status":"Partial","Statement":"cek.sort_values('event_month')","SessionId":"0f552bec-ad97-4d62-8e6b-5f58f82cb32c","SnowConvertCoreVersion":"8.00.019","PandasVersion":"2.01.004","CellId":"26","ExecutionId":"a1cbc006-17c0-4db1-a282-bccf0e51f12f","ParametersInfo":"[{\"ParamName\":\"str\",\"ParamType\":\"str\",\"IsRegex\":\"True\"}]","Technology":"Python"},{"Element":"pandas.core.indexes.datetimes.date_range","ProjectId":"notebook","FileId":"Sample_1. Pipeline Periodically - Usual Environment with Entropy.ipynb","Count":"1","Alias":"","Kind":"Function","Line":"1","PackageName":"notebook.Sample_1. Pipeline Periodically - Usual Environment with Entropy","Supported":"True","Automated":"True","Status":"Partial","Statement":"pd.date_range('2024-04', '2024-11', freq = 'MS')","SessionId":"0f552bec-ad97-4d62-8e6b-5f58f82cb32c","SnowConvertCoreVersion":"8.00.019","PandasVersion":"2.01.004","CellId":"16","ExecutionId":"a1cbc006-17c0-4db1-a282-bccf0e51f12f","ParametersInfo":"[{\"ParamName\":\"str\",\"ParamType\":\"str\",\"IsRegex\":\"True\"},{\"ParamName\":\"str\",\"ParamType\":\"str\",\"IsRegex\":\"True\"},{\"ParamName\":\"freq\",\"ParamType\":\"str\",\"IsRegex\":\"False\"}]","Technology":"Python"},{"Element":"pandas","ProjectId":"notebook","FileId":"Sample_1. Pipeline Periodically - Usual Environment with Entropy.ipynb","Count":"1","Alias":"pd","Kind":"Module","Line":"4","PackageName":"notebook.Sample_1. Pipeline Periodically - Usual Environment with Entropy","Supported":"True","Automated":"True","Status":"Direct","Statement":"import pandas as pd","SessionId":"0f552bec-ad97-4d62-8e6b-5f58f82cb32c","SnowConvertCoreVersion":"8.00.019","PandasVersion":"2.01.004","CellId":"4","ExecutionId":"a1cbc006-17c0-4db1-a282-bccf0e51f12f","ParametersInfo":"","Technology":"Python"},{"Element":"pandas","ProjectId":"notebook","FileId":"Sample_3a. Pipeline Periodically - Tourism.ipynb","Count":"1","Alias":"","Kind":"Module","Line":"15","PackageName":"notebook.Sample_3a. Pipeline Periodically - Tourism","Supported":"True","Automated":"True","Status":"Direct","Statement":"pd.set_option('display.max_columns', 50)","SessionId":"0f552bec-ad97-4d62-8e6b-5f58f82cb32c","SnowConvertCoreVersion":"8.00.019","PandasVersion":"2.01.004","CellId":"4","ExecutionId":"a1cbc006-17c0-4db1-a282-bccf0e51f12f","ParametersInfo":"","Technology":"Python"},{"Element":"pandas","ProjectId":"notebook","FileId":"Sample_2. Pipeline Periodically - Mobility Trip.ipynb","Count":"1","Alias":"","Kind":"Module","Line":"17","PackageName":"notebook.Sample_2. Pipeline Periodically - Mobility Trip","Supported":"True","Automated":"True","Status":"Direct","Statement":"pd.read_csv('data/event.csv')","SessionId":"0f552bec-ad97-4d62-8e6b-5f58f82cb32c","SnowConvertCoreVersion":"8.00.019","PandasVersion":"2.01.004","CellId":"15","ExecutionId":"a1cbc006-17c0-4db1-a282-bccf0e51f12f","ParametersInfo":"","Technology":"Python"},{"Element":"pandas","ProjectId":"notebook","FileId":"Sample_2. Pipeline Periodically - Mobility Trip.ipynb","Count":"1","Alias":"pd","Kind":"Module","Line":"4","PackageName":"notebook.Sample_2. Pipeline Periodically - Mobility Trip","Supported":"True","Automated":"True","Status":"Direct","Statement":"import pandas as pd","SessionId":"0f552bec-ad97-4d62-8e6b-5f58f82cb32c","SnowConvertCoreVersion":"8.00.019","PandasVersion":"2.01.004","CellId":"4","ExecutionId":"a1cbc006-17c0-4db1-a282-bccf0e51f12f","ParametersInfo":"","Technology":"Python"},{"Element":"pandas.core.frame.DataFrame.sort_values","ProjectId":"notebook","FileId":"Sample_3a. Pipeline Periodically - Tourism.ipynb","Count":"1","Alias":"","Kind":"Function","Line":"1","PackageName":"notebook.Sample_3a. Pipeline Periodically - Tourism","Supported":"True","Automated":"True","Status":"Partial","Statement":"cek.sort_values('event_month')","SessionId":"0f552bec-ad97-4d62-8e6b-5f58f82cb32c","SnowConvertCoreVersion":"8.00.019","PandasVersion":"2.01.004","CellId":"23","ExecutionId":"a1cbc006-17c0-4db1-a282-bccf0e51f12f","ParametersInfo":"[{\"ParamName\":\"str\",\"ParamType\":\"str\",\"IsRegex\":\"True\"}]","Technology":"Python"},{"Element":"pandas.io.parsers.readers.read_csv","ProjectId":"notebook","FileId":"Sample_2. Pipeline Periodically - Mobility Trip.ipynb","Count":"1","Alias":"","Kind":"Function","Line":"11","PackageName":"notebook.Sample_2. Pipeline Periodically - Mobility Trip","Supported":"True","Automated":"True","Status":"Direct","Statement":"pd.read_csv('data/jak_poi.csv')","SessionId":"0f552bec-ad97-4d62-8e6b-5f58f82cb32c","SnowConvertCoreVersion":"8.00.019","PandasVersion":"2.01.004","CellId":"15","ExecutionId":"a1cbc006-17c0-4db1-a282-bccf0e51f12f","ParametersInfo":"[{\"ParamName\":\"str\",\"ParamType\":\"str\",\"IsRegex\":\"True\"}]","Technology":"Python"},{"Element":"pandas","ProjectId":"notebook","FileId":"Sample_2. Pipeline Periodically - Mobility Trip.ipynb","Count":"1","Alias":"","Kind":"Module","Line":"20","PackageName":"notebook.Sample_2. Pipeline Periodically - Mobility Trip","Supported":"True","Automated":"True","Status":"Direct","Statement":"pd.read_csv('data/cfd.csv')","SessionId":"0f552bec-ad97-4d62-8e6b-5f58f82cb32c","SnowConvertCoreVersion":"8.00.019","PandasVersion":"2.01.004","CellId":"15","ExecutionId":"a1cbc006-17c0-4db1-a282-bccf0e51f12f","ParametersInfo":"","Technology":"Python"},{"Element":"pandas","ProjectId":"notebook","FileId":"Sample_3a. Pipeline Periodically - Tourism.ipynb","Count":"1","Alias":"","Kind":"Module","Line":"5","PackageName":"notebook.Sample_3a. Pipeline Periodically - Tourism","Supported":"True","Automated":"True","Status":"Direct","Statement":"pd.read_csv('data/jak_zone.csv')","SessionId":"0f552bec-ad97-4d62-8e6b-5f58f82cb32c","SnowConvertCoreVersion":"8.00.019","PandasVersion":"2.01.004","CellId":"14","ExecutionId":"a1cbc006-17c0-4db1-a282-bccf0e51f12f","ParametersInfo":"","Technology":"Python"}]