[{"Element":"q","ProjectId":"notebook","FileId":"Sample_3a. Pipeline Periodically - Tourism.ipynb","Count":"1","ExecutionId":"a1cbc006-17c0-4db1-a282-bccf0e51f12f","LibraryName":"pyspark.sql.session.SparkSession.sql","HasLiteral":"False","HasVariable":"True","HasFunction":"False","ParsingStatus":"Failed","HasInterpolation":"False","CellId":"20","Line":"2","Column":"7"},{"Element":"q","ProjectId":"notebook","FileId":"Sample_1. Pipeline Periodically - Usual Environment with Entropy.ipynb","Count":"1","ExecutionId":"a1cbc006-17c0-4db1-a282-bccf0e51f12f","LibraryName":"pyspark.sql.session.SparkSession.sql","HasLiteral":"False","HasVariable":"True","HasFunction":"False","ParsingStatus":"Failed","HasInterpolation":"False","CellId":"32","Line":"2","Column":"7"},{"Element":"q","ProjectId":"notebook","FileId":"Sample_1. Pipeline Periodically - Usual Environment with Entropy.ipynb","Count":"1","ExecutionId":"a1cbc006-17c0-4db1-a282-bccf0e51f12f","LibraryName":"pyspark.sql.session.SparkSession.sql","HasLiteral":"False","HasVariable":"True","HasFunction":"False","ParsingStatus":"Failed","HasInterpolation":"False","CellId":"17","Line":"2","Column":"7"},{"Element":"q","ProjectId":"notebook","FileId":"Sample_2. Pipeline Periodically - Mobility Trip.ipynb","Count":"1","ExecutionId":"a1cbc006-17c0-4db1-a282-bccf0e51f12f","LibraryName":"pyspark.sql.session.SparkSession.sql","HasLiteral":"False","HasVariable":"True","HasFunction":"False","ParsingStatus":"Failed","HasInterpolation":"False","CellId":"22","Line":"2","Column":"7"}]